StrandDiameter,Strands,A,AirGap,B,C,Current,D,E,Frequency,phi_A,phi_B,Turns,StrandedLossAC,CoreLoss,L,CoreType
0.156,60,26.5,1.569,24.8,16.1,5.17,19.0,15.5,145,12.0,22.5,29,12212.5008349085,1837.38,108.586911059588,PQ26/25
0.077,500,40.5,1.336,30.3,20.0,2.41,28.0,28.0,600,14.9,37.0,16,2223.11133698754,1942.54,57.407741174274996,PQ40/30
0.107,250,26.5,1.427,24.8,16.1,6.61,19.0,15.5,307,12.0,22.5,13,7408.834541586521,2096.55,23.5600610482135,PQ26/25
0.078,80,20.5,2.482,16.2,10.3,3.71,14.0,12.5,585,8.8,18.0,21,3403.14212738871,727.087,22.2061344388029,PQ20/16
0.08,50,20.5,1.423,16.2,10.3,0.65,14.0,12.5,551,8.8,18.0,62,1820.30764271136,382.121,306.29189715969204,PQ20/16
0.191,30,40.5,0.554,30.3,20.0,0.96,28.0,28.0,97,14.9,37.0,68,1663.46707653354,1870.7,2141.9612541851097,PQ40/30
0.083,150,40.5,1.958,39.8,29.5,8.2,28.0,28.0,511,14.9,37.0,7,893.390848541548,2665.12,8.36181919116825,PQ40/40
0.096,50,20.5,2.455,16.2,10.3,3.6,14.0,12.5,383,8.8,18.0,43,16145.597995876098,2105.76,94.0002723232286,PQ20/16
0.152,40,50.0,2.027,50.0,36.1,18.46,32.5,31.5,153,20.0,44.0,10,6326.11334997266,10731.3,27.4581292781906,PQ50/50
0.079,600,26.5,1.781,24.8,16.1,5.24,19.0,15.5,562,12.0,22.5,10,4847.38542877707,1059.61,11.639106880999,PQ26/25
0.118,120,26.5,0.741,20.2,11.5,2.12,19.0,15.5,252,12.0,22.5,22,2349.86672769849,931.944,114.41491098046001,PQ26/20
0.11,40,26.5,2.109,20.2,11.5,1.74,19.0,15.5,290,12.0,22.5,78,20292.5681294769,1983.06,595.395875851343,PQ26/20
0.095,200,50.0,1.875,40.0,26.1,1.81,32.0,31.5,393,20.0,44.0,63,28242.380770234,15555.6,1134.76137418539,PQ50/40
0.097,350,107.0,0.552,87.0,56.0,1.91,70.0,72.5,51,41.0,93.7,33,171.140611439817,7499.33,3323.81748228742,PQ107/87
0.082,350,26.5,2.353,20.2,11.5,6.83,19.0,15.5,519,12.0,22.5,11,7361.0457797887,945.855,10.7977300549371,PQ26/20
0.146,150,35.1,1.012,34.8,25.0,4.32,26.0,23.5,166,14.3,32.0,20,4048.18957810357,3071.82,104.350188935445,PQ35/35
0.106,500,40.5,1.582,39.8,29.5,5.73,28.0,28.0,317,14.9,37.0,16,9110.51239834672,5867.13,51.3974140223249,PQ40/40
0.2,200,50.0,0.614,40.0,26.1,6.45,32.0,31.5,83,20.0,44.0,12,2327.00637665803,3676.67,104.811556648924,PQ50/40
0.099,150,32.0,2.169,20.5,11.5,5.12,22.0,19.0,362,13.4,27.5,26,23222.2175906246,3487.12,80.3578392621793,PQ32/20
0.087,200,16.4,0.718,11.6,6.7,2.89,11.2,9.6,468,7.0,14.4,7,317.409229394238,91.0377,4.47002470772985,PQ16/11.6
0.097,80,20.5,0.891,20.2,14.3,1.94,14.0,12.5,374,8.8,18.0,26,1634.07220500516,1243.31,80.5593014405887,PQ20/20
0.138,30,40.5,0.846,39.8,29.5,4.79,28.0,28.0,186,14.9,37.0,15,913.788805156663,4192.8,73.8417979373316,PQ40/40
0.107,350,35.1,2.431,34.8,25.0,11.92,26.0,23.5,310,14.3,32.0,13,18118.507081914602,7624.79,22.2015141091865,PQ35/35
0.2,60,107.0,0.883,87.0,56.0,9.87,70.0,72.5,57,41.0,93.7,11,1452.34298366912,13009.4,245.588612535225,PQ107/87
0.154,10,20.5,0.493,16.2,10.3,0.65,14.0,12.5,149,8.8,18.0,72,660.312050276742,507.907,989.789835556429,PQ20/16
0.176,30,32.0,1.339,30.4,21.3,2.6,22.0,19.0,114,13.4,27.5,45,4367.04442344581,1373.3,371.255861204765,PQ32/30
0.101,180,50.0,2.453,50.0,36.1,2.14,32.5,31.5,345,20.0,44.0,66,30872.2872858194,16208.6,1030.03614334413,PQ50/50
0.106,350,32.0,1.774,20.5,11.5,7.74,22.0,19.0,317,13.4,27.5,13,16203.430347057001,2042.6799999999998,23.725632854083,PQ32/20
0.087,40,16.4,0.76,11.6,6.7,1.08,11.2,9.6,462,7.0,14.4,20,222.527683278378,93.8113,34.8115543855001,PQ16/11.6
0.098,350,50.0,2.437,50.0,36.1,7.12,32.5,31.5,367,20.0,44.0,21,21763.9967489043,21470.1,104.817173849766,PQ50/50
0.148,100,26.5,1.2,20.2,11.5,5.88,19.0,15.5,161,12.0,22.5,18,8152.55031392019,1202.35,50.9671958522423,PQ26/20
0.114,250,32.0,1.419,30.4,21.3,5.62,22.0,19.0,271,13.4,27.5,16,7180.61970095446,3007.48,44.7857640644096,PQ32/30
0.1,120,20.5,0.517,16.2,10.3,2.07,14.0,12.5,354,8.8,18.0,15,689.797008584813,769.024,41.2274909510776,PQ20/16
0.115,80,26.5,1.508,20.2,11.5,2.75,19.0,15.5,269,12.0,22.5,34,9413.82219706689,1362.83,149.921506570831,PQ26/20
0.082,150,32.0,1.536,20.5,11.5,1.68,22.0,19.0,529,13.4,27.5,26,2702.9334743956597,773.4069999999999,106.848341180136,PQ32/20
0.102,10,16.4,1.706,11.6,6.7,1.27,11.2,9.6,341,7.0,14.4,78,4017.1209551438496,510.521,271.571432147709,PQ16/11.6
0.109,50,16.4,1.168,11.6,6.7,2.89,11.2,9.6,297,7.0,14.4,24,2999.3161561448496,359.763,35.1781485218292,PQ16/11.6
0.171,120,50.0,1.785,40.0,26.1,8.4,32.0,31.5,120,20.0,44.0,20,11995.5408188921,5375.38,119.133305221898,PQ50/40
0.098,200,107.0,1.025,87.0,56.0,3.5,70.0,72.5,367,41.0,93.7,18,1653.3254451953,67572.3,576.026442274916,PQ107/87
0.191,150,40.5,1.963,39.8,29.5,14.51,28.0,28.0,97,14.9,37.0,16,17382.692044579202,4855.25,43.6787383913195,PQ40/40
0.139,600,65.0,0.808,60.0,42.0,4.11,45.0,40.8,183,26.0,55.0,18,7903.10651137581,15525.6,303.517246620743,PQ65/60
0.115,120,26.5,2.193,24.8,16.1,4.85,19.0,15.5,267,12.0,22.5,27,15757.083537206,1972.04,71.66932309420639,PQ26/25
0.123,500,40.5,1.034,30.3,20.0,11.05,28.0,28.0,232,14.9,37.0,9,8251.059078865559,7187.02,22.353711365747102,PQ40/30
0.089,250,20.5,0.776,16.2,10.3,2.42,14.0,12.5,441,8.8,18.0,10,554.743315089495,240.804,13.0621703624298,PQ20/16
0.088,350,32.0,2.124,20.5,11.5,6.51,22.0,19.0,455,13.4,27.5,10,4990.78646552628,830.842,12.0935833246398,PQ32/20
0.104,180,32.0,0.706,20.5,11.5,1.55,22.0,19.0,327,13.4,27.5,26,2873.12525061343,1503.21,205.638568161953,PQ32/20
0.111,30,65.0,2.205,60.0,42.0,13.55,45.0,40.8,284,26.0,55.0,10,8342.837737017639,19010.2,40.7222067329457,PQ65/60
0.077,350,32.0,1.378,30.4,21.3,1.49,22.0,19.0,444,13.4,27.5,26,1702.70617112435,849.1419999999999,120.967153707285,PQ32/30
0.2,200,35.1,0.438,34.8,25.0,6.46,26.0,23.5,37,14.3,32.0,8,167.737273226885,315.191,33.4421929832209,PQ35/35
0.164,150,50.0,1.108,50.0,36.1,9.7,32.5,31.5,132,20.0,44.0,10,2271.38623704429,5362.9,44.5250479382344,PQ50/50
0.096,200,26.5,1.89,20.2,11.5,7.76,19.0,15.5,386,12.0,22.5,14,12451.7723691748,2372.54,21.0335641725214,PQ26/20
0.146,40,26.5,1.509,24.8,16.1,2.97,19.0,15.5,166,12.0,22.5,45,10150.2098141971,1908.16,269.916608600048,PQ26/25
0.133,250,40.5,1.971,39.8,29.5,9.13,28.0,28.0,201,14.9,37.0,19,19026.2036707207,8721.08,61.3879128427733,PQ40/40
0.077,500,50.0,0.517,40.0,26.1,1.2,32.0,31.5,591,20.0,44.0,13,282.12782199410503,2932.18,142.186699021768,PQ50/40
0.122,100,35.1,2.432,34.8,25.0,4.56,26.0,23.5,239,14.3,32.0,46,33491.5181940492,10310.8,277.925337511031,PQ35/35
0.114,30,65.0,2.24,60.0,42.0,10.22,45.0,40.8,273,26.0,55.0,14,6891.06515876863,20006.3,78.7206427596873,PQ65/60
0.117,300,26.5,0.136,20.2,11.5,2.19,19.0,15.5,80,12.0,22.5,7,23.49971726489,312.83,51.7638885945367,PQ26/20
0.105,20,35.1,1.839,34.8,25.0,13.92,26.0,23.5,320,14.3,32.0,8,6530.67802393656,5955.65,10.421837092318999,PQ35/35
0.091,250,35.1,1.656,34.8,25.0,1.93,26.0,23.5,425,14.3,32.0,27,3130.11736338393,1630.62,128.78707001854,PQ35/35
0.2,40,32.0,1.473,20.5,11.5,5.96,22.0,19.0,62,13.4,27.5,30,7209.05469500985,665.811,147.517441508374,PQ32/20
0.193,100,40.5,2.27,39.8,29.5,11.96,28.0,28.0,95,14.9,37.0,24,25937.090674777897,6090.4800000000005,88.1644153573844,PQ40/40
0.096,80,20.5,0.845,20.2,14.3,1.91,14.0,12.5,381,8.8,18.0,26,1577.42850312267,1377.04,84.0672267695109,PQ20/20
0.077,600,40.5,1.503,30.3,20.0,2.25,28.0,28.0,595,14.9,37.0,19,3745.51709226373,1955.35,73.78585907547209,PQ40/30
0.086,120,26.5,2.481,20.2,11.5,4.39,19.0,15.5,473,12.0,22.5,18,4689.554832399241,813.81,27.638176751204,PQ26/20
0.187,120,50.0,2.174,40.0,26.1,9.08,32.0,31.5,101,20.0,44.0,22,18172.560794953,4053.75,122.893554435941,PQ50/40
0.183,50,32.0,2.303,30.4,21.3,6.58,22.0,19.0,105,13.4,27.5,30,12357.8284180942,1525.49,107.479452917497,PQ32/30
0.116,250,40.5,2.097,39.8,29.5,5.35,28.0,28.0,261,14.9,37.0,25,14316.0770138356,6324.63,101.405962777047,PQ40/40
0.2,60,26.5,0.313,20.2,11.5,2.52,19.0,15.5,86,12.0,22.5,14,430.024234603273,448.023,98.4259882006915,PQ26/20
0.145,100,50.0,1.261,40.0,26.1,6.43,32.0,31.5,169,20.0,44.0,18,4766.70905544562,8026.71,128.236855358283,PQ50/40
0.12,10,16.4,0.81,11.6,6.7,1.16,11.2,9.6,247,7.0,14.4,62,1926.40437111043,617.126,317.655796745315,PQ16/11.6
0.144,80,50.0,2.495,40.0,26.1,6.06,32.0,31.5,170,20.0,44.0,39,29375.7986789434,12241.4,345.9955971112,PQ50/40
0.073,350,32.0,0.145,30.4,21.3,0.95,22.0,19.0,243,13.4,27.5,13,23.542239054076102,2098.65,203.213466331928,PQ32/30
0.11,500,35.1,1.664,34.8,25.0,8.71,26.0,23.5,293,14.3,32.0,11,8804.72542298212,4169.75,21.291516768688403,PQ35/35
0.078,200,20.5,1.436,20.2,14.3,2.14,14.0,12.5,586,8.8,18.0,19,1834.96909864586,591.275,29.5001055555849,PQ20/20
0.094,180,20.5,0.614,16.2,10.3,3.81,14.0,12.5,399,8.8,18.0,10,1035.02932122114,1126.23,15.8628514969118,PQ20/16
0.104,400,32.0,0.995,30.4,21.3,5.82,22.0,19.0,324,13.4,27.5,11,4079.40711864517,3611.35,28.1543578178434,PQ32/30
0.116,300,50.0,1.605,40.0,26.1,4.59,32.0,31.5,261,20.0,44.0,20,8818.04683838138,5778.2,129.781830393637,PQ50/40
0.078,30,16.4,2.195,11.6,6.7,1.99,11.2,9.6,576,7.0,14.4,32,1893.05294260202,233.218,36.937897944891006,PQ16/11.6
0.178,150,50.0,2.262,40.0,26.1,12.95,32.0,31.5,111,20.0,44.0,16,17650.2629535782,4898.14,62.9709703884461,PQ50/40
0.2,60,26.5,0.624,24.8,16.1,6.21,19.0,15.5,71,12.0,22.5,12,956.799150988102,573.994,39.9116059750296,PQ26/25
0.082,60,20.5,2.416,16.2,10.3,1.43,14.0,12.5,524,8.8,18.0,49,4524.91459076757,482.622,123.813828432231,PQ20/16
0.145,80,50.0,0.697,40.0,26.1,4.05,32.0,31.5,169,20.0,44.0,15,980.157856733322,5494.69,146.72538254621702,PQ50/40
0.2,30,20.5,0.516,20.2,14.3,3.33,14.0,12.5,83,8.8,18.0,19,695.1209446005699,439.646,67.1398842747695,PQ20/20
0.095,30,32.0,1.842,20.5,11.5,0.64,22.0,19.0,394,13.4,27.5,174,22541.5559839904,3649.01,4119.73749354807,PQ32/20
0.107,200,35.1,2.163,34.8,25.0,9.96,26.0,23.5,310,14.3,32.0,14,9520.35236163114,7253.42,28.1791869006004,PQ35/35
0.151,500,50.0,1.137,50.0,36.1,11.32,32.5,31.5,154,20.0,44.0,9,6562.00304443354,7661.870000000001,35.3208861221351,PQ50/50
0.157,80,26.5,0.254,20.2,11.5,1.71,19.0,15.5,143,12.0,22.5,14,271.784683831161,676.5980000000001,118.470187632059,PQ26/20
0.11,250,32.0,1.641,30.4,21.3,6.04,22.0,19.0,291,13.4,27.5,17,9833.81590778234,3593.19,45.051925445572,PQ32/30
0.152,180,32.0,0.63,20.5,11.5,5.44,22.0,19.0,152,13.4,27.5,11,2692.83734970675,1340.49,40.6304007482364,PQ32/20
0.084,120,26.5,1.886,24.8,16.1,1.09,19.0,15.5,495,12.0,22.5,50,5135.44679369805,818.486,277.768552575487,PQ26/25
0.092,400,26.5,2.402,20.2,11.5,7.53,19.0,15.5,417,12.0,22.5,10,7784.74627223791,605.949,8.7648944926335,PQ26/20
0.147,50,32.0,1.656,20.5,11.5,3.89,22.0,19.0,163,13.4,27.5,38,14721.027915008699,1896.27,214.684234732257,PQ32/20
0.104,180,20.5,0.469,20.2,14.3,3.36,14.0,12.5,326,8.8,18.0,8,335.058214673507,721.308,12.8474969016295,PQ20/20
0.174,150,35.1,2.221,34.8,25.0,14.57,26.0,23.5,116,14.3,32.0,14,14735.402493798001,3055.6899999999996,27.6069131324524,PQ35/35
0.101,150,26.5,0.265,20.2,11.5,1.63,19.0,15.5,346,12.0,22.5,10,172.196239668536,1126.72,58.0820039774537,PQ26/20
0.16,200,35.1,1.596,34.8,25.0,14.93,26.0,23.5,137,14.3,32.0,10,7901.9211467449995,3548.67,18.1945829514048,PQ35/35
0.077,600,40.5,1.117,30.3,20.0,1.8,28.0,28.0,594,14.9,37.0,18,2071.7044761229204,1757.7,83.8968085362788,PQ40/30
0.089,200,20.5,1.084,20.2,14.3,2.44,14.0,12.5,449,8.8,18.0,13,801.7147903327,333.628,17.2344192167595,PQ20/20
0.129,300,40.5,2.243,30.3,20.0,14.89,28.0,28.0,212,14.9,37.0,14,31647.114790842,8447.11,29.3232542572698,PQ40/30
0.08,600,32.0,0.806,20.5,11.5,2.1,22.0,19.0,545,13.4,27.5,11,1278.69951310592,638.944,32.8479412142836,PQ32/20
0.094,180,26.5,0.42,20.2,11.5,2.74,19.0,15.5,399,12.0,22.5,9,431.18734460492504,1480.58,31.3085761491934,PQ26/20
0.079,600,35.1,2.404,34.8,25.0,4.17,26.0,23.5,568,14.3,32.0,18,9925.456481552861,3460.15,42.9038113670106,PQ35/35
0.081,500,35.1,2.321,34.8,25.0,3.54,26.0,23.5,534,14.3,32.0,20,8026.2528534141,2827.45,54.4277090906992,PQ35/35
0.088,600,26.5,1.389,20.2,11.5,5.57,19.0,15.5,455,12.0,22.5,8,3710.17083276045,595.558,8.89598426306188,PQ26/20
0.08,180,26.5,0.545,24.8,16.1,1.22,19.0,15.5,552,12.0,22.5,13,200.309858328043,569.79,52.4344767275055,PQ26/25
0.136,80,35.1,1.326,34.8,25.0,3.9,26.0,23.5,190,14.3,32.0,29,5372.0824873233,4581.79,176.917268162654,PQ35/35
0.066,350,32.0,1.101,30.4,21.3,1.17,22.0,19.0,523,13.4,27.5,27,897.1246197984069,1063.08,156.287224317864,PQ32/30
0.2,150,107.0,2.235,87.0,56.0,16.93,70.0,72.5,51,41.0,93.7,17,8686.1325548461,16830.3,265.811279308501,PQ107/87
0.079,250,26.5,1.078,24.8,16.1,2.83,19.0,15.5,564,12.0,22.5,12,1125.7928574642299,987.33,25.2374719160787,PQ26/25
0.2,10,65.0,1.347,60.0,42.0,12.9,45.0,40.8,65,26.0,55.0,13,8577.43818939139,6349.75,103.043190440412,PQ65/60
0.089,250,20.5,0.904,16.2,10.3,2.63,14.0,12.5,447,8.8,18.0,10,665.026571600857,219.83,11.524946352802601,PQ20/16
0.149,30,26.5,1.085,20.2,11.5,1.68,19.0,15.5,160,12.0,22.5,59,7199.47500247687,1247.2700000000002,595.855050131147,PQ26/20
0.088,600,32.0,0.951,30.4,21.3,3.04,22.0,19.0,454,13.4,27.5,9,915.302281991679,770.757,19.5488866245826,PQ32/30
0.2,20,26.5,0.306,20.2,11.5,3.78,19.0,15.5,71,12.0,22.5,10,192.514894564636,397.029,51.255605396454,PQ26/20
0.199,30,32.0,0.792,20.5,11.5,3.25,22.0,19.0,89,13.4,27.5,29,3065.65008536034,961.743,232.125816270948,PQ32/20
0.141,200,65.0,2.011,60.0,42.0,3.07,45.0,40.8,178,26.0,55.0,57,45175.6657490372,19194.0,1424.29551568003,PQ65/60
0.16,40,40.5,1.417,30.3,20.0,9.67,28.0,28.0,137,14.9,37.0,13,2632.37612238719,2605.78,36.221456721177,PQ40/30
0.105,10,16.4,1.777,11.6,6.7,1.75,11.2,9.6,319,7.0,14.4,63,4124.21826764528,550.248,171.117772367906,PQ16/11.6
0.121,300,40.5,0.972,39.8,29.5,4.9,28.0,28.0,242,14.9,37.0,18,5835.90379441311,8732.46,95.1368974279362,PQ40/40
0.087,60,20.5,2.062,20.2,14.3,1.3,14.0,12.5,471,8.8,18.0,47,2895.1461526879802,562.284,135.90909859917,PQ20/20
0.139,250,26.5,0.736,24.8,16.1,7.97,19.0,15.5,183,12.0,22.5,8,2673.17405968708,1535.15,15.4203336029407,PQ26/25
0.105,100,26.5,1.759,24.8,16.1,2.87,19.0,15.5,319,12.0,22.5,38,13503.8268599898,2707.02,169.861828965338,PQ26/25
0.107,300,32.0,1.079,30.4,21.3,5.23,22.0,19.0,310,13.4,27.5,12,3274.17759317639,2651.19,31.3744114919749,PQ32/30
0.14,20,20.5,2.335,20.2,14.3,3.48,14.0,12.5,181,8.8,18.0,57,12319.3590782784,1623.98,181.121641863067,PQ20/20
0.1,30,20.5,1.667,16.2,10.3,2.88,14.0,12.5,355,8.8,18.0,37,4860.725033547759,1588.85,95.8720850337481,PQ20/16
0.116,30,16.4,1.939,11.6,6.7,3.43,11.2,9.6,264,7.0,14.4,32,5508.9154342303,316.87,41.0441401034865,PQ16/11.6
0.106,400,107.0,1.797,87.0,56.0,6.4,70.0,72.5,313,41.0,93.7,16,6657.01318295378,50975.6,282.091636418156,PQ107/87
0.131,30,16.4,0.665,11.6,6.7,2.7,11.2,9.6,207,7.0,14.4,22,1348.01049626738,413.151,46.9907293747391,PQ16/11.6
0.093,80,16.4,1.725,11.6,6.7,3.66,11.2,9.6,404,7.0,14.4,15,1721.8884848033,142.351,9.947616676190561,PQ16/11.6
0.158,200,40.5,1.778,39.8,29.5,9.58,28.0,28.0,141,14.9,37.0,16,10016.1720277681,4019.48,47.028379029237804,PQ40/40
0.2,150,50.0,2.171,50.0,36.1,16.38,32.5,31.5,74,20.0,44.0,17,19343.6444137919,7039.22,75.2764942119543,PQ50/50
0.2,20,26.5,1.612,24.8,16.1,4.31,19.0,15.5,59,12.0,22.5,44,4921.35411504959,598.067,244.694133120822,PQ26/25
0.105,80,16.4,0.5,11.6,6.7,2.02,11.2,9.6,323,7.0,14.4,15,624.508521547136,305.255,27.7538013527539,PQ16/11.6
0.118,250,32.0,1.6,30.4,21.3,6.04,22.0,19.0,254,13.4,27.5,15,6813.75158199629,2131.41,35.7942973346908,PQ32/30
0.097,600,50.0,1.805,50.0,36.1,14.02,32.5,31.5,376,20.0,44.0,8,8507.04038604539,19295.0,19.2185738271678,PQ50/50
0.081,600,26.5,0.072,20.2,11.5,0.74,19.0,15.5,155,12.0,22.5,9,7.5509917961149,515.737,149.75640138564,PQ26/20
0.142,10,20.5,2.029,20.2,14.3,2.67,14.0,12.5,174,8.8,18.0,69,7330.91359599109,1654.94,296.835070713383,PQ20/20
0.093,100,26.5,1.475,20.2,11.5,1.03,19.0,15.5,411,12.0,22.5,42,3082.6166343599302,398.791,233.18635770466,PQ26/20
0.2,30,26.5,1.325,24.8,16.1,5.72,19.0,15.5,61,12.0,22.5,29,4068.66741017521,678.898,124.670860974776,PQ26/25
0.157,300,40.5,1.288,30.3,20.0,13.31,28.0,28.0,143,14.9,37.0,9,7269.83650670924,3041.28,18.7433036729579,PQ40/30
0.123,300,35.1,0.722,34.8,25.0,4.5,26.0,23.5,232,14.3,32.0,14,2972.70562030156,5135.32,67.3230001401862,PQ35/35
0.082,350,107.0,1.369,87.0,56.0,2.98,70.0,72.5,520,41.0,93.7,13,765.462978558338,18198.1,234.391474519455,PQ107/87
0.097,180,26.5,1.39,20.2,11.5,4.09,19.0,15.5,378,12.0,22.5,20,9609.58521459483,2141.95,55.6092371663817,PQ26/20
0.147,200,40.5,0.938,30.3,20.0,8.18,28.0,28.0,163,14.9,37.0,10,2612.1028496994,2774.22,29.8696106640914,PQ40/30
0.091,10,32.0,1.981,20.5,11.5,3.32,22.0,19.0,428,13.4,27.5,17,1941.09738968597,589.197,37.0242707137796,PQ32/20
0.079,100,20.5,1.195,16.2,10.3,3.09,14.0,12.5,570,8.8,18.0,12,697.45750710017,471.912,13.2167760900497,PQ20/16
0.091,250,32.0,2.49,30.4,21.3,4.34,22.0,19.0,428,13.4,27.5,17,4765.02882187359,1283.6000000000001,32.4359300223281,PQ32/30
0.08,180,32.0,1.434,20.5,11.5,2.1,22.0,19.0,551,13.4,27.5,21,2660.41310956187,1005.07,73.8550893328343,PQ32/20
0.112,60,20.5,1.656,20.2,14.3,3.95,14.0,12.5,281,8.8,18.0,24,3795.8569113849003,1084.2099999999998,42.1363023367658,PQ20/20
0.089,150,20.5,1.045,16.2,10.3,1.88,14.0,12.5,442,8.8,18.0,16,812.591879015023,226.618,26.2069568063447,PQ20/16
0.111,80,26.5,1.817,20.2,11.5,3.33,19.0,15.5,284,12.0,22.5,33,11737.2069685579,1520.17,120.846276462276,PQ26/20
0.084,180,26.5,0.8,24.8,16.1,0.72,19.0,15.5,432,12.0,22.5,32,741.323509434502,416.578,229.908418308178,PQ26/25
0.083,180,20.5,2.016,20.2,14.3,3.17,14.0,12.5,518,8.8,18.0,18,2893.08240802906,581.992,20.2805187549392,PQ20/20
0.139,200,65.0,1.572,60.0,42.0,4.7,45.0,40.8,182,26.0,55.0,30,15815.5203253568,19252.6,482.594985024918,PQ65/60
0.081,20,20.5,2.426,16.2,10.3,1.16,14.0,12.5,544,8.8,18.0,60,2128.16005371898,502.1,184.90998726344,PQ20/16
0.077,350,32.0,1.824,20.5,11.5,3.06,22.0,19.0,588,13.4,27.5,17,5382.05143275268,1030.71,39.609062900717,PQ32/20
0.081,100,20.5,1.9,20.2,14.3,1.65,14.0,12.5,533,8.8,18.0,34,2869.67374027388,664.164,75.8672030937787,PQ20/20
0.093,600,50.0,1.571,50.0,36.1,3.96,32.5,31.5,350,20.0,44.0,23,11569.8120868051,13005.0,177.372985078592,PQ50/50
0.128,100,26.5,0.548,20.2,11.5,3.1,19.0,15.5,215,12.0,22.5,16,1666.25947118946,1611.85,78.5701820920414,PQ26/20
0.125,60,32.0,0.207,30.4,21.3,1.36,22.0,19.0,227,13.4,27.5,13,71.6583448294266,2114.48,149.347825714311,PQ32/30
0.096,400,40.5,1.828,30.3,20.0,11.35,28.0,28.0,380,14.9,37.0,10,9252.332422229809,7709.24,17.5252263064577,PQ40/30
0.094,600,65.0,1.994,60.0,42.0,3.79,45.0,40.8,396,26.0,55.0,30,29611.6920527105,27482.5,397.015310682778,PQ65/60
0.078,250,40.5,2.029,30.3,20.0,1.25,28.0,28.0,581,14.9,37.0,47,7114.4515669928405,2343.14,356.867540371288,PQ40/30
0.122,30,32.0,2.205,20.5,11.5,1.82,22.0,19.0,236,13.4,27.5,111,44661.491746255,4501.86,1445.37151228456,PQ32/20
0.117,50,32.0,1.864,20.5,11.5,1.39,22.0,19.0,260,13.4,27.5,76,14793.7711808328,1453.27,778.310237873008,PQ32/20
0.107,40,32.0,1.595,30.4,21.3,1.36,22.0,19.0,310,13.4,27.5,72,6293.60890421943,3778.01,826.596436126902,PQ32/30
0.113,200,35.1,1.012,34.8,25.0,5.94,26.0,23.5,278,14.3,32.0,11,1796.31590193871,3813.13,31.5418456054969,PQ35/35
0.087,60,16.4,1.579,11.6,6.7,1.98,11.2,9.6,467,7.0,14.4,24,1599.9412707808501,154.278,27.4347328344504,PQ16/11.6
0.111,60,40.5,2.254,30.3,20.0,12.28,28.0,28.0,287,14.9,37.0,11,4262.81888008702,4740.15,18.0335276628018,PQ40/30
0.2,100,35.1,1.607,34.8,25.0,11.15,26.0,23.5,30,14.3,32.0,17,1671.8334962901001,397.413,52.3096247549674,PQ35/35
0.2,150,50.0,1.418,50.0,36.1,10.11,32.5,31.5,26,20.0,44.0,18,1443.63740889781,829.391,118.177109545112,PQ50/50
0.081,300,20.5,0.882,20.2,14.3,3.15,14.0,12.5,537,8.8,18.0,8,467.656162099497,384.229,7.6762502327759,PQ20/20
0.084,300,20.5,0.699,20.2,14.3,3.51,14.0,12.5,496,8.8,18.0,6,252.56532977497298,337.714,5.21554459446533,PQ20/20
0.106,120,26.5,1.737,24.8,16.1,3.86,19.0,15.5,314,12.0,22.5,29,13123.043919692,2904.36,99.9086831861825,PQ26/25
0.2,100,40.5,1.466,39.8,29.5,7.63,28.0,28.0,70,14.9,37.0,22,5506.92578917834,2050.09,103.117261543147,PQ40/40
0.162,350,40.5,1.378,39.8,29.5,14.68,28.0,28.0,135,14.9,37.0,9,7611.19611916374,4210.89,18.0887280663921,PQ40/40
0.087,120,20.5,0.98,20.2,14.3,2.3,14.0,12.5,470,8.8,18.0,13,455.185362139777,382.601,18.652189363475202,PQ20/20
0.111,250,32.0,2.19,30.4,21.3,7.85,22.0,19.0,289,13.4,27.5,16,13431.723093833201,3360.0699999999997,31.7919292773401,PQ32/30
0.08,300,26.5,1.996,24.8,16.1,3.22,19.0,15.5,556,12.0,22.5,19,6270.73667131046,1221.13,38.34337682961,PQ26/25
0.084,300,20.5,1.219,20.2,14.3,3.84,14.0,12.5,506,8.8,18.0,9,979.9472560945111,410.091,7.52446291376612,PQ20/20
0.079,50,20.5,2.343,16.2,10.3,1.19,14.0,12.5,565,8.8,18.0,57,4175.15497809133,540.214,171.79994239214,PQ20/16
0.093,400,26.5,2.389,20.2,11.5,6.86,19.0,15.5,409,12.0,22.5,10,6489.98118854535,459.377,8.80740285664974,PQ26/20
0.083,200,32.0,2.052,20.5,11.5,4.55,22.0,19.0,508,13.4,27.5,14,3865.61272303768,1035.24,24.3862688988057,PQ32/20
0.163,200,50.0,1.776,40.0,26.1,7.36,32.0,31.5,133,20.0,44.0,21,17545.4832176946,5286.4800000000005,131.897459472224,PQ50/40
0.2,40,40.5,1.468,39.8,29.5,4.81,28.0,28.0,59,14.9,37.0,35,2850.30391966257,1506.13,260.694042830998,PQ40/40
0.077,60,16.4,1.458,11.6,6.7,2.56,11.2,9.6,599,7.0,14.4,17,1060.36556190568,232.03799999999998,14.705332290898,PQ16/11.6
0.082,180,20.5,1.402,20.2,14.3,3.85,14.0,12.5,527,8.8,18.0,11,1079.84361476944,565.299,10.081263727386,PQ20/20
0.084,400,26.5,1.825,20.2,11.5,4.64,19.0,15.5,505,12.0,22.5,12,5624.23919510082,707.399,15.9185370249882,PQ26/20
0.106,40,20.5,2.204,20.2,14.3,2.45,14.0,12.5,316,8.8,18.0,51,8609.922686005992,1561.05,151.822291028258,PQ20/20
0.2,60,40.5,0.574,39.8,29.5,2.86,28.0,28.0,84,14.9,37.0,26,1142.15545247319,2441.36,305.136190306973,PQ40/40
0.112,300,107.0,1.11,87.0,56.0,6.85,70.0,72.5,281,41.0,93.7,10,1662.3366655968,43097.0,166.01635308827,PQ107/87
0.103,20,20.5,0.506,16.2,10.3,0.69,14.0,12.5,330,8.8,18.0,46,394.63573604482,747.897,394.785110900304,PQ20/16
0.122,150,50.0,1.522,50.0,36.1,7.01,32.5,31.5,239,20.0,44.0,21,10098.4010444755,24248.9,151.942051806415,PQ50/50
0.132,10,16.4,1.795,11.6,6.7,2.92,11.2,9.6,202,7.0,14.4,54,7079.50438731213,575.653,124.726395571299,PQ16/11.6
0.123,600,40.5,0.378,30.3,20.0,4.23,28.0,28.0,153,14.9,37.0,8,446.478445370949,1838.4,41.071990231263904,PQ40/30
0.182,30,16.4,0.608,11.6,6.7,3.92,11.2,9.6,107,7.0,14.4,14,762.378100435597,123.309,20.5380833812969,PQ16/11.6
0.14,50,65.0,0.161,60.0,42.0,1.37,45.0,40.8,180,26.0,55.0,11,45.615076189844,8716.63,450.52739819097,PQ65/60
0.082,400,26.5,2.261,20.2,11.5,5.8,19.0,15.5,519,12.0,22.5,12,7955.66108778391,845.0260000000001,13.2896746536151,PQ26/20
0.079,40,20.5,1.654,16.2,10.3,0.91,14.0,12.5,564,8.8,18.0,52,1649.98805334081,437.832,190.449185800295,PQ20/16
0.088,200,26.5,2.107,24.8,16.1,4.68,19.0,15.5,456,12.0,22.5,14,3513.73223879214,919.093,19.9164133161998,PQ26/25
0.124,50,32.0,2.438,30.4,21.3,4.45,22.0,19.0,231,13.4,27.5,47,21811.310896754,6712.76,252.31518613327802,PQ32/30
0.134,180,40.5,1.281,30.3,20.0,6.63,28.0,28.0,196,14.9,37.0,18,8594.73226641769,5421.19,75.2853129856719,PQ40/30
0.079,50,20.5,1.68,20.2,14.3,0.67,14.0,12.5,570,8.8,18.0,72,2382.42227498425,642.505,374.81036198159,PQ20/20
0.107,200,35.1,1.767,34.8,25.0,3.63,26.0,23.5,310,14.3,32.0,28,10046.738162809801,4788.63,131.623761060897,PQ35/35
0.113,150,32.0,1.656,30.4,21.3,4.35,22.0,19.0,274,13.4,27.5,22,6583.60101090136,2628.72,74.9182449205175,PQ32/30
0.097,40,26.5,0.905,20.2,11.5,1.32,19.0,15.5,376,12.0,22.5,43,2377.6604421124202,2082.44,368.898271392053,PQ26/20
0.084,40,40.5,1.86,30.3,20.0,6.19,28.0,28.0,503,14.9,37.0,9,1403.72500851777,1882.86,14.008578435378,PQ40/30
0.115,500,40.5,1.054,39.8,29.5,8.92,28.0,28.0,265,14.9,37.0,7,1900.95865635843,3518.7,13.4786362894549,PQ40/40
0.108,300,40.5,2.45,30.3,20.0,7.94,28.0,28.0,304,14.9,37.0,18,18897.2364839426,5184.9,45.2474849428305,PQ40/30
0.116,120,26.5,2.38,24.8,16.1,6.02,19.0,15.5,263,12.0,22.5,24,16868.7358068442,2101.64,52.9914487148285,PQ26/25
0.2,80,40.5,1.466,39.8,29.5,6.74,28.0,28.0,56,14.9,37.0,28,4654.40802767207,1834.77,167.055055699803,PQ40/40
0.154,20,20.5,1.799,20.2,14.3,3.59,14.0,12.5,149,8.8,18.0,48,8384.12571624613,1332.2099999999998,158.016657830193,PQ20/20
0.106,80,26.5,0.726,24.8,16.1,0.99,19.0,15.5,314,12.0,22.5,45,2331.22740033859,1663.14,493.054358570053,PQ26/25
0.122,60,26.5,1.885,20.2,11.5,4.2,19.0,15.5,239,12.0,22.5,38,21900.0853208516,2692.69,155.422466613343,PQ26/20
0.078,400,20.5,0.521,16.2,10.3,2.03,14.0,12.5,584,8.8,18.0,8,331.544973257534,336.963,11.6510600233265,PQ20/16
0.196,10,20.5,1.313,16.2,10.3,3.8,14.0,12.5,92,8.8,18.0,43,4944.14871718137,649.477,157.456425587135,PQ20/16
0.174,400,40.5,0.3,39.8,29.5,3.95,28.0,28.0,116,14.9,37.0,7,280.741825160812,1389.81,38.0889914827425,PQ40/40
0.083,350,20.5,0.684,20.2,14.3,3.45,14.0,12.5,507,8.8,18.0,6,278.829488027579,352.147,5.305967634091361,PQ20/20
0.149,180,50.0,1.402,40.0,26.1,16.5,32.0,31.5,159,20.0,44.0,8,5079.61651033075,8002.33,23.2168045708721,PQ50/40
0.126,120,32.0,1.982,20.5,11.5,6.62,22.0,19.0,224,13.4,27.5,26,31852.7303551619,3402.02,86.6003236433412,PQ32/20
0.2,40,26.5,1.114,24.8,16.1,5.08,19.0,15.5,68,12.0,22.5,26,3686.03007988586,669.6659999999999,115.51407627025,PQ26/25
0.2,150,50.0,2.292,40.0,26.1,14.56,32.0,31.5,49,20.0,44.0,18,10241.2895772258,1945.02,78.8829950817723,PQ50/40
0.2,100,40.5,1.36,30.3,20.0,9.39,28.0,28.0,43,14.9,37.0,17,2242.19268020179,629.239,64.0346821705242,PQ40/30
0.077,600,26.5,0.452,24.8,16.1,2.53,19.0,15.5,353,12.0,22.5,11,586.687352927327,1723.86,44.1056366917489,PQ26/25
0.155,30,40.5,1.681,30.3,20.0,2.01,28.0,28.0,146,14.9,37.0,80,11393.1718594816,3895.09,1199.3600876661599,PQ40/30
0.116,180,26.5,1.475,24.8,16.1,5.54,19.0,15.5,264,12.0,22.5,15,5839.1839639728505,1355.55,30.5678197239472,PQ26/25
0.083,150,26.5,2.128,20.2,11.5,3.05,19.0,15.5,510,12.0,22.5,22,5297.93884277251,847.169,46.9819294240072,PQ26/20
0.086,350,32.0,1.806,30.4,21.3,3.57,22.0,19.0,481,13.4,27.5,16,4032.16266485253,1564.56,36.966143737509995,PQ32/30
0.154,80,50.0,1.115,50.0,36.1,3.56,32.5,31.5,148,20.0,44.0,27,2965.66546386522,6382.59,322.890256132393,PQ50/50
0.145,120,40.5,1.86,30.3,20.0,7.87,28.0,28.0,168,14.9,37.0,20,10965.069862285602,3907.1,69.2332251311338,PQ40/30
0.078,500,40.5,2.336,39.8,29.5,8.98,28.0,28.0,573,14.9,37.0,8,2731.06664316143,4174.79,9.569690985824,PQ40/40
0.115,300,35.1,1.043,34.8,25.0,4.64,26.0,23.5,265,14.3,32.0,13,2503.35654363894,2683.85,43.0032814973632,PQ35/35
0.079,20,32.0,2.255,20.5,11.5,0.56,22.0,19.0,565,13.4,27.5,131,4821.48223223125,1486.49,1974.83079997104,PQ32/20
0.077,100,26.5,0.819,20.2,11.5,1.22,19.0,15.5,594,12.0,22.5,21,588.7424897749511,727.5070000000001,95.7319713334272,PQ26/20
0.088,30,20.5,2.341,16.2,10.3,0.8,14.0,12.5,454,8.8,18.0,85,3736.00894264655,368.35,382.504311142961,PQ20/16
0.08,500,35.1,1.741,34.8,25.0,4.19,26.0,23.5,557,14.3,32.0,13,3383.64166085591,2744.29,28.6932299757662,PQ35/35
0.078,60,50.0,1.861,50.0,36.1,3.49,32.5,31.5,576,20.0,44.0,17,1160.96586955369,7280.8,84.6517145892406,PQ50/50
0.107,100,35.1,2.434,34.8,25.0,2.65,26.0,23.5,306,14.3,32.0,55,18749.9847268135,6313.01,396.988337196904,PQ35/35
0.17,180,40.5,1.062,39.8,29.5,5.68,28.0,28.0,122,14.9,37.0,16,3303.06752239688,2242.24,70.0600167518354,PQ40/40
0.132,120,26.5,1.057,20.2,11.5,5.46,19.0,15.5,202,12.0,22.5,18,8445.19257029678,1980.01,56.6991460235102,PQ26/20
0.086,400,40.5,1.895,39.8,29.5,2.54,28.0,28.0,478,14.9,37.0,21,3142.80209083734,2062.91,77.131035418318,PQ40/40
0.152,10,26.5,1.394,20.2,11.5,4.22,19.0,15.5,152,12.0,22.5,29,3112.40092545233,1139.54,116.553274012515,PQ26/20
0.199,30,32.0,0.565,30.4,21.3,3.09,22.0,19.0,89,13.4,27.5,21,733.342691673663,1178.34,164.35701956629597,PQ32/30
0.161,20,40.5,1.802,39.8,29.5,13.96,28.0,28.0,136,14.9,37.0,11,4764.99354650458,3700.48,22.0072357301104,PQ40/40
0.119,250,65.0,2.468,60.0,42.0,16.36,45.0,40.8,250,26.0,55.0,13,20065.4987798716,38836.399999999994,62.8780360217689,PQ65/60
0.088,600,50.0,1.719,40.0,26.1,3.17,32.0,31.5,453,20.0,44.0,17,5084.1763836366,3319.0,88.6999065319495,PQ50/40
0.103,350,50.0,2.037,50.0,36.1,5.94,32.5,31.5,332,20.0,44.0,21,15437.6084883672,15940.6,120.46634661197,PQ50/50
0.08,80,16.4,1.618,11.6,6.7,2.72,11.2,9.6,557,7.0,14.4,17,1467.17150159968,187.253,13.4774867139448,PQ16/11.6
0.2,120,40.5,1.109,30.3,20.0,9.94,28.0,28.0,24,14.9,37.0,13,617.155922006081,190.114,44.09045753963,PQ40/30
0.082,400,32.0,2.128,30.4,21.3,3.7,22.0,19.0,530,13.4,27.5,17,5725.53865797333,1724.15,36.6911679661822,PQ32/30
0.108,40,32.0,1.688,20.5,11.5,7.57,22.0,19.0,301,13.4,27.5,14,3489.28359563409,2369.7,28.6776968276151,PQ32/20
0.141,30,20.5,1.625,20.2,14.3,3.97,14.0,12.5,177,8.8,18.0,35,6046.7443226225605,1286.29,91.0468242524087,PQ20/20
0.091,150,32.0,0.762,20.5,11.5,2.51,22.0,19.0,426,13.4,27.5,9,289.66326979944,437.109,23.074168041801,PQ32/20
0.104,200,20.5,0.496,16.2,10.3,3.3,14.0,12.5,325,8.8,18.0,9,622.325269852102,640.418,15.374003494378,PQ20/16
0.085,150,20.5,0.723,20.2,14.3,1.0,14.0,12.5,487,8.8,18.0,21,419.656790946599,303.469,62.0964991237844,PQ20/20
0.103,300,32.0,1.535,20.5,11.5,6.15,22.0,19.0,334,13.4,27.5,16,16561.1421608509,2891.25,40.5142614125185,PQ32/20
0.134,300,35.1,1.118,34.8,25.0,12.96,26.0,23.5,198,14.3,32.0,8,4804.66420023128,5543.63,15.4241756745207,PQ35/35
0.122,50,16.4,0.534,11.6,6.7,2.99,11.2,9.6,238,7.0,14.4,16,1058.88082196489,497.464,29.9101349622589,PQ16/11.6
0.126,150,40.5,1.151,30.3,20.0,4.72,28.0,28.0,224,14.9,37.0,22,6836.81079980795,6013.38,122.518900607353,PQ40/30
0.091,120,32.0,2.16,20.5,11.5,1.48,22.0,19.0,430,13.4,27.5,46,8601.814217807909,821.9459999999999,252.315383967775,PQ32/20
0.097,40,26.5,2.333,20.2,11.5,2.37,19.0,15.5,374,12.0,22.5,62,18825.7127178457,3126.47,345.643550133148,PQ26/20
0.08,250,20.5,1.184,16.2,10.3,2.79,14.0,12.5,545,8.8,18.0,12,1220.05163316566,335.689,13.3081475778978,PQ20/16
0.094,60,20.5,1.659,20.2,14.3,2.52,14.0,12.5,397,8.8,18.0,39,6384.40048052598,2234.44,111.069494081627,PQ20/20
0.165,120,40.5,2.345,30.3,20.0,12.41,28.0,28.0,129,14.9,37.0,16,13388.2106053461,2737.22,37.0296108460556,PQ40/30
0.116,150,35.1,1.893,34.8,25.0,3.38,26.0,23.5,261,14.3,32.0,32,9433.80408317315,3577.61,162.836793162283,PQ35/35
0.085,60,35.1,1.226,34.8,25.0,0.58,26.0,23.5,494,14.3,32.0,67,1123.19351299884,1840.25,1004.16587718135,PQ35/35
0.15,40,26.5,1.594,20.2,11.5,6.92,19.0,15.5,156,12.0,22.5,21,7344.5346408523,1391.56,54.6124589580521,PQ26/20
0.105,100,32.0,1.837,30.4,21.3,2.51,22.0,19.0,323,13.4,27.5,47,14376.2908674902,4977.61,315.002731913445,PQ32/30
0.113,300,40.5,0.954,30.3,20.0,9.54,28.0,28.0,275,14.9,37.0,6,1220.02580246856,2756.09,10.5993136826177,PQ40/30
0.2,30,50.0,0.659,40.0,26.1,1.01,32.0,31.5,22,20.0,44.0,84,288.660145012538,350.77799999999996,4834.6906397499,PQ50/40
0.133,20,20.5,1.564,20.2,14.3,2.05,14.0,12.5,201,8.8,18.0,65,6920.38920410377,1581.48,323.262697347556,PQ20/20
0.078,300,32.0,2.066,20.5,11.5,6.07,22.0,19.0,584,13.4,27.5,10,3871.1132996423203,1160.6399999999999,12.3732709040563,PQ32/20
0.106,350,40.5,0.691,39.8,29.5,2.3,28.0,28.0,317,14.9,37.0,17,1268.92736166349,3451.52,111.561927284831,PQ40/40
0.112,600,40.5,1.236,30.3,20.0,11.64,28.0,28.0,281,14.9,37.0,6,3303.09450926694,2789.82,8.59860304991582,PQ40/30
0.2,20,20.5,0.329,20.2,14.3,3.26,14.0,12.5,35,8.8,18.0,12,98.5047184627727,69.7319,39.0627457132336,PQ20/20
0.12,40,26.5,0.542,24.8,16.1,0.62,19.0,15.5,247,12.0,22.5,75,2162.3512269978,2282.13,1756.1704864125,PQ26/25
0.077,50,20.5,0.244,20.2,14.3,0.87,14.0,12.5,591,8.8,18.0,9,19.6158953106268,349.044,28.256996472464,PQ20/20
0.121,50,50.0,2.314,40.0,26.1,5.92,32.0,31.5,240,20.0,44.0,34,13294.6225659974,17778.4,279.30118133959803,PQ50/40
0.139,20,20.5,0.337,16.2,10.3,0.65,14.0,12.5,182,8.8,18.0,45,310.39656796452095,503.181,534.964199332028,PQ20/16
0.084,500,32.0,1.471,30.4,21.3,2.92,22.0,19.0,501,13.4,27.5,15,3200.89218553532,1275.81,38.214841359450894,PQ32/30
0.2,120,35.1,0.416,34.8,25.0,4.74,26.0,23.5,83,14.3,32.0,11,597.6387051880811,1580.49,66.1036754816139,PQ35/35
0.174,600,65.0,1.931,60.0,42.0,15.25,45.0,40.8,116,26.0,55.0,12,30982.366748817,10693.3,65.2972226912318,PQ65/60
0.079,600,32.0,1.661,20.5,11.5,5.71,22.0,19.0,560,13.4,27.5,9,4893.63328086613,1120.69,12.0076558970121,PQ32/20
0.148,50,40.5,1.899,39.8,29.5,4.37,28.0,28.0,162,14.9,37.0,37,6968.42047401159,5240.74,239.458110156714,PQ40/40
0.085,40,16.4,2.328,11.6,6.7,1.93,11.2,9.6,490,7.0,14.4,34,2589.4494301969303,164.12699999999998,39.6397415114162,PQ16/11.6
0.2,50,50.0,1.129,40.0,26.1,5.36,32.0,31.5,25,20.0,44.0,27,876.112956874413,542.103,316.395876028279,PQ50/40
0.088,600,35.1,1.253,34.8,25.0,5.06,26.0,23.5,456,14.3,32.0,8,1405.02633855275,1687.01,14.0677600753357,PQ35/35
0.081,150,26.5,1.615,24.8,16.1,1.41,19.0,15.5,539,12.0,22.5,33,3285.82443760124,882.293,137.272049146368,PQ26/25
0.099,150,26.5,1.37,20.2,11.5,3.16,19.0,15.5,358,12.0,22.5,26,10120.8801243126,2021.5800000000002,95.0296028192357,PQ26/20
0.164,100,32.0,0.747,30.4,21.3,7.19,22.0,19.0,132,13.4,27.5,9,1004.42173224155,1321.03,23.8730303861962,PQ32/30
0.08,100,20.5,1.115,20.2,14.3,0.89,14.0,12.5,555,8.8,18.0,36,1111.44430302214,479.261,129.243623277035,PQ20/20
0.098,10,26.5,2.21,24.8,16.1,2.46,19.0,15.5,367,12.0,22.5,58,5688.57201355042,4369.71,328.886845543715,PQ26/25
0.075,250,40.5,1.012,39.8,29.5,0.99,28.0,28.0,282,14.9,37.0,60,1482.3758702687,3723.36,1022.95933120474,PQ40/40
0.097,600,107.0,1.668,87.0,56.0,11.37,70.0,72.5,378,41.0,93.7,9,5962.771387997101,85464.4,95.0356924837274,PQ107/87
0.104,500,26.5,0.619,20.2,11.5,6.45,19.0,15.5,327,12.0,22.5,6,1877.49973578086,1382.9,9.93563188381669,PQ26/20
0.081,600,26.5,1.224,20.2,11.5,4.97,19.0,15.5,544,12.0,22.5,7,2078.2149484248,565.857,7.57371005560583,PQ26/20
0.09,200,20.5,1.63,16.2,10.3,3.88,14.0,12.5,437,8.8,18.0,12,1856.53056560838,271.927,10.2696857784356,PQ20/16
0.078,300,40.5,2.045,30.3,20.0,1.55,28.0,28.0,573,14.9,37.0,38,6734.14325119227,2278.27,231.876348311927,PQ40/30
0.082,100,16.4,2.292,11.6,6.7,3.86,11.2,9.6,526,7.0,14.4,19,4414.76248764439,261.751,12.5488643021891,PQ16/11.6
0.2,600,107.0,2.174,87.0,56.0,11.77,70.0,72.5,33,41.0,93.7,21,10433.7665915679,5512.42,414.968682753747,PQ107/87
0.096,600,40.5,2.07,39.8,29.5,7.94,28.0,28.0,384,14.9,37.0,16,20097.498161910098,11582.1,41.9305720166515,PQ40/40
0.09,50,20.5,1.382,16.2,10.3,0.88,14.0,12.5,436,8.8,18.0,47,1472.21433722934,284.418,180.217733399207,PQ20/16
0.078,250,32.0,1.801,20.5,11.5,2.05,22.0,19.0,575,13.4,27.5,25,5511.73778531169,969.167,86.6521372319706,PQ32/20
0.081,10,40.5,1.725,30.3,20.0,7.47,28.0,28.0,532,14.9,37.0,7,5907.53021222875,2056.17,8.98585758755138,PQ40/30
0.2,500,65.0,1.117,60.0,42.0,14.08,45.0,40.8,47,26.0,55.0,10,3870.54384832566,3330.04,71.2874656029588,PQ65/60
0.087,80,40.5,0.713,39.8,29.5,1.62,28.0,28.0,468,14.9,37.0,14,137.92360631710199,1544.05,73.7284527157901,PQ40/40
0.096,400,40.5,1.14,30.3,20.0,4.04,28.0,28.0,383,14.9,37.0,17,5964.66132044539,5571.2,73.6871557444315,PQ40/30
0.096,180,26.5,0.81,24.8,16.1,2.46,19.0,15.5,381,12.0,22.5,21,3260.9327243196403,2738.85,98.0258519063828,PQ26/25
0.2,20,26.5,2.367,24.8,16.1,7.54,19.0,15.5,85,12.0,22.5,36,15246.2839619602,1341.41,119.785392957451,PQ26/25
0.127,150,40.5,1.492,30.3,20.0,4.88,28.0,28.0,218,14.9,37.0,28,14293.7182212713,6782.339999999999,161.285425368137,PQ40/30
0.082,200,26.5,2.252,24.8,16.1,5.64,19.0,15.5,525,12.0,22.5,12,3235.53946207212,1119.52,13.862650294436,PQ26/25
0.113,180,32.0,1.576,30.4,21.3,4.1,22.0,19.0,276,13.4,27.5,22,7103.61050107299,2538.82,77.82458266478811,PQ32/30
0.134,100,20.5,0.347,16.2,10.3,2.73,14.0,12.5,196,8.8,18.0,11,399.647566018247,581.689,31.1664366398782,PQ20/16
0.2,300,65.0,1.612,60.0,42.0,11.11,45.0,40.8,63,26.0,55.0,17,12429.0485642117,5550.23,151.898420730465,PQ65/60
0.102,20,35.1,1.654,34.8,25.0,1.43,26.0,23.5,339,14.3,32.0,72,3216.56238265045,6664.89,916.180892356175,PQ35/35
0.126,250,40.5,1.95,39.8,29.5,8.18,28.0,28.0,223,14.9,37.0,23,26847.7371772498,13216.9,90.70001421250069,PQ40/40
0.101,500,50.0,1.801,40.0,26.1,4.66,32.0,31.5,348,20.0,44.0,22,20144.7473810062,10234.2,142.96674062118,PQ50/40
0.098,180,50.0,1.49,40.0,26.1,4.37,32.0,31.5,364,20.0,44.0,20,4969.4272902433195,10911.8,137.868293932897,PQ50/40
0.087,300,35.1,2.301,34.8,25.0,2.33,26.0,23.5,470,14.3,32.0,28,5946.22027206347,1858.91,107.364479837572,PQ35/35
0.08,350,20.5,0.88,20.2,14.3,3.51,14.0,12.5,549,8.8,18.0,8,668.341916043169,535.722,7.6973339787245205,PQ20/20
0.085,600,26.5,2.045,20.2,11.5,7.58,19.0,15.5,494,12.0,22.5,8,6471.92303313368,663.427,6.429666278570999,PQ26/20
0.089,200,35.1,1.796,34.8,25.0,5.32,26.0,23.5,449,14.3,32.0,10,1124.80775157948,1620.31,16.577952578973697,PQ35/35
0.1,600,40.5,1.89,30.3,20.0,12.79,28.0,28.0,352,14.9,37.0,9,12729.0323404388,6503.16,13.836533381516599,PQ40/30
0.147,10,20.5,1.856,16.2,10.3,2.25,14.0,12.5,164,8.8,18.0,76,8308.99546741186,1030.49,370.530837929324,PQ20/16
0.123,60,26.5,2.241,20.2,11.5,4.77,19.0,15.5,233,12.0,22.5,44,40976.9862088814,3560.73,180.153287086226,PQ26/20
0.087,60,16.4,2.025,11.6,6.7,1.96,11.2,9.6,465,7.0,14.4,31,3059.74901644525,167.436,37.1147958261519,PQ16/11.6
0.083,350,32.0,1.148,20.5,11.5,1.64,22.0,19.0,509,13.4,27.5,20,2722.0310368047,647.905,80.6561770981984,PQ32/20
0.079,30,16.4,1.505,11.6,6.7,0.71,11.2,9.6,564,7.0,14.4,64,1933.28376139344,217.907,203.041934411348,PQ16/11.6
0.078,60,16.4,2.14,11.6,6.7,3.19,11.2,9.6,581,7.0,14.4,20,2306.9016210739,254.678,14.745386992891,PQ16/11.6
0.138,80,16.4,0.275,11.6,6.7,3.58,11.2,9.6,185,7.0,14.4,7,210.254191539693,255.125,10.0658883592956,PQ16/11.6
0.078,180,16.4,1.002,11.6,6.7,2.62,11.2,9.6,587,7.0,14.4,11,878.515114864523,169.991,8.38372359796211,PQ16/11.6
0.099,150,40.5,1.491,39.8,29.5,2.59,28.0,28.0,358,14.9,37.0,37,6832.96172531131,9230.54,287.713636673066,PQ40/40
0.104,300,32.0,1.171,30.4,21.3,4.89,22.0,19.0,329,13.4,27.5,14,4521.95992499034,3119.87,39.9667351663626,PQ32/30
0.135,80,26.5,2.254,24.8,16.1,7.79,19.0,15.5,193,12.0,22.5,28,30092.6270303838,3822.96,75.4398805017826,PQ26/25
0.088,300,20.5,0.996,16.2,10.3,3.69,14.0,12.5,458,8.8,18.0,8,806.111699791991,254.151,6.8130667237113505,PQ20/16
0.122,80,32.0,2.235,20.5,11.5,4.88,22.0,19.0,237,13.4,27.5,40,40272.851639959,4051.87,185.601608437065,PQ32/20
0.105,180,26.5,2.202,24.8,16.1,7.64,19.0,15.5,323,12.0,22.5,18,17738.8926114851,3168.32,31.769072643434303,PQ26/25
0.126,350,40.5,1.127,39.8,29.5,6.17,28.0,28.0,221,14.9,37.0,16,7405.13898894268,7271.83,66.8938812739584,PQ40/40
0.112,400,32.0,0.666,20.5,11.5,4.71,22.0,19.0,281,13.4,27.5,8,1708.46671805503,1071.88,20.4631016556523,PQ32/20
0.174,50,32.0,1.043,20.5,11.5,3.82,22.0,19.0,117,13.4,27.5,25,4391.2382057242,909.856,136.654786672227,PQ32/20
0.2,80,40.5,2.345,30.3,20.0,13.43,28.0,28.0,29,14.9,37.0,20,3216.03259491976,382.701,57.873943612675404,PQ40/30
0.122,30,26.5,0.643,24.8,16.1,5.66,19.0,15.5,238,12.0,22.5,10,783.537446548812,2452.21,26.992483563719098,PQ26/25
0.106,180,40.5,2.005,30.3,20.0,3.86,28.0,28.0,315,14.9,37.0,31,14185.741113801001,5225.04,156.799610857925,PQ40/30
0.117,80,16.4,0.355,11.6,6.7,1.68,11.2,9.6,257,7.0,14.4,13,274.594114787345,181.896,27.8638991840776,PQ16/11.6
0.147,60,32.0,0.424,20.5,11.5,0.99,22.0,19.0,122,13.4,27.5,37,642.691614934418,618.648,648.859654663136,PQ32/20
0.113,30,20.5,2.208,16.2,10.3,3.25,14.0,12.5,275,8.8,18.0,42,7858.56414471264,1041.76,97.9720472676263,PQ20/16
0.157,250,65.0,2.24,60.0,42.0,5.81,45.0,40.8,144,26.0,55.0,35,46852.0670639219,15304.0,492.69495517396,PQ65/60
0.126,50,50.0,1.086,40.0,26.1,10.94,32.0,31.5,221,20.0,44.0,9,2417.05516632336,11809.7,36.30398206587191,PQ50/40
0.102,20,50.0,1.67,40.0,26.1,9.29,32.0,31.5,338,20.0,44.0,11,5949.81325217033,11345.4,38.020509551558405,PQ50/40
0.111,80,20.5,0.459,20.2,14.3,1.19,14.0,12.5,286,8.8,18.0,22,374.013683725342,551.74,98.9874744657608,PQ20/20
0.127,350,50.0,1.87,50.0,36.1,8.53,32.5,31.5,219,20.0,44.0,20,27718.0124599923,19874.0,116.905478272791,PQ50/50
0.073,200,26.5,0.776,24.8,16.1,0.57,19.0,15.5,592,12.0,22.5,40,1065.08365875554,772.614,368.340738534984,PQ26/25
0.092,50,32.0,1.598,30.4,21.3,6.3,22.0,19.0,417,13.4,27.5,8,804.623086269961,1111.01,10.1832667553501,PQ32/30
0.184,50,40.5,0.439,30.3,20.0,2.24,28.0,28.0,104,14.9,37.0,18,320.770120560672,1023.8,182.89875293061002,PQ40/30
0.116,50,107.0,1.753,87.0,56.0,15.81,70.0,72.5,262,41.0,93.7,7,7067.02200618753,48178.2,55.170267661839496,PQ107/87
0.079,120,26.5,1.812,24.8,16.1,1.62,19.0,15.5,569,12.0,22.5,34,3741.12315231225,1188.94,132.777444242966,PQ26/25
0.1,200,26.5,0.139,24.8,16.1,0.91,19.0,15.5,79,12.0,22.5,18,19.0505606665732,416.214,332.25516274369,PQ26/25
0.082,50,26.5,2.276,24.8,16.1,5.65,19.0,15.5,527,12.0,22.5,12,1516.17330271167,1109.06,13.7374620459796,PQ26/25
0.129,100,20.5,0.321,16.2,10.3,2.36,14.0,12.5,213,8.8,18.0,12,386.742797500428,694.802,39.6852846084428,PQ20/16
0.063,500,65.0,2.255,60.0,42.0,1.51,45.0,40.8,321,26.0,55.0,89,13419.6572574412,22458.6,3166.4716513068897,PQ65/60
0.077,500,26.5,1.868,20.2,11.5,4.83,19.0,15.5,595,12.0,22.5,12,7399.35231618337,1021.08,15.6199512482058,PQ26/20
0.093,180,20.5,0.928,16.2,10.3,2.44,14.0,12.5,408,8.8,18.0,12,711.78575695695,234.421,16.2393355332777,PQ20/16
0.084,150,40.5,1.66,39.8,29.5,3.37,28.0,28.0,497,14.9,37.0,15,900.070117408303,2490.16,43.48522326761,PQ40/40
0.119,250,32.0,0.819,30.4,21.3,6.37,22.0,19.0,248,13.4,27.5,12,4034.68755805192,5278.58,39.3592988906123,PQ32/30
0.104,350,32.0,0.725,20.5,11.5,3.55,22.0,19.0,324,13.4,27.5,13,3558.28833898594,1981.77,50.2422420937738,PQ32/20
0.092,150,20.5,1.649,16.2,10.3,3.39,14.0,12.5,417,8.8,18.0,15,2049.11812193325,305.483,15.906113504886,PQ20/16
0.135,50,20.5,0.466,20.2,14.3,3.46,14.0,12.5,193,8.8,18.0,12,388.272699934051,865.887,29.1120290077007,PQ20/20
0.113,300,40.5,0.67,39.8,29.5,2.41,28.0,28.0,259,14.9,37.0,16,870.669216415536,2476.32,101.322085916614,PQ40/40
0.081,80,16.4,1.498,11.6,6.7,1.76,11.2,9.6,542,7.0,14.4,25,1909.96671492115,186.062,31.0953599419049,PQ16/11.6
0.164,400,107.0,1.198,87.0,56.0,10.71,70.0,72.5,132,41.0,93.7,10,4679.87658720357,29438.6,155.810190809224,PQ107/87
0.2,30,32.0,0.207,30.4,21.3,2.99,22.0,19.0,81,13.4,27.5,8,70.9633785892497,707.985,56.711960936181804,PQ32/30
0.079,40,16.4,2.391,11.6,6.7,1.32,11.2,9.6,564,7.0,14.4,55,4822.02296071116,260.837,101.403995637237,PQ16/11.6
0.12,80,50.0,0.643,40.0,26.1,1.27,32.0,31.5,244,20.0,44.0,47,2448.87560761862,12296.4,1543.53561877701,PQ50/40
0.124,250,65.0,0.637,60.0,42.0,1.34,45.0,40.8,231,26.0,55.0,44,5127.2323116338,22273.6,2224.3840300358,PQ65/60
0.131,200,35.1,1.044,34.8,25.0,5.67,26.0,23.5,207,14.3,32.0,17,5777.84110766879,5775.15,73.56779613631339,PQ35/35
0.131,60,26.5,1.189,20.2,11.5,2.94,19.0,15.5,206,12.0,22.5,37,10545.772940487,2071.85,216.804301331108,PQ26/20
0.079,400,50.0,2.017,50.0,36.1,2.02,32.5,31.5,564,20.0,44.0,31,6529.88033866747,6856.54,264.454587778607,PQ50/50
0.093,50,32.0,2.189,30.4,21.3,0.68,22.0,19.0,409,13.4,27.5,99,4703.2890503116,1216.9,1216.98202543683,PQ32/30
0.085,180,20.5,0.773,20.2,14.3,1.98,14.0,12.5,492,8.8,18.0,11,302.172584300508,296.967,16.1438994615761,PQ20/20
0.158,40,32.0,2.083,20.5,11.5,4.69,22.0,19.0,142,13.4,27.5,41,20946.6056723152,1764.17,206.626015895143,PQ32/20
0.106,100,32.0,2.427,30.4,21.3,7.36,22.0,19.0,312,13.4,27.5,19,8046.650186580059,4125.58,41.3527321684893,PQ32/30
0.09,600,50.0,2.391,40.0,26.1,3.46,32.0,31.5,433,20.0,44.0,22,12458.6943914891,3786.54,113.74227612852299,PQ50/40
0.128,180,50.0,2.302,50.0,36.1,5.19,32.5,31.5,217,20.0,44.0,40,41853.9686116012,21453.9,397.643056924788,PQ50/50
0.085,500,26.5,0.483,20.2,11.5,2.73,19.0,15.5,292,12.0,22.5,10,561.815814908859,790.229,34.2200022697591,PQ26/20
0.084,100,20.5,0.534,20.2,14.3,0.55,14.0,12.5,506,8.8,18.0,29,233.142465367852,302.668,151.623838762787,PQ20/20
0.111,30,16.4,0.515,11.6,6.7,0.8,11.2,9.6,286,7.0,14.4,38,579.795827514493,228.363,173.729008384083,PQ16/11.6
0.2,10,16.4,0.923,11.6,6.7,3.57,11.2,9.6,37,7.0,14.4,32,790.419135367477,46.6941,76.0285186073064,PQ16/11.6
0.157,10,32.0,0.837,30.4,21.3,3.85,22.0,19.0,143,13.4,27.5,19,1117.4179745656102,1647.07,96.8747514099129,PQ32/30
0.08,80,50.0,1.303,50.0,36.1,2.26,32.5,31.5,554,20.0,44.0,17,485.487464738815,4515.98,112.623585601311,PQ50/50
0.16,40,40.5,1.201,39.8,29.5,1.21,28.0,28.0,137,14.9,37.0,85,4905.21629018333,2978.36,1795.56088174635,PQ40/40
0.05,500,26.5,0.265,24.8,16.1,0.65,19.0,15.5,358,12.0,22.5,24,64.2008983663992,1303.6,333.782588281639,PQ26/25
0.081,40,20.5,1.764,16.2,10.3,0.69,14.0,12.5,533,8.8,18.0,75,2717.46348007357,433.504,376.082177617585,PQ20/16
0.152,20,26.5,1.997,24.8,16.1,1.86,19.0,15.5,153,12.0,22.5,93,16451.6259747127,1768.9,918.366338535149,PQ26/25
0.099,40,16.4,1.821,11.6,6.7,3.0,11.2,9.6,358,7.0,14.4,35,7174.35815469241,569.639,51.8010692957184,PQ16/11.6
0.114,200,40.5,1.575,39.8,29.5,9.28,28.0,28.0,270,14.9,37.0,10,2560.32745845567,4531.08,20.1315728395342,PQ40/40
0.123,150,35.1,0.631,34.8,25.0,2.01,26.0,23.5,233,14.3,32.0,29,2644.09776074981,5640.12,323.097886848682,PQ35/35
0.163,30,50.0,0.418,40.0,26.1,3.27,32.0,31.5,133,20.0,44.0,11,253.368876662517,2855.38,122.679015034526,PQ50/40
0.109,400,26.5,0.941,20.2,11.5,7.07,19.0,15.5,298,12.0,22.5,8,4202.14993302725,1230.02,12.3488380765881,PQ26/20
0.128,250,107.0,1.609,87.0,56.0,6.27,70.0,72.5,217,41.0,93.7,24,13691.6794794493,92194.59999999999,697.917349261274,PQ107/87
0.137,120,40.5,2.442,39.8,29.5,10.21,28.0,28.0,187,14.9,37.0,22,17415.076883385,9896.17,70.1367415275221,PQ40/40
0.088,120,20.5,1.315,16.2,10.3,1.99,14.0,12.5,457,8.8,18.0,19,1212.13350900957,270.397,30.6680411845024,PQ20/16
0.06,500,50.0,0.665,40.0,26.1,0.96,32.0,31.5,231,20.0,44.0,64,1238.51668718155,11123.1,2781.0168847379,PQ50/40
0.111,60,50.0,2.169,50.0,36.1,10.66,32.5,31.5,288,20.0,44.0,13,4439.934805972691,14243.800000000001,43.9737629915955,PQ50/50
0.2,200,40.5,0.561,39.8,29.5,7.99,28.0,28.0,85,14.9,37.0,9,1234.41359104648,2406.1,37.2630256345644,PQ40/40
0.12,200,50.0,1.608,50.0,36.1,17.82,32.5,31.5,246,20.0,44.0,8,5559.18155729507,20960.4,21.1004350984223,PQ50/50
0.112,80,40.5,1.841,30.3,20.0,9.83,28.0,28.0,280,14.9,37.0,11,2837.9594485997,3831.83,21.1030978431407,PQ40/30
0.081,250,32.0,1.949,20.5,11.5,2.53,22.0,19.0,542,13.4,27.5,24,7620.041207445581,1154.7099999999998,74.7787085355214,PQ32/20
0.113,350,32.0,1.448,30.4,21.3,7.7,22.0,19.0,275,13.4,27.5,12,7935.40412476668,3174.32,24.7725242283881,PQ32/30
0.2,80,50.0,2.479,40.0,26.1,10.43,32.0,31.5,44,20.0,44.0,28,8883.90176504691,1789.34,179.243918367146,PQ50/40
0.08,350,26.5,1.461,24.8,16.1,2.3,19.0,15.5,554,12.0,22.5,19,3941.71632488465,972.6,49.346013940280706,PQ26/25
0.141,30,32.0,1.597,20.5,11.5,1.83,22.0,19.0,177,13.4,27.5,79,17541.5586436114,2244.86,956.37165260246,PQ32/20
0.126,250,40.5,2.294,39.8,29.5,9.05,28.0,28.0,222,14.9,37.0,23,31684.1825846675,12455.6,80.313709285933,PQ40/40
0.138,60,32.0,1.014,20.5,11.5,4.09,22.0,19.0,186,13.4,27.5,23,4771.8614391480705,2171.98,118.466117604463,PQ32/20
0.121,50,32.0,1.833,20.5,11.5,3.49,22.0,19.0,240,13.4,27.5,45,19284.2377551833,3620.55,276.776488344859,PQ32/20
0.079,350,26.5,1.712,24.8,16.1,6.42,19.0,15.5,561,12.0,22.5,8,2261.29400152334,1086.44,7.69367341967453,PQ26/25
0.2,400,50.0,0.899,40.0,26.1,19.06,32.0,31.5,76,20.0,44.0,6,4309.526316539041,3685.79,18.920019475806,PQ50/40
0.191,200,35.1,0.794,34.8,25.0,11.05,26.0,23.5,97,14.3,32.0,9,3312.7673472258602,2764.2000000000003,25.7568449467476,PQ35/35
0.099,80,16.4,1.095,11.6,6.7,3.77,11.2,9.6,357,7.0,14.4,18,3421.16253040054,548.446,20.8848779687813,PQ16/11.6
0.2,50,35.1,1.659,34.8,25.0,7.48,26.0,23.5,32,14.3,32.0,27,1900.74898114013,496.69,128.629459181638,PQ35/35
0.084,100,20.5,0.508,20.2,14.3,0.73,14.0,12.5,504,8.8,18.0,20,136.807024512988,263.819,75.1829725849245,PQ20/20
0.082,250,26.5,0.682,20.2,11.5,0.98,19.0,15.5,493,12.0,22.5,21,813.375116119453,442.357,111.922420359125,PQ26/20
0.091,120,20.5,1.517,20.2,14.3,2.3,14.0,12.5,428,8.8,18.0,19,1274.84305957587,358.414,28.2699142594141,PQ20/20
0.157,20,32.0,2.31,20.5,11.5,6.42,22.0,19.0,143,13.4,27.5,32,10773.7066896691,1707.56,115.628288971894,PQ32/20
0.078,150,16.4,1.453,11.6,6.7,2.77,11.2,9.6,575,7.0,14.4,15,1847.26104185741,189.559,11.462646769106,PQ16/11.6
0.147,200,50.0,2.407,50.0,36.1,13.05,32.5,31.5,164,20.0,44.0,16,19168.203578227898,11919.4,61.4778365011744,PQ50/50
0.133,150,40.5,2.102,30.3,20.0,8.39,28.0,28.0,200,14.9,37.0,22,20050.6669201025,6326.72,76.0856293451284,PQ40/30
0.2,30,50.0,0.839,50.0,36.1,5.64,32.5,31.5,22,20.0,44.0,19,666.579568620473,471.028,202.405053248817,PQ50/50
0.11,180,20.5,0.295,20.2,14.3,1.76,14.0,12.5,294,8.8,18.0,10,174.209226017726,540.463,29.6639090992312,PQ20/20
0.19,30,26.5,1.796,24.8,16.1,6.75,19.0,15.5,98,12.0,22.5,32,14082.5574543769,1692.15,118.520066275796,PQ26/25
0.2,350,65.0,2.251,60.0,42.0,17.85,45.0,40.8,33,26.0,55.0,15,7229.66389884529,2068.19,90.14485347870671,PQ65/60
0.194,120,65.0,0.405,60.0,42.0,3.86,45.0,40.8,94,26.0,55.0,13,565.0249224553841,7889.71,287.926315296509,PQ65/60
0.12,180,35.1,1.127,34.8,25.0,4.08,26.0,23.5,244,14.3,32.0,25,8285.23358317178,7727.3,149.635083386547,PQ35/35
0.161,20,26.5,1.834,20.2,11.5,2.54,19.0,15.5,136,12.0,22.5,67,14693.1597447435,1189.01,494.250789199588,PQ26/20
0.078,20,107.0,2.267,87.0,56.0,6.14,70.0,72.5,574,41.0,93.7,11,8792.31248302525,30767.2,109.73416181366599,PQ107/87
0.077,400,16.4,0.152,11.6,6.7,0.78,11.2,9.6,594,7.0,14.4,6,27.5743629972958,101.382,12.407701197356,PQ16/11.6
0.174,180,35.1,0.66,34.8,25.0,5.18,26.0,23.5,117,14.3,32.0,11,1191.15788250346,1365.75,44.7652929216413,PQ35/35
0.146,20,16.4,0.698,11.6,6.7,1.97,11.2,9.6,165,7.0,14.4,30,1204.98674515634,244.559,84.0959030262072,PQ16/11.6
0.2,40,50.0,2.097,50.0,36.1,4.31,32.5,31.5,29,20.0,44.0,56,2671.95661759952,938.839,838.68792012774,PQ50/50
0.114,40,20.5,1.459,16.2,10.3,2.74,14.0,12.5,273,8.8,18.0,30,3083.77723945922,657.952,70.2840878216382,PQ20/16
0.091,100,16.4,1.456,11.6,6.7,2.49,11.2,9.6,430,7.0,14.4,17,1517.81551757676,116.863,14.710444198459099,PQ16/11.6
0.2,40,50.0,1.576,40.0,26.1,13.09,32.0,31.5,66,20.0,44.0,15,4208.22542717873,3457.94,74.1998106473532,PQ50/40
0.196,350,50.0,0.706,50.0,36.1,9.95,32.5,31.5,63,20.0,44.0,9,1740.68602647538,2971.99,52.4847481031343,PQ50/50
0.084,20,50.0,2.18,50.0,36.1,5.27,32.5,31.5,500,20.0,44.0,12,3005.46418252482,4798.83,37.3066336506558,PQ50/50
0.101,150,26.5,0.967,24.8,16.1,2.15,19.0,15.5,349,12.0,22.5,27,4426.21366604462,2154.49,139.751518535327,PQ26/25
0.2,60,40.5,1.178,30.3,20.0,11.08,28.0,28.0,59,14.9,37.0,13,1980.98368968308,1153.1,42.001558153945204,PQ40/30
0.2,150,32.0,0.264,30.4,21.3,3.91,22.0,19.0,83,13.4,27.5,8,241.975747924696,856.32,45.8819360226626,PQ32/30
0.119,200,32.0,0.578,20.5,11.5,2.18,22.0,19.0,251,13.4,27.5,17,1777.28526273323,1161.46,104.475038811077,PQ32/20
0.093,600,32.0,2.402,30.4,21.3,7.59,22.0,19.0,409,13.4,27.5,10,7051.03636907568,1374.5,11.543812506076,PQ32/30
0.078,400,32.0,1.544,30.4,21.3,2.63,22.0,19.0,582,13.4,27.5,19,4183.51275665072,2156.71,59.036749328366994,PQ32/30
0.172,600,65.0,1.259,60.0,42.0,15.16,45.0,40.8,119,26.0,55.0,8,9546.98278828068,9650.6,41.242311683828,PQ65/60
0.084,300,26.5,1.837,24.8,16.1,2.92,19.0,15.5,503,12.0,22.5,20,6125.2106983576305,1083.95,45.4186652602805,PQ26/25
0.133,120,32.0,1.125,30.4,21.3,4.11,22.0,19.0,199,13.4,27.5,24,6396.75164583272,3500.4300000000003,121.485223780585,PQ32/30
0.129,350,32.0,0.465,20.5,11.5,6.87,22.0,19.0,213,13.4,27.5,6,1385.22840969139,1884.21,15.739744760575801,PQ32/20
0.125,400,26.5,0.283,24.8,16.1,4.35,19.0,15.5,226,12.0,22.5,6,524.773038166589,1870.5,19.7512109306302,PQ26/25
0.08,180,20.5,0.514,20.2,14.3,0.89,14.0,12.5,545,8.8,18.0,17,210.508697820326,325.849,53.773769306597195,PQ20/20
0.126,300,40.5,2.181,39.8,29.5,11.42,28.0,28.0,224,14.9,37.0,18,29914.7125860273,13524.5,51.0800457931248,PQ40/40
0.2,50,32.0,0.871,20.5,11.5,6.56,22.0,19.0,63,13.4,27.5,16,1929.66244286843,547.061,65.1630431475178,PQ32/20
0.167,300,40.5,1.552,39.8,29.5,12.6,28.0,28.0,127,14.9,37.0,11,8670.64006211575,3358.47,24.6524313289445,PQ40/40
0.086,120,32.0,1.087,20.5,11.5,0.78,22.0,19.0,472,13.4,27.5,41,1809.51858053232,593.1189999999999,354.696709734358,PQ32/20
0.158,400,50.0,0.807,50.0,36.1,12.76,32.5,31.5,141,20.0,44.0,6,2064.9532763307097,6414.900000000001,20.8346666221571,PQ50/50
0.107,100,32.0,0.595,20.5,11.5,0.78,22.0,19.0,308,13.4,27.5,43,1810.95328206409,1215.93,651.55862769422,PQ32/20
0.184,300,50.0,1.125,50.0,36.1,8.17,32.5,31.5,104,20.0,44.0,12,4887.59539330202,3460.02,63.3078336602896,PQ50/50
0.097,180,32.0,1.96,20.5,11.5,4.34,22.0,19.0,373,13.4,27.5,27,22332.0129994074,3295.43,94.2745107509879,PQ32/20
0.149,180,35.1,2.173,34.8,25.0,10.86,26.0,23.5,159,14.3,32.0,17,17490.2243724106,4373.71,41.386358659366,PQ35/35
0.08,60,16.4,1.787,11.6,6.7,1.52,11.2,9.6,550,7.0,14.4,35,2743.4966414134296,211.93699999999998,52.5861848264531,PQ16/11.6
0.085,40,20.5,2.453,16.2,10.3,1.08,14.0,12.5,486,8.8,18.0,69,4720.66802592176,476.482,242.2765006851,PQ20/16
0.107,20,35.1,0.718,34.8,25.0,0.8,26.0,23.5,309,14.3,32.0,53,468.823606207155,3102.15,967.968695418017,PQ35/35
0.109,350,40.5,1.941,30.3,20.0,10.29,28.0,28.0,295,14.9,37.0,12,11351.3396491675,5353.31,24.0972562021184,PQ40/30
0.079,10,20.5,1.037,20.2,14.3,1.02,14.0,12.5,564,8.8,18.0,31,354.13209740325,546.737,101.500528925673,PQ20/20
0.08,120,20.5,0.577,16.2,10.3,0.66,14.0,12.5,545,8.8,18.0,25,309.899147121298,247.987,104.40837286426,PQ20/16
0.2,20,50.0,2.316,50.0,36.1,13.31,32.5,31.5,68,20.0,44.0,20,7609.81503083087,4706.48,99.01426306285249,PQ50/50
0.082,250,32.0,1.589,30.4,21.3,3.35,22.0,19.0,523,13.4,27.5,14,1723.2223783962,1400.34,31.3019088872096,PQ32/30
0.138,80,50.0,1.881,50.0,36.1,7.8,32.5,31.5,185,20.0,44.0,21,7037.39271155568,12944.4,128.284239952081,PQ50/50
0.178,60,40.5,1.777,30.3,20.0,5.38,28.0,28.0,112,14.9,37.0,30,8855.64682471125,2170.46,161.41669451861,PQ40/30
0.068,300,50.0,0.976,40.0,26.1,0.96,32.0,31.5,389,20.0,44.0,65,3546.40960568033,12792.3,2067.42718776801,PQ50/40
0.088,30,16.4,1.936,11.6,6.7,1.13,11.2,9.6,454,7.0,14.4,51,2324.15863311664,154.54399999999998,104.364715062313,PQ16/11.6
0.079,350,26.5,1.586,24.8,16.1,4.23,19.0,15.5,564,12.0,22.5,11,2570.84645078142,999.527,15.4694615648297,PQ26/25
0.107,40,26.5,1.207,24.8,16.1,3.37,19.0,15.5,307,12.0,22.5,23,2090.47641206095,2286.7,84.5492485014001,PQ26/25
0.108,300,26.5,1.525,24.8,16.1,7.34,19.0,15.5,300,12.0,22.5,12,8456.03553780368,1873.27,19.019782981202198,PQ26/25
0.102,200,107.0,2.043,87.0,56.0,17.14,70.0,72.5,339,41.0,93.7,7,4423.1013263493005,67950.4,48.4843479225759,PQ107/87
0.099,200,20.5,0.517,16.2,10.3,3.36,14.0,12.5,360,8.8,18.0,9,650.597954666774,739.557,14.8410381887443,PQ20/16
0.128,180,50.0,1.83,40.0,26.1,8.32,32.0,31.5,214,20.0,44.0,20,17428.312140966304,14303.4,116.757199767434,PQ50/40
0.2,60,50.0,1.337,40.0,26.1,3.83,32.0,31.5,59,20.0,44.0,43,5838.22721648082,2538.57,697.797963666014,PQ50/40
0.091,180,20.5,1.053,16.2,10.3,2.56,14.0,12.5,429,8.8,18.0,12,778.137474944845,221.612,14.6473819332688,PQ20/16
0.162,40,26.5,1.801,20.2,11.5,4.03,19.0,15.5,135,12.0,22.5,38,13604.6880910611,938.704,161.548869155505,PQ26/20
0.14,600,50.0,1.859,40.0,26.1,17.67,32.0,31.5,181,20.0,44.0,9,23801.9644514309,9073.22,23.3394942283522,PQ50/40
0.2,80,35.1,1.64,34.8,25.0,10.04,26.0,23.5,84,14.3,32.0,19,9111.15517801443,2573.28,64.3097468190172,PQ35/35
0.08,350,20.5,0.793,16.2,10.3,2.75,14.0,12.5,554,8.8,18.0,9,748.439414398046,370.025,10.3963449355801,PQ20/16
0.136,400,50.0,1.175,40.0,26.1,7.03,32.0,31.5,192,20.0,44.0,15,12068.7938394379,9203.900000000001,94.4440708361508,PQ50/40
0.084,200,20.5,1.317,20.2,14.3,2.77,14.0,12.5,498,8.8,18.0,15,1507.12999823952,549.6320000000001,19.6862452952097,PQ20/20
0.111,120,26.5,1.042,24.8,16.1,3.8,19.0,15.5,287,12.0,22.5,17,2819.48370568512,1705.25,52.133480719930496,PQ26/25
0.083,150,20.5,1.572,16.2,10.3,3.55,14.0,12.5,512,8.8,18.0,13,1508.57476657043,383.955,12.4115731510317,PQ20/16
0.119,250,40.5,0.386,30.3,20.0,1.74,28.0,28.0,248,14.9,37.0,21,1286.29272247475,5190.67,278.08411506201895,PQ40/30
0.077,200,20.5,0.808,16.2,10.3,2.12,14.0,12.5,592,8.8,18.0,11,464.468214573521,342.915,15.2914585831984,PQ20/16
0.11,250,32.0,1.209,30.4,21.3,7.1,22.0,19.0,294,13.4,27.5,10,2993.45174377259,2634.63,19.8758959078506,PQ32/30
0.2,250,50.0,1.584,50.0,36.1,18.21,32.5,31.5,47,20.0,44.0,10,3613.48190642794,1949.07,33.4109048991119,PQ50/50
0.077,30,32.0,2.002,30.4,21.3,3.34,22.0,19.0,598,13.4,27.5,18,1289.43986540642,2164.02,43.1280556489478,PQ32/30
0.2,80,32.0,0.898,30.4,21.3,6.16,22.0,19.0,43,13.4,27.5,17,964.6882412158469,396.772,73.2573482821651,PQ32/30
0.107,400,32.0,1.266,20.5,11.5,7.68,22.0,19.0,306,13.4,27.5,10,8473.63337027352,1961.23,18.5749471101593,PQ32/20
0.094,180,32.0,2.329,20.5,11.5,7.88,22.0,19.0,396,13.4,27.5,17,17865.5770054413,3591.48,32.3884041778665,PQ32/20
0.111,100,65.0,1.315,60.0,42.0,1.13,45.0,40.8,286,26.0,55.0,68,5369.25665410273,13157.2,2868.10381762962,PQ65/60
0.155,150,26.5,0.509,24.8,16.1,4.15,19.0,15.5,147,12.0,22.5,11,1143.8550648431,970.0530000000001,39.8665114301018,PQ26/25
0.119,50,26.5,0.891,20.2,11.5,3.07,19.0,15.5,249,12.0,22.5,27,3983.13618312316,2722.37,147.470905796951,PQ26/20
0.069,500,40.5,0.893,30.3,20.0,1.17,28.0,28.0,467,14.9,37.0,23,622.32847330147,1135.58,164.30144384439402,PQ40/30
0.119,60,20.5,0.725,16.2,10.3,3.54,14.0,12.5,251,8.8,18.0,13,729.023093868303,547.9190000000001,23.3741579816021,PQ20/16
0.097,200,35.1,2.107,34.8,25.0,5.63,26.0,23.5,372,14.3,32.0,24,14541.0042194338,9852.47,84.4549222575736,PQ35/35
0.085,150,32.0,2.016,20.5,11.5,1.45,22.0,19.0,492,13.4,27.5,43,8540.17851397942,962.21,233.467107901825,PQ32/20
0.2,80,40.5,1.505,39.8,29.5,7.85,28.0,28.0,81,14.9,37.0,22,6279.23075658964,2731.42,101.021344947253,PQ40/40
0.097,30,26.5,1.496,24.8,16.1,1.32,19.0,15.5,376,12.0,22.5,64,4447.576112655241,2628.24,549.325158376381,PQ26/25
0.152,80,35.1,2.201,34.8,25.0,6.43,26.0,23.5,153,14.3,32.0,30,15198.4622346897,4428.27,127.76848530694,PQ35/35
0.2,250,40.5,0.978,39.8,29.5,14.65,28.0,28.0,28,14.9,37.0,8,541.603387816716,339.856,18.7157668400348,PQ40/40
0.128,100,40.5,1.823,30.3,20.0,4.41,28.0,28.0,217,14.9,37.0,36,16614.4600362696,6641.08,227.690976004779,PQ40/30
0.104,500,50.0,1.425,40.0,26.1,4.22,32.0,31.5,327,20.0,44.0,20,12606.1222877423,9051.53,143.05149147482,PQ50/40
0.097,20,65.0,1.722,60.0,42.0,1.94,45.0,40.8,374,26.0,55.0,53,3095.15209257919,26044.3,1396.17828652745,PQ65/60
0.088,300,20.5,0.667,20.2,14.3,2.83,14.0,12.5,455,8.8,18.0,7,257.65033120312296,271.857,7.3671614956202,PQ20/20
0.078,120,20.5,1.762,16.2,10.3,2.28,14.0,12.5,576,8.8,18.0,22,2274.09958514301,464.521,32.4052435090609,PQ20/16
0.085,500,40.5,1.345,39.8,29.5,2.34,28.0,28.0,483,14.9,37.0,18,2101.5031351714,2230.68,73.6544903148414,PQ40/40
0.089,250,32.0,1.348,30.4,21.3,2.48,22.0,19.0,443,13.4,27.5,17,1683.1025074949,1103.27,52.6510340439363,PQ32/30
0.142,60,40.5,1.828,30.3,20.0,3.14,28.0,28.0,175,14.9,37.0,56,18706.6200930571,5774.79,549.926782432705,PQ40/30
0.139,80,32.0,1.197,30.4,21.3,3.31,22.0,19.0,182,13.4,27.5,31,5978.18113846967,2901.09,192.73361151181,PQ32/30
0.077,600,35.1,2.297,34.8,25.0,6.58,26.0,23.5,598,14.3,32.0,10,4359.65138397542,2940.3,13.7083835097589,PQ35/35
0.093,150,26.5,1.665,24.8,16.1,1.65,19.0,15.5,404,12.0,22.5,32,3965.13858884602,681.84,125.872886039909,PQ26/25
0.08,100,20.5,1.569,20.2,14.3,2.6,14.0,12.5,551,8.8,18.0,17,1011.80545369128,548.215,22.0475270269434,PQ20/20
0.2,50,35.1,2.369,34.8,25.0,9.37,26.0,23.5,35,14.3,32.0,30,4167.87275481407,672.393,120.694334549065,PQ35/35
0.177,400,50.0,0.668,50.0,36.1,6.92,32.5,31.5,113,20.0,44.0,9,1977.27679446145,3796.04,54.9148492012864,PQ50/50
0.106,10,26.5,2.263,20.2,11.5,0.78,19.0,15.5,316,12.0,22.5,178,12652.3912874897,2120.44,2923.58751987169,PQ26/20
0.101,350,65.0,2.111,60.0,42.0,13.31,45.0,40.8,347,26.0,55.0,10,8724.95953026911,29027.9,42.137911941043605,PQ65/60
0.086,30,20.5,1.785,20.2,14.3,1.08,14.0,12.5,474,8.8,18.0,47,1094.83154848445,465.645,152.288557996106,PQ20/20
0.2,50,20.5,0.186,20.2,14.3,2.29,14.0,12.5,61,8.8,18.0,10,49.299984919511,172.017,44.2480798964199,PQ20/20
0.102,30,20.5,1.033,16.2,10.3,0.94,14.0,12.5,342,8.8,18.0,63,2573.80611802519,882.976,410.138557216728,PQ20/16
0.149,50,35.1,0.876,34.8,25.0,5.84,26.0,23.5,159,14.3,32.0,14,1205.81370370238,3369.6600000000003,57.481980307799,PQ35/35
0.153,150,35.1,0.882,34.8,25.0,5.05,26.0,23.5,150,14.3,32.0,15,2361.71336242899,2451.31,65.61265147147101,PQ35/35
0.169,80,26.5,1.263,24.8,16.1,6.17,19.0,15.5,123,12.0,22.5,18,5675.3043644277,987.928,49.938681054042306,PQ26/25
0.093,60,16.4,1.564,11.6,6.7,2.76,11.2,9.6,410,7.0,14.4,17,1155.08962591785,119.18,13.874403823071999,PQ16/11.6
0.2,120,50.0,0.814,40.0,26.1,4.48,32.0,31.5,54,20.0,44.0,22,1823.48171943403,1679.19,276.809311957392,PQ50/40
0.2,100,35.1,1.644,34.8,25.0,14.0,26.0,23.5,21,14.3,32.0,15,1289.21502947166,257.48,40.0063136124075,PQ35/35
0.098,120,32.0,2.44,30.4,21.3,3.09,22.0,19.0,365,13.4,27.5,46,22313.2350361021,5698.48,241.295907383432,PQ32/30
0.099,150,26.5,2.031,24.8,16.1,5.26,19.0,15.5,359,12.0,22.5,24,16669.5343996596,3668.94,60.2874481999684,PQ26/25
0.124,120,32.0,1.785,20.5,11.5,5.79,22.0,19.0,231,13.4,27.5,28,30988.8184416989,3857.35,109.538721614975,PQ32/20
0.089,400,26.5,2.154,24.8,16.1,4.72,19.0,15.5,449,12.0,22.5,13,5651.81560640649,709.033,16.8605738817428,PQ26/25
0.171,200,35.1,1.272,34.8,25.0,11.49,26.0,23.5,121,14.3,32.0,10,4835.08422791638,2279.21,21.744019385711,PQ35/35
0.2,20,26.5,0.981,20.2,11.5,4.82,19.0,15.5,57,12.0,22.5,26,1870.1759916542699,421.942,126.073617429231,PQ26/20
0.089,30,20.5,2.087,16.2,10.3,1.22,14.0,12.5,441,8.8,18.0,52,2145.33849687023,370.813,157.500641229758,PQ20/16
0.079,120,26.5,1.09,20.2,11.5,1.07,19.0,15.5,571,12.0,22.5,30,1536.26513392493,651.19,153.427621309097,PQ26/20
0.2,40,26.5,1.513,20.2,11.5,6.91,19.0,15.5,74,12.0,22.5,25,8516.1747167714,612.537,80.9770664094271,PQ26/20
0.093,120,20.5,0.945,16.2,10.3,2.5,14.0,12.5,409,8.8,18.0,12,519.981343944489,240.927,16.0034514748528,PQ20/16
0.083,400,20.5,0.145,16.2,10.3,1.25,14.0,12.5,338,8.8,18.0,7,35.1068670552934,455.869,27.0425764915911,PQ20/16
0.077,200,40.5,1.116,39.8,29.5,2.25,28.0,28.0,592,14.9,37.0,14,427.266673497925,2189.54,51.5039127606109,PQ40/40
0.087,150,50.0,1.055,50.0,36.1,3.89,32.5,31.5,466,20.0,44.0,8,290.51864562155697,2977.1299999999997,29.6077827148658,PQ50/50
0.077,300,32.0,0.315,20.5,11.5,1.41,22.0,19.0,38,13.4,27.5,26,38.34121562938439,144.778,417.105401270606,PQ32/20
0.144,200,32.0,0.967,20.5,11.5,7.3,22.0,19.0,170,13.4,27.5,12,6856.03725791106,1697.99,33.551474247871305,PQ32/20
0.106,10,20.5,0.25,16.2,10.3,1.27,14.0,12.5,315,8.8,18.0,12,98.0842537118548,493.53,49.2718319700238,PQ20/16
0.119,20,20.5,1.717,20.2,14.3,2.03,14.0,12.5,249,8.8,18.0,80,12108.8143052988,3225.14,455.164516677844,PQ20/20
0.141,40,32.0,1.936,20.5,11.5,5.78,22.0,19.0,177,13.4,27.5,29,11838.9684061922,2183.36,109.895394116887,PQ32/20
0.189,80,26.5,0.341,24.8,16.1,5.53,19.0,15.5,99,12.0,22.5,7,319.304012720656,752.931,22.8468978647673,PQ26/25
0.099,200,35.1,2.221,34.8,25.0,7.48,26.0,23.5,357,14.3,32.0,18,10937.6046717714,8199.52,45.611225266698,PQ35/35
0.083,250,26.5,1.752,24.8,16.1,3.25,19.0,15.5,515,12.0,22.5,17,3945.7519623944204,1075.15,34.0847777281317,PQ26/25
0.083,500,65.0,1.704,60.0,42.0,2.82,45.0,40.8,510,26.0,55.0,19,3581.3714284894804,8266.310000000001,180.96750460642,PQ65/60
0.122,30,20.5,1.717,20.2,14.3,3.0,14.0,12.5,237,8.8,18.0,51,10304.9460510703,2532.87,184.97346273252901,PQ20/20
0.125,400,40.5,2.143,39.8,29.5,13.46,28.0,28.0,227,14.9,37.0,14,25959.3752599951,11500.2,31.3061024334325,PQ40/40
0.138,350,65.0,2.093,60.0,42.0,8.0,45.0,40.8,186,26.0,55.0,24,40239.1532958367,24163.5,244.693838238467,PQ65/60
0.152,100,40.5,2.434,30.3,20.0,8.41,28.0,28.0,153,14.9,37.0,25,19419.1709286104,4061.99,87.8142451662897,PQ40/30
0.2,80,107.0,1.533,87.0,56.0,10.83,70.0,72.5,30,41.0,93.7,16,1924.83001367643,3944.41,323.438601266823,PQ107/87
0.158,100,40.5,2.382,30.3,20.0,8.55,28.0,28.0,141,14.9,37.0,27,24843.6679286146,4614.03,104.148689155579,PQ40/30
0.2,100,32.0,0.198,30.4,21.3,2.62,22.0,19.0,61,13.4,27.5,9,62.534318828009596,448.928,74.6190693412783,PQ32/30
0.087,350,40.5,1.332,30.3,20.0,2.18,28.0,28.0,462,14.9,37.0,19,2063.49336995181,1474.43,81.1709054150171,PQ40/30
0.109,150,35.1,0.732,34.8,25.0,4.2,26.0,23.5,295,14.3,32.0,11,707.9556441715939,3433.87,41.0408871931183,PQ35/35
0.112,400,32.0,0.752,30.4,21.3,4.84,22.0,19.0,280,13.4,27.5,9,1563.19830997205,1816.2,23.728709937609498,PQ32/30
0.153,500,107.0,1.034,87.0,56.0,9.44,70.0,72.5,150,41.0,93.7,10,4390.71576598096,37138.1,176.82599246425002,PQ107/87
0.092,50,16.4,1.318,11.6,6.7,1.52,11.2,9.6,420,7.0,14.4,25,942.887461389317,104.18900000000001,34.5560377210312,PQ16/11.6
0.078,20,20.5,2.077,16.2,10.3,0.5,14.0,12.5,584,8.8,18.0,117,2738.09678623609,507.363,800.36376430593,PQ20/16
0.118,20,20.5,0.812,20.2,14.3,0.56,14.0,12.5,252,8.8,18.0,82,1069.49136593828,570.737,862.964306927143,PQ20/20
0.2,40,26.5,1.453,24.8,16.1,6.39,19.0,15.5,50,12.0,22.5,26,3260.80511219869,396.572,92.9596377588663,PQ26/25
0.2,180,40.5,1.024,39.8,29.5,13.33,28.0,28.0,37,14.9,37.0,9,769.637059431269,552.254,22.8196277133106,PQ40/40
0.083,400,50.0,1.615,50.0,36.1,1.23,32.5,31.5,518,20.0,44.0,37,4297.8227352534,3996.7999999999997,449.297077064202,PQ50/50
0.2,180,65.0,2.483,60.0,42.0,10.04,45.0,40.8,76,26.0,55.0,30,46045.9752671269,10546.1,333.487989019622,PQ65/60
0.095,500,40.5,0.309,30.3,20.0,3.46,28.0,28.0,145,14.9,37.0,8,96.6559637842751,1553.2,48.8978605781614,PQ40/30
0.108,40,32.0,2.422,30.4,21.3,5.23,22.0,19.0,304,13.4,27.5,28,6131.08695235874,4468.67,90.0309331295701,PQ32/30
0.085,180,26.5,0.951,20.2,11.5,2.47,19.0,15.5,484,12.0,22.5,11,611.826829582724,418.821,23.1436768464075,PQ26/20
0.111,60,40.5,1.711,30.3,20.0,1.1,28.0,28.0,289,14.9,37.0,88,9090.97356378193,3506.77,1429.57050794994,PQ40/30
0.137,250,26.5,0.483,20.2,11.5,6.93,19.0,15.5,188,12.0,22.5,6,1109.7463413252,1067.46,12.330729632499,PQ26/20
0.129,30,32.0,1.939,30.4,21.3,1.71,22.0,19.0,213,13.4,27.5,107,23406.459769483798,6486.35,1564.97281581944,PQ32/30
0.1,150,20.5,0.653,16.2,10.3,2.85,14.0,12.5,352,8.8,18.0,13,1027.89295244584,716.561,25.4646823475226,PQ20/16
0.2,40,40.5,1.78,30.3,20.0,4.46,28.0,28.0,88,14.9,37.0,46,14180.6878782624,2559.32,379.014454912232,PQ40/30
0.079,300,50.0,2.453,50.0,36.1,1.73,32.5,31.5,562,20.0,44.0,42,8611.13493437884,6782.04,416.843583718872,PQ50/50
0.2,50,40.5,0.746,39.8,29.5,1.88,28.0,28.0,69,14.9,37.0,45,1414.40868023451,1365.71,736.365774300384,PQ40/40
0.09,20,32.0,0.675,20.5,11.5,1.38,22.0,19.0,433,13.4,27.5,14,166.07311766782,391.11,61.9308843468388,PQ32/20
0.077,150,20.5,1.368,16.2,10.3,1.82,14.0,12.5,600,8.8,18.0,22,1939.48077008287,475.13,39.8286294270041,PQ20/16
0.154,40,40.5,1.89,30.3,20.0,2.28,28.0,28.0,149,14.9,37.0,73,14636.5319622475,3501.44,910.776931038785,PQ40/30
0.124,120,40.5,1.271,30.3,20.0,3.99,28.0,28.0,229,14.9,37.0,28,7864.65770170686,6162.530000000001,183.238095723631,PQ40/30
0.09,300,26.5,2.346,24.8,16.1,4.88,19.0,15.5,437,12.0,22.5,14,5511.58159966968,747.305,18.2248875002104,PQ26/25
0.09,500,26.5,1.285,20.2,11.5,6.69,19.0,15.5,431,12.0,22.5,6,1896.1363010568998,486.595,5.34154286340165,PQ26/20
0.154,20,20.5,1.137,20.2,14.3,2.08,14.0,12.5,148,8.8,18.0,47,2802.29850123421,769.72,217.120166526531,PQ20/20
0.092,600,40.5,1.62,39.8,29.5,4.22,28.0,28.0,414,14.9,37.0,11,1875.2224867674402,1492.61,23.8398463918129,PQ40/40
0.136,200,40.5,0.398,39.8,29.5,3.14,28.0,28.0,192,14.9,37.0,11,376.200870811299,3338.58,74.0175786672079,PQ40/40
0.11,50,107.0,1.237,87.0,56.0,6.13,70.0,72.5,293,41.0,93.7,13,2456.28743978051,54176.0,255.758980638834,PQ107/87
0.134,150,40.5,1.154,30.3,20.0,3.65,28.0,28.0,197,14.9,37.0,27,7342.36201531404,4087.99,184.21381267790602,PQ40/30
0.079,250,16.4,1.095,11.6,6.7,3.48,11.2,9.6,563,7.0,14.4,9,1131.44628675262,162.003,5.21972272159315,PQ16/11.6
0.2,150,40.5,0.797,39.8,29.5,7.78,28.0,28.0,56,14.9,37.0,13,1220.9267058336,1283.07,58.2677670233869,PQ40/40
0.09,400,40.5,2.121,30.3,20.0,9.0,28.0,28.0,432,14.9,37.0,7,2048.79935814163,1506.14,7.64304562322665,PQ40/30
0.085,50,20.5,2.031,16.2,10.3,2.4,14.0,12.5,493,8.8,18.0,25,1689.03578672743,418.36,37.2390870549326,PQ20/16
0.08,100,32.0,1.301,30.4,21.3,0.51,22.0,19.0,549,13.4,27.5,74,2344.12649357884,1307.72,1025.97851796292,PQ32/30
0.2,150,65.0,1.409,60.0,42.0,6.05,45.0,40.8,23,26.0,55.0,30,1612.56760165956,1048.96,528.627801363199,PQ65/60
0.166,60,26.5,1.716,24.8,16.1,6.49,19.0,15.5,128,12.0,22.5,23,9543.72738583649,1209.71,63.5220766532225,PQ26/25
0.136,40,16.4,0.524,11.6,6.7,3.56,11.2,9.6,190,7.0,14.4,13,671.0019238196841,312.543,20.0479740356243,PQ16/11.6
0.078,350,26.5,1.294,24.8,16.1,3.77,19.0,15.5,584,12.0,22.5,10,1604.36984124571,942.82,15.0969955894863,PQ26/25
0.104,20,16.4,0.979,11.6,6.7,0.99,11.2,9.6,327,7.0,14.4,57,1963.58651129202,368.593,229.645388322907,PQ16/11.6
0.103,30,26.5,1.807,24.8,16.1,0.77,19.0,15.5,333,12.0,22.5,135,13099.374212345,2443.33,2097.5954329608,PQ26/25
0.121,250,40.5,2.004,39.8,29.5,10.91,28.0,28.0,243,14.9,37.0,16,16437.7412488541,12140.0,42.9964616509655,PQ40/40
0.2,60,50.0,1.107,40.0,26.1,4.27,32.0,31.5,65,20.0,44.0,30,3128.7321126343104,2376.03,397.115246996296,PQ50/40
0.103,500,26.5,0.584,24.8,16.1,5.28,19.0,15.5,333,12.0,22.5,7,1554.00675396846,1823.1299999999999,14.3453477575078,PQ26/25
0.092,600,40.5,0.528,39.8,29.5,3.63,28.0,28.0,140,14.9,37.0,14,363.140031446979,2763.19,94.7216968953193,PQ40/40
0.121,20,50.0,1.267,40.0,26.1,2.07,32.0,31.5,240,20.0,44.0,59,4119.88355252965,17289.9,1372.74154786373,PQ50/40
0.081,500,35.1,1.431,34.8,25.0,2.01,26.0,23.5,544,14.3,32.0,21,3317.57486595612,2007.8200000000002,87.2160149499171,PQ35/35
0.101,500,40.5,2.03,30.3,20.0,8.18,28.0,28.0,345,14.9,37.0,14,15958.6523339316,5356.54,31.6893564403575,PQ40/30
0.142,200,50.0,2.44,40.0,26.1,19.06,32.0,31.5,174,20.0,44.0,12,21625.6796759888,12239.800000000001,33.3296010959921,PQ50/40
0.117,200,26.5,0.37,24.8,16.1,1.74,19.0,15.5,258,12.0,22.5,13,433.218097296336,879.257,73.2399004137878,PQ26/25
0.143,20,40.5,2.484,39.8,29.5,1.32,28.0,28.0,173,14.9,37.0,176,24476.0259828452,9001.5,4431.80254032358,PQ40/40
0.159,200,35.1,0.505,34.8,25.0,6.16,26.0,23.5,139,14.3,32.0,7,500.48081172536894,1628.9199999999998,22.6660714478763,PQ35/35
0.2,10,32.0,2.438,30.4,21.3,2.15,22.0,19.0,80,13.4,27.5,130,17919.1250384683,1996.75,1930.39858719202,PQ32/30
0.142,50,32.0,1.181,30.4,21.3,2.17,22.0,19.0,175,13.4,27.5,47,5646.19588636656,2743.85,447.800027657406,PQ32/30
0.114,50,16.4,0.508,11.6,6.7,3.21,11.2,9.6,270,7.0,14.4,10,332.584784302855,245.671,12.1735593474528,PQ16/11.6
0.081,80,20.5,1.366,16.2,10.3,1.15,14.0,12.5,538,8.8,18.0,34,1514.92767662193,365.568,95.1974115986127,PQ20/16
0.11,80,20.5,0.625,20.2,14.3,1.65,14.0,12.5,293,8.8,18.0,23,831.223752107353,785.671,83.9483423774988,PQ20/20
0.086,200,26.5,2.032,24.8,16.1,2.37,19.0,15.5,473,12.0,22.5,27,6291.75830963068,987.908,76.2262958427251,PQ26/25
0.082,100,16.4,1.018,11.6,6.7,1.77,11.2,9.6,519,7.0,14.4,18,940.073621416256,171.979,22.170182837147,PQ16/11.6
0.09,500,32.0,1.426,30.4,21.3,4.47,22.0,19.0,439,13.4,27.5,10,2270.3433191891,1123.79,17.4024562457223,PQ32/30
0.2,30,40.5,1.896,39.8,29.5,9.38,28.0,28.0,68,14.9,37.0,25,4992.21346107389,2770.72,109.451245351993,PQ40/40
0.2,250,65.0,2.103,60.0,42.0,12.63,45.0,40.8,30,26.0,55.0,20,5214.59139927712,1720.61,169.29245210095,PQ65/60
0.081,250,50.0,1.207,40.0,26.1,2.97,32.0,31.5,532,20.0,44.0,12,733.446603807014,3206.87,59.0290243843193,PQ50/40
0.138,20,40.5,1.71,30.3,20.0,7.51,28.0,28.0,186,14.9,37.0,20,4539.71090338105,4924.85,73.9151272372849,PQ40/30
0.091,400,35.1,0.47,34.8,25.0,0.9,26.0,23.5,423,14.3,32.0,16,229.94230240651,800.3249999999999,125.577226192842,PQ35/35
0.078,350,40.5,1.011,30.3,20.0,1.29,28.0,28.0,579,14.9,37.0,25,1671.98273706954,2028.29,175.306846752552,PQ40/30
0.154,40,26.5,1.844,20.2,11.5,3.72,19.0,15.5,149,12.0,22.5,42,15366.4424885342,1127.62,193.470694874194,PQ26/20
0.082,30,16.4,1.162,11.6,6.7,0.84,11.2,9.6,526,7.0,14.4,43,897.743182542243,182.18200000000002,113.457118557646,PQ16/11.6
0.086,100,40.5,1.954,39.8,29.5,5.81,28.0,28.0,472,14.9,37.0,10,876.059468474578,2372.04,17.095055155257,PQ40/40
0.1,350,26.5,0.689,20.2,11.5,3.73,19.0,15.5,352,12.0,22.5,11,2661.4989472391703,1449.17,30.4499407035348,PQ26/20
0.077,100,20.5,2.107,20.2,14.3,1.76,14.0,12.5,591,8.8,18.0,37,4108.13759500547,959.913,82.7695976254327,PQ20/20
0.115,60,20.5,1.454,16.2,10.3,3.79,14.0,12.5,269,8.8,18.0,22,3479.57605005191,675.827,37.9007494799,PQ20/16
0.166,100,26.5,1.26,24.8,16.1,7.12,19.0,15.5,128,12.0,22.5,15,5470.74849368926,959.55,34.762830400654,PQ26/25
0.109,300,32.0,0.926,30.4,21.3,3.7,22.0,19.0,297,13.4,27.5,15,3155.19080488298,2451.16,55.4924316774687,PQ32/30
0.101,120,32.0,1.955,30.4,21.3,3.08,22.0,19.0,346,13.4,27.5,39,14423.6709862412,5214.28,206.658682106813,PQ32/30
0.084,200,16.4,0.973,11.6,6.7,3.2,11.2,9.6,500,7.0,14.4,9,788.213126982334,134.73,5.75270444991233,PQ16/11.6
0.115,200,26.5,1.55,24.8,16.1,6.98,19.0,15.5,268,12.0,22.5,14,8322.18570543107,1931.48,25.5407292911854,PQ26/25
0.155,30,32.0,1.211,30.4,21.3,8.0,22.0,19.0,147,13.4,27.5,13,1835.78643822434,1984.4,33.5777336875535,PQ32/30
0.099,80,20.5,1.769,20.2,14.3,3.94,14.0,12.5,357,8.8,18.0,28,7570.64104859851,2174.01,54.4549766956166,PQ20/20
0.102,10,20.5,2.421,16.2,10.3,2.12,14.0,12.5,338,8.8,18.0,68,5756.74984672891,1441.93,238.104904860187,PQ20/16
0.169,20,50.0,2.434,50.0,36.1,13.03,32.5,31.5,124,20.0,44.0,16,7623.87459682829,6958.62,60.9505080292557,PQ50/50
0.081,200,20.5,1.058,20.2,14.3,2.08,14.0,12.5,536,8.8,18.0,16,1057.1755752833,554.3860000000001,26.6074393868066,PQ20/20
0.091,60,20.5,2.467,20.2,14.3,3.95,14.0,12.5,425,8.8,18.0,19,1878.31496794028,551.77,19.2519377930726,PQ20/20
0.101,180,40.5,0.904,39.8,29.5,1.49,28.0,28.0,344,14.9,37.0,36,2526.19515096005,5259.5,402.596819400813,PQ40/40
0.087,80,20.5,1.845,16.2,10.3,2.95,14.0,12.5,468,8.8,18.0,20,2004.95404368687,445.001,25.7767776231624,PQ20/16
0.167,150,32.0,0.48,20.5,11.5,6.1,22.0,19.0,126,13.4,27.5,7,759.51992384832,735.598,20.8336412630447,PQ32/20
0.101,500,50.0,2.031,40.0,26.1,12.15,32.0,31.5,349,20.0,44.0,10,12994.8305679004,12510.0,26.8044149509496,PQ50/40
0.092,180,32.0,2.428,20.5,11.5,3.89,22.0,19.0,414,13.4,27.5,19,5979.94606778662,730.365,39.0895305507856,PQ32/20
0.129,80,32.0,2.255,30.4,21.3,7.63,22.0,19.0,213,13.4,27.5,27,19884.2385445593,6465.27,88.4752753079632,PQ32/30
0.089,600,50.0,0.959,40.0,26.1,1.8,32.0,31.5,441,20.0,44.0,17,1674.05573308573,2511.73,143.510700123505,PQ50/40
0.12,350,35.1,2.182,34.8,25.0,14.56,26.0,23.5,247,14.3,32.0,13,27567.0452426978,10444.1,24.1183462674794,PQ35/35
0.141,600,65.0,0.679,60.0,42.0,6.49,45.0,40.8,106,26.0,55.0,9,915.953616886833,4533.53,88.0506697983633,PQ65/60
0.092,30,20.5,1.709,16.2,10.3,0.96,14.0,12.5,414,8.8,18.0,53,1475.35151246705,282.887,192.773276185785,PQ20/16
0.093,180,20.5,0.893,16.2,10.3,2.13,14.0,12.5,409,8.8,18.0,12,546.58236005024,179.334,16.7634599083251,PQ20/16
0.2,500,107.0,2.327,87.0,56.0,11.91,70.0,72.5,54,41.0,93.7,25,39094.7737821321,18865.3,556.037581854132,PQ107/87
0.117,40,35.1,1.975,34.8,25.0,1.01,26.0,23.5,257,14.3,32.0,119,11562.3895436197,4217.87,2181.660548942,PQ35/35
0.137,10,26.5,1.827,20.2,11.5,1.35,19.0,15.5,189,12.0,22.5,121,12727.9524800669,1988.48,1617.55334953673,PQ26/20
0.138,20,16.4,0.963,11.6,6.7,3.21,11.2,9.6,185,7.0,14.4,28,2616.80113161733,446.785,56.1829748175319,PQ16/11.6
0.108,600,40.5,1.081,30.3,20.0,6.74,28.0,28.0,300,14.9,37.0,10,4982.92541231695,3804.08,26.6004447578842,PQ40/30
0.116,30,35.1,0.696,34.8,25.0,6.22,26.0,23.5,262,14.3,32.0,7,661.057091351736,2635.5,17.3252796820219,PQ35/35
0.104,300,50.0,1.902,40.0,26.1,3.51,32.0,31.5,325,20.0,44.0,32,20611.957493146398,10216.5,289.349942085266,PQ50/40
0.097,60,26.5,2.444,20.2,11.5,3.97,19.0,15.5,375,12.0,22.5,36,15503.7288442821,2626.11,111.984429648193,PQ26/20
0.076,500,20.5,0.134,20.2,14.3,1.84,14.0,12.5,122,8.8,18.0,7,10.5349016054011,287.294,28.7356108287598,PQ20/20
0.2,150,107.0,2.098,87.0,56.0,3.63,70.0,72.5,27,41.0,93.7,68,5861.97870467747,4085.43,4481.899478596851,PQ107/87
0.106,250,32.0,2.087,30.4,21.3,7.87,22.0,19.0,313,13.4,27.5,17,16043.899734449,5070.12,37.276735594303204,PQ32/30
0.104,300,26.5,0.535,24.8,16.1,3.37,19.0,15.5,329,12.0,22.5,10,1134.90379011334,1704.64,31.5452467053568,PQ26/25
0.189,250,107.0,0.712,87.0,56.0,4.41,70.0,72.5,54,41.0,93.7,19,1039.66803542784,9792.33,883.332133496556,PQ107/87
0.122,60,50.0,0.413,40.0,26.1,0.67,32.0,31.5,237,20.0,44.0,56,856.705985301616,9448.48,3214.53965259103,PQ50/40
0.2,10,32.0,1.166,20.5,11.5,5.7,22.0,19.0,79,13.4,27.5,26,3302.16180457321,1056.09,134.678802946078,PQ32/20
0.081,400,32.0,1.466,30.4,21.3,6.74,22.0,19.0,533,13.4,27.5,7,1426.04363228398,1743.83,8.342720963647889,PQ32/30
0.092,350,26.5,2.491,24.8,16.1,7.57,19.0,15.5,418,12.0,22.5,10,5524.74313817106,799.985,8.85765055858708,PQ26/25
0.179,350,50.0,1.567,50.0,36.1,15.5,32.5,31.5,110,20.0,44.0,9,8606.963772824,4800.22,27.2668275822424,PQ50/50
0.095,250,26.5,2.059,24.8,16.1,6.5,19.0,15.5,387,12.0,22.5,18,17331.1688045097,3342.75,33.5461023935125,PQ26/25
0.096,250,32.0,0.688,30.4,21.3,2.0,22.0,19.0,381,13.4,27.5,22,2416.0769635126,3992.28,152.629432451901,PQ32/30
0.102,80,40.5,1.888,30.3,20.0,9.72,28.0,28.0,338,14.9,37.0,11,2986.1796518801502,4961.78,20.6820746857455,PQ40/30
0.11,30,16.4,2.332,11.6,6.7,3.93,11.2,9.6,291,7.0,14.4,37,10211.3321773883,515.761,46.8898297987055,PQ16/11.6
0.096,250,26.5,0.617,20.2,11.5,2.15,19.0,15.5,381,12.0,22.5,17,2320.99841843527,1580.74,79.95008544697839,PQ26/20
0.2,60,35.1,1.348,34.8,25.0,8.63,26.0,23.5,67,14.3,32.0,18,3101.9200992740502,1489.09,67.297310657112,PQ35/35
0.095,350,26.5,1.017,24.8,16.1,7.41,19.0,15.5,391,12.0,22.5,8,3190.47858508528,2502.16,11.7806301258121,PQ26/25
0.129,180,26.5,0.863,24.8,16.1,6.16,19.0,15.5,213,12.0,22.5,12,3882.20994834939,2090.53,30.3734149351597,PQ26/25
0.145,20,32.0,2.282,20.5,11.5,2.49,22.0,19.0,167,13.4,27.5,79,20408.3090157886,2072.73,711.031331878188,PQ32/20
0.2,100,40.5,1.449,39.8,29.5,9.06,28.0,28.0,35,14.9,37.0,19,1569.7500375915301,634.738,77.6236130295971,PQ40/40
0.145,40,107.0,1.945,87.0,56.0,5.96,70.0,72.5,168,41.0,93.7,28,5968.39426691305,49613.0,809.100147140907,PQ107/87
0.124,50,50.0,2.422,40.0,26.1,14.81,32.0,31.5,229,20.0,44.0,14,9781.16046423296,16032.6,45.6430337445008,PQ50/40
0.14,200,40.5,1.326,30.3,20.0,11.59,28.0,28.0,181,14.9,37.0,10,5274.73578682757,4034.02,22.5938815056805,PQ40/30
0.178,80,50.0,1.55,50.0,36.1,2.86,32.5,31.5,112,20.0,44.0,50,11556.6893029901,5398.65,849.124661200281,PQ50/50
0.094,150,26.5,1.602,20.2,11.5,1.66,19.0,15.5,401,12.0,22.5,30,4287.33494719562,464.428,110.924497324423,PQ26/20
0.081,250,40.5,2.224,30.3,20.0,2.91,28.0,28.0,536,14.9,37.0,23,4488.14599292631,2384.2,79.6046287423391,PQ40/30
0.132,20,16.4,0.371,11.6,6.7,1.38,11.2,9.6,203,7.0,14.4,25,373.440968311131,352.948,99.33772982701899,PQ16/11.6
0.08,150,20.5,1.235,16.2,10.3,2.26,14.0,12.5,548,8.8,18.0,17,1386.52774601644,450.12600000000003,25.8303912033074,PQ20/16
0.084,350,32.0,1.829,30.4,21.3,3.04,22.0,19.0,500,13.4,27.5,19,4758.86490157349,1686.29,51.649468252476396,PQ32/30
0.108,150,40.5,2.333,30.3,20.0,6.39,28.0,28.0,301,14.9,37.0,23,12940.2529010083,6006.03,76.7447175026741,PQ40/30
0.084,180,16.4,0.852,11.6,6.7,3.03,11.2,9.6,503,7.0,14.4,9,651.381541958517,156.201,6.4154970616604095,PQ16/11.6
0.083,500,26.5,1.848,24.8,16.1,4.8,19.0,15.5,516,12.0,22.5,12,5952.28403034074,1084.52,16.273153921989,PQ26/25
0.128,20,20.5,1.792,20.2,14.3,2.59,14.0,12.5,216,8.8,18.0,60,8497.07270714659,2040.49,247.582955720315,PQ20/20
0.086,100,32.0,2.079,20.5,11.5,1.1,22.0,19.0,472,13.4,27.5,55,6559.36378178509,764.247,371.976142386094,PQ32/20
0.13,250,35.1,2.051,34.8,25.0,13.79,26.0,23.5,210,14.3,32.0,13,17953.0453059759,7574.59,25.3223295409856,PQ35/35
0.094,60,35.1,2.295,34.8,25.0,0.61,26.0,23.5,402,14.3,32.0,109,4794.361055535181,1457.71,1631.18458513597,PQ35/35
0.165,100,50.0,1.072,50.0,36.1,3.04,32.5,31.5,129,20.0,44.0,34,5137.3597525265695,6490.27,528.873039259797,PQ50/50
0.2,180,65.0,0.803,60.0,42.0,3.28,45.0,40.8,28,26.0,55.0,31,845.381978070323,1153.55,906.475713842439,PQ65/60
0.087,500,26.5,1.745,24.8,16.1,6.8,19.0,15.5,462,12.0,22.5,8,3513.76229548197,852.246,7.5769436814894595,PQ26/25
0.086,400,26.5,1.069,24.8,16.1,2.31,19.0,15.5,438,12.0,22.5,14,1564.12493975635,545.558,34.6046843098807,PQ26/25
0.096,100,26.5,1.982,20.2,11.5,5.74,19.0,15.5,383,12.0,22.5,20,9943.88317045856,2447.06,41.2724073623933,PQ26/20
0.156,300,40.5,0.717,30.3,20.0,8.5,28.0,28.0,145,14.9,37.0,8,2128.55314964784,2474.18,23.8631892400449,PQ40/30
0.2,180,50.0,1.776,40.0,26.1,18.26,32.0,31.5,65,20.0,44.0,11,8072.16739844335,2761.8,36.1816185821086,PQ50/40
0.096,350,20.5,0.266,16.2,10.3,2.55,14.0,12.5,381,8.8,18.0,6,187.853915241703,611.154,11.657294383821,PQ20/16
0.086,180,26.5,0.583,24.8,16.1,1.76,19.0,15.5,481,12.0,22.5,10,197.804585098422,500.883,29.3058678221505,PQ26/25
0.136,50,32.0,1.566,20.5,11.5,6.04,22.0,19.0,192,13.4,27.5,22,7547.39039701307,2198.56,75.4029448089351,PQ32/20
0.136,120,32.0,0.846,20.5,11.5,4.85,22.0,19.0,190,13.4,27.5,15,3595.53477026131,1717.25,58.706936726308,PQ32/20
0.065,500,26.5,0.682,20.2,11.5,1.5,19.0,15.5,437,12.0,22.5,14,356.675433454951,374.20599999999996,49.7433135554866,PQ26/20
0.054,500,40.5,0.388,39.8,29.5,0.72,28.0,28.0,30,14.9,37.0,62,26.7566243061173,230.277,2406.91779467496,PQ40/40
0.106,40,20.5,0.953,20.2,14.3,1.22,14.0,12.5,313,8.8,18.0,46,1778.41544679153,1029.66,239.010784100417,PQ20/20
0.185,120,40.5,1.042,39.8,29.5,4.49,28.0,28.0,103,14.9,37.0,21,3114.61101763534,1860.52,122.618637716132,PQ40/40
0.16,120,40.5,0.624,39.8,29.5,9.37,28.0,28.0,137,14.9,37.0,6,472.55614609126,2402.64,15.1413891244649,PQ40/40
0.078,300,20.5,0.584,20.2,14.3,2.55,14.0,12.5,576,8.8,18.0,7,211.101186390662,426.185,8.20905815158872,PQ20/20
0.087,500,32.0,1.372,30.4,21.3,4.75,22.0,19.0,466,13.4,27.5,9,1851.71788331787,1212.19,14.5539171492591,PQ32/30
0.084,200,32.0,2.053,20.5,11.5,1.61,22.0,19.0,501,13.4,27.5,36,8112.09015600983,781.581,161.21799144767502,PQ32/20
0.164,100,40.5,1.117,39.8,29.5,3.24,28.0,28.0,132,14.9,37.0,32,4800.136228793091,3266.21,269.3890828099,PQ40/40
0.149,180,35.1,0.978,34.8,25.0,5.83,26.0,23.5,160,14.3,32.0,16,4618.45757080539,3812.64,68.657190033254,PQ35/35
0.125,400,26.5,0.344,20.2,11.5,5.39,19.0,15.5,225,12.0,22.5,6,1039.19745842582,1675.34,16.6141762733008,PQ26/20
0.118,60,32.0,1.934,20.5,11.5,1.92,22.0,19.0,254,13.4,27.5,60,16339.7388240435,1613.21,470.560185713089,PQ32/20
0.2,300,50.0,0.872,50.0,36.1,18.45,32.5,31.5,68,20.0,44.0,6,2032.13637454207,3715.22,19.548368102238697,PQ50/50
0.102,20,40.5,1.678,30.3,20.0,5.04,28.0,28.0,341,14.9,37.0,20,3132.14097432173,5515.35,74.92795811852591,PQ40/30
0.091,200,16.4,0.943,11.6,6.7,3.49,11.2,9.6,426,7.0,14.4,8,658.959339563237,98.8378,4.66364891463431,PQ16/11.6
0.2,20,26.5,1.592,20.2,11.5,6.1,19.0,15.5,22,12.0,22.5,33,1636.79219314401,87.3407,135.081629875377,PQ26/20
0.078,80,16.4,2.266,11.6,6.7,2.4,11.2,9.6,585,7.0,14.4,27,3959.56036163548,234.029,25.6011608719683,PQ16/11.6
0.086,400,26.5,1.54,24.8,16.1,7.35,19.0,15.5,474,12.0,22.5,6,1465.46762118451,667.502,4.71607233325674,PQ26/25
0.2,20,32.0,1.696,20.5,11.5,3.6,22.0,19.0,70,13.4,27.5,55,10021.6526957883,799.374,440.811180009233,PQ32/20
0.088,500,35.1,2.269,34.8,25.0,11.71,26.0,23.5,452,14.3,32.0,6,2546.51825122248,2159.95,4.98127471233412,PQ35/35
0.127,40,26.5,0.726,24.8,16.1,0.97,19.0,15.5,219,12.0,22.5,66,3558.00220871069,2223.44,1061.51519133557,PQ26/25
0.139,20,16.4,0.128,11.6,6.7,0.58,11.2,9.6,183,7.0,14.4,19,30.3553725722018,171.142,145.103118643873,PQ16/11.6
0.101,600,35.1,1.699,34.8,25.0,13.35,26.0,23.5,349,14.3,32.0,8,9672.97370227259,7298.99,11.079998718744,PQ35/35
0.097,100,32.0,0.889,30.4,21.3,2.2,22.0,19.0,376,13.4,27.5,24,1610.1134976655999,3624.7799999999997,146.96440941322,PQ32/30
0.129,350,107.0,1.708,87.0,56.0,13.82,70.0,72.5,213,41.0,93.7,11,9416.758234581639,80103.6,139.362430841677,PQ107/87
0.103,600,50.0,2.351,50.0,36.1,9.64,32.5,31.5,334,20.0,44.0,15,25112.5292894465,17691.0,54.9827843610444,PQ50/50
0.188,400,50.0,0.778,40.0,26.1,14.85,32.0,31.5,100,20.0,44.0,6,3544.9533602179,4444.11,21.391806213413698,PQ50/40
0.131,100,32.0,0.239,20.5,11.5,0.9,22.0,19.0,205,13.4,27.5,25,463.661746335959,1688.99,492.764706751794,PQ32/20
0.079,150,32.0,1.442,30.4,21.3,0.87,22.0,19.0,561,13.4,27.5,47,2586.11170410137,1363.43,381.352992927815,PQ32/30
0.104,150,26.5,1.921,20.2,11.5,5.53,19.0,15.5,329,12.0,22.5,21,15900.2577219632,2038.52,46.721023991901205,PQ26/20
0.131,350,50.0,1.849,40.0,26.1,8.66,32.0,31.5,207,20.0,44.0,19,31470.0240290544,12775.6,104.488641340245,PQ50/40
0.132,80,32.0,1.347,20.5,11.5,3.27,22.0,19.0,202,13.4,27.5,35,13250.4942283713,2254.4,216.177683033934,PQ32/20
0.117,30,40.5,0.899,39.8,29.5,3.03,28.0,28.0,260,14.9,37.0,18,619.156837890649,3322.98,101.15845775800099,PQ40/40
0.098,10,20.5,2.429,20.2,14.3,2.21,14.0,12.5,366,8.8,18.0,63,4632.9697141670695,2217.1,214.362329606155,PQ20/20
0.098,30,20.5,1.463,20.2,14.3,3.66,14.0,12.5,370,8.8,18.0,25,2372.99710827006,2085.1,50.3354832186723,PQ20/20
0.151,60,32.0,0.798,30.4,21.3,2.6,22.0,19.0,155,13.4,27.5,26,1728.02573347213,1728.04,188.66652772617402,PQ32/30
0.09,500,32.0,1.607,30.4,21.3,4.38,22.0,19.0,431,13.4,27.5,11,2747.9290844853,1037.85,19.173131661474102,PQ32/30
0.107,10,16.4,0.421,11.6,6.7,1.39,11.2,9.6,308,7.0,14.4,17,167.107111962042,213.211,41.2202459639075,PQ16/11.6
0.077,60,50.0,2.058,50.0,36.1,6.86,32.5,31.5,598,20.0,44.0,9,1727.29808785182,7054.88,21.940284490190702,PQ50/50
0.108,400,107.0,1.075,87.0,56.0,3.05,70.0,72.5,129,41.0,93.7,31,2089.94801867211,26149.5,1642.28929609853,PQ107/87
0.102,10,20.5,1.506,16.2,10.3,1.94,14.0,12.5,339,8.8,18.0,44,1927.24243210597,1020.25,147.322219679221,PQ20/16
0.142,80,35.1,2.202,34.8,25.0,7.47,26.0,23.5,175,14.3,32.0,25,12092.350906084701,5243.39,88.590532965712,PQ35/35
0.155,200,65.0,2.048,60.0,42.0,10.08,45.0,40.8,147,26.0,55.0,19,18549.8655699673,16546.1,156.053441692523,PQ65/60
0.104,300,32.0,1.536,30.4,21.3,5.86,22.0,19.0,329,13.4,27.5,16,9466.71088945014,4066.68,42.0437336147366,PQ32/30
0.2,20,26.5,2.186,24.8,16.1,7.7,19.0,15.5,87,12.0,22.5,32,12118.4602516365,1279.01,101.037376616746,PQ26/25
0.108,60,32.0,2.398,20.5,11.5,3.48,22.0,19.0,305,13.4,27.5,39,14457.5164694135,2170.62,166.35181227876,PQ32/20
0.188,150,50.0,2.355,50.0,36.1,12.53,32.5,31.5,100,20.0,44.0,23,38534.8411520994,11477.2,129.234324624685,PQ50/50
0.078,120,26.5,2.483,20.2,11.5,1.95,19.0,15.5,587,12.0,22.5,40,10131.2575013645,1163.57,136.343893794857,PQ26/20
0.079,500,35.1,0.827,34.8,25.0,2.39,26.0,23.5,306,14.3,32.0,22,1606.7980721082001,3957.02,148.604612180918,PQ35/35
0.116,300,40.5,1.62,39.8,29.5,4.64,28.0,28.0,264,14.9,37.0,20,6971.73786431634,4137.889999999999,78.8143536464709,PQ40/40
0.128,80,20.5,0.627,16.2,10.3,3.78,14.0,12.5,216,8.8,18.0,14,1272.70463649183,822.554,30.5775624106238,PQ20/16
0.078,250,20.5,1.318,16.2,10.3,3.22,14.0,12.5,581,8.8,18.0,13,2087.83939109823,549.566,14.3299870076852,PQ20/16
0.2,50,26.5,0.847,20.2,11.5,5.43,19.0,15.5,32,12.0,22.5,20,820.441335730328,139.013,84.483751444602,PQ26/20
0.086,60,16.4,2.076,11.6,6.7,3.25,11.2,9.6,482,7.0,14.4,18,1788.15537115231,152.233,12.2564841350888,PQ16/11.6
0.09,120,32.0,1.044,20.5,11.5,2.04,22.0,19.0,439,13.4,27.5,15,675.084056038844,503.653,49.119747659127,PQ32/20
0.2,50,35.1,1.252,34.8,25.0,9.55,26.0,23.5,65,14.3,32.0,16,2419.49228009454,1551.25,56.387753628467,PQ35/35
0.2,120,40.5,1.205,30.3,20.0,9.97,28.0,28.0,68,14.9,37.0,14,3841.48478449442,1321.42,47.8331624832439,PQ40/30
0.097,350,32.0,0.82,30.4,21.3,3.02,22.0,19.0,374,13.4,27.5,16,2992.4965767164504,3387.58,69.79801944973,PQ32/30
0.109,120,26.5,1.891,20.2,11.5,4.64,19.0,15.5,298,12.0,22.5,26,16838.1294355217,1946.66,72.56875625701309,PQ26/20
0.096,100,20.5,0.668,20.2,14.3,3.94,14.0,12.5,379,8.8,18.0,10,539.552360106763,1209.27,15.0300422338829,PQ20/20
0.089,20,50.0,1.964,40.0,26.1,1.78,32.0,31.5,445,20.0,44.0,32,1130.13928719366,2792.7,281.97610975533,PQ50/40
0.08,200,20.5,1.482,16.2,10.3,3.19,14.0,12.5,553,8.8,18.0,14,2020.5593418414499,462.784,15.0978593644588,PQ20/16
0.107,10,32.0,2.37,30.4,21.3,2.08,22.0,19.0,309,13.4,27.5,70,5064.79672539484,4703.37,572.022133322568,PQ32/30
0.2,10,40.5,1.015,30.3,20.0,12.14,28.0,28.0,78,14.9,37.0,10,3835.19382559373,1686.39,28.027087184392,PQ40/30
0.101,250,35.1,2.14,34.8,25.0,9.77,26.0,23.5,347,14.3,32.0,13,9041.63043116104,7149.68,24.493381424932302,PQ35/35
0.124,50,32.0,2.281,20.5,11.5,4.93,22.0,19.0,230,13.4,27.5,41,28115.6105413765,3994.29,191.584975097207,PQ32/20
0.2,60,35.1,1.342,34.8,25.0,5.48,26.0,23.5,86,14.3,32.0,28,6785.02620523205,2280.41,163.423197090942,PQ35/35
0.182,60,26.5,0.684,20.2,11.5,4.47,19.0,15.5,107,12.0,22.5,14,1447.6080601354,501.734,49.6770855569071,PQ26/20
0.197,120,40.5,2.007,39.8,29.5,13.5,28.0,28.0,91,14.9,37.0,19,20028.4526030297,5302.29,60.5675626594594,PQ40/40
0.158,20,20.5,0.621,20.2,14.3,3.82,14.0,12.5,141,8.8,18.0,15,515.615091251304,611.075,35.9089335572443,PQ20/20
0.082,30,20.5,0.929,16.2,10.3,1.4,14.0,12.5,519,8.8,18.0,20,270.323135610862,320.683,45.078299832567,PQ20/16
0.093,180,26.5,2.44,20.2,11.5,6.29,19.0,15.5,411,12.0,22.5,12,4401.6344803605,572.361,12.458801231784001,PQ26/20
0.117,180,26.5,1.757,20.2,11.5,6.56,19.0,15.5,256,12.0,22.5,16,11700.316708443299,1206.67,29.2334018387192,PQ26/20
0.077,600,26.5,1.969,20.2,11.5,5.15,19.0,15.5,596,12.0,22.5,11,7647.38934005231,854.827,12.5414725016169,PQ26/20
0.078,100,35.1,2.051,34.8,25.0,7.09,26.0,23.5,583,14.3,32.0,9,1265.14841625248,3246.04,12.122715736558101,PQ35/35
0.197,30,26.5,2.034,24.8,16.1,6.23,19.0,15.5,91,12.0,22.5,37,17687.7933231935,1348.33,143.244569490655,PQ26/25
0.107,150,50.0,1.084,40.0,26.1,1.46,32.0,31.5,307,20.0,44.0,44,4849.69042636393,7086.16,868.1269970665279,PQ50/40
0.115,120,50.0,0.587,40.0,26.1,5.13,32.0,31.5,266,20.0,44.0,7,331.984857033014,4655.33,36.9814516267519,PQ50/40
0.065,200,35.1,0.618,34.8,25.0,0.62,26.0,23.5,277,14.3,32.0,57,297.77421295112697,2179.86,1267.23926378597,PQ35/35
0.094,150,50.0,2.469,40.0,26.1,15.46,32.0,31.5,396,20.0,44.0,9,6180.78371864561,14929.6,18.568103167462798,PQ50/40
0.112,40,20.5,2.22,16.2,10.3,3.49,14.0,12.5,279,8.8,18.0,36,7442.40415679261,853.277,71.7430850874634,PQ20/16
0.098,80,20.5,1.218,16.2,10.3,2.74,14.0,12.5,368,8.8,18.0,26,3917.34577670296,1155.25,61.153112801713,PQ20/16
0.117,40,32.0,2.384,20.5,11.5,5.48,22.0,19.0,258,13.4,27.5,25,7060.80420490119,1652.16,68.6881977200731,PQ32/20
0.119,150,32.0,0.674,30.4,21.3,2.34,22.0,19.0,250,13.4,27.5,25,2981.69651309444,4055.83,200.67224051259498,PQ32/30
0.11,50,20.5,1.606,16.2,10.3,3.45,14.0,12.5,294,8.8,18.0,30,5900.61767656388,1132.33,64.971281366544,PQ20/16
0.2,250,50.0,1.543,40.0,26.1,18.41,32.0,31.5,84,20.0,44.0,10,13767.9850376796,4750.04,33.5235408078279,PQ50/40
0.151,400,50.0,1.083,50.0,36.1,12.55,32.5,31.5,154,20.0,44.0,8,4598.91162714657,8180.96,29.0359262059268,PQ50/50
0.091,400,40.5,0.841,39.8,29.5,3.33,28.0,28.0,422,14.9,37.0,8,325.27202138198,1374.46,21.0677341902964,PQ40/40
0.1,40,20.5,2.367,20.2,14.3,2.56,14.0,12.5,353,8.8,18.0,57,12628.9625411357,2459.64,179.12030053143198,PQ20/20
0.132,500,50.0,0.871,40.0,26.1,9.8,32.0,31.5,204,20.0,44.0,8,4535.048287998639,9088.84,34.5287569068627,PQ50/40
0.107,400,40.5,1.214,30.3,20.0,5.71,28.0,28.0,310,14.9,37.0,12,4263.22479666278,3288.09,34.9047140080065,PQ40/30
0.106,60,32.0,1.211,30.4,21.3,2.6,22.0,19.0,317,13.4,27.5,30,2710.35689604171,3840.36,178.716115443862,PQ32/30
0.2,300,50.0,0.629,40.0,26.1,8.17,32.0,31.5,47,20.0,44.0,9,801.397679600113,1084.93,57.7338187726865,PQ50/40
0.159,300,107.0,2.429,87.0,56.0,19.16,70.0,72.5,139,41.0,93.7,11,14801.0233539867,39958.1,103.796312730186,PQ107/87
0.106,120,26.5,1.983,24.8,16.1,4.44,19.0,15.5,315,12.0,22.5,28,15308.6049699246,2901.7400000000002,83.6219000209961,PQ26/25
0.113,150,26.5,2.412,24.8,16.1,6.3,19.0,15.5,278,12.0,22.5,22,17846.5555891341,2042.93,44.031047737581105,PQ26/25
0.112,20,16.4,1.922,11.6,6.7,3.39,11.2,9.6,282,7.0,14.4,35,4998.198110972589,442.49100000000004,49.4377119382127,PQ16/11.6
0.2,120,32.0,0.558,30.4,21.3,6.91,22.0,19.0,88,13.4,27.5,10,1363.67475545818,1382.0900000000001,37.6779927357058,PQ32/30
0.145,150,50.0,2.499,50.0,36.1,5.66,32.5,31.5,168,20.0,44.0,39,37554.9647401485,13323.6,354.854044952666,PQ50/50
0.138,250,40.5,2.277,30.3,20.0,14.46,28.0,28.0,184,14.9,37.0,15,30256.635750922,6990.71,33.2809620926788,PQ40/30
0.118,80,26.5,2.192,20.2,11.5,6.36,19.0,15.5,254,12.0,22.5,22,12601.407414787,1551.59,45.8757414676165,PQ26/20
0.178,40,26.5,1.129,24.8,16.1,3.77,19.0,15.5,112,12.0,22.5,28,4156.55340347152,914.229,132.580938614137,PQ26/25
0.133,30,32.0,1.159,20.5,11.5,2.17,22.0,19.0,200,13.4,27.5,51,7195.90928855298,2819.22,520.772179791823,PQ32/20
0.126,180,50.0,1.905,50.0,36.1,6.98,32.5,31.5,224,20.0,44.0,25,19226.127560946,21136.1,180.152049947707,PQ50/50
0.114,180,32.0,0.809,30.4,21.3,4.35,22.0,19.0,270,13.4,27.5,11,1082.2608538710501,1858.24,33.3569497903713,PQ32/30
0.085,10,20.5,1.943,20.2,14.3,2.0,14.0,12.5,485,8.8,18.0,29,1074.50311696574,578.865,54.231643804368,PQ20/20
0.141,200,35.1,1.441,34.8,25.0,9.15,26.0,23.5,177,14.3,32.0,15,9978.12573865456,5600.11,44.3351824649246,PQ35/35
0.077,350,26.5,1.709,24.8,16.1,4.34,19.0,15.5,600,12.0,22.5,12,3523.1683519471103,1288.23,17.3332674274825,PQ26/25
0.14,30,26.5,2.21,24.8,16.1,4.04,19.0,15.5,181,12.0,22.5,53,21560.9469818126,3361.2,274.69705385912,PQ26/25
0.116,250,50.0,2.191,40.0,26.1,4.0,32.0,31.5,264,20.0,44.0,33,24471.6480616657,7946.82,274.690506459159,PQ50/40
0.077,60,20.5,1.546,16.2,10.3,1.99,14.0,12.5,591,8.8,18.0,22,985.395746242978,448.638,36.0534414920485,PQ20/16
0.11,60,20.5,1.226,20.2,14.3,3.05,14.0,12.5,291,8.8,18.0,26,2984.6003519803,1326.07,62.5849831805678,PQ20/20
0.119,400,32.0,0.488,20.5,11.5,7.24,22.0,19.0,249,13.4,27.5,6,1739.3968888675,2573.18,15.0859852509922,PQ32/20
0.193,60,50.0,2.397,40.0,26.1,5.69,32.0,31.5,95,20.0,44.0,49,38778.5896888825,6950.97,564.093562281466,PQ50/40
0.119,200,40.5,0.711,30.3,20.0,2.95,28.0,28.0,248,14.9,37.0,22,3466.32832098997,5971.38,181.700315741622,PQ40/30
0.095,80,26.5,1.539,20.2,11.5,2.82,19.0,15.5,395,12.0,22.5,32,8322.83162228845,2400.0,130.626216666841,PQ26/20
0.2,180,50.0,0.824,50.0,36.1,10.88,32.5,31.5,72,20.0,44.0,9,1620.50721846021,3399.5099999999998,46.104283853554,PQ50/50
0.118,40,50.0,2.486,40.0,26.1,4.26,32.0,31.5,253,20.0,44.0,34,5979.9871748801,7230.63,263.66180997868696,PQ50/40
0.121,100,26.5,1.926,20.2,11.5,6.84,19.0,15.5,242,12.0,22.5,24,24103.9605414417,2826.7,60.8765743385795,PQ26/20
0.096,60,20.5,0.872,16.2,10.3,1.53,14.0,12.5,383,8.8,18.0,33,1956.61422518368,1023.42,129.32726159069801,PQ20/16
0.103,600,40.5,2.015,30.3,20.0,10.87,28.0,28.0,335,14.9,37.0,11,16765.2760152035,5753.79,19.6519922769511,PQ40/30
0.182,10,32.0,2.185,30.4,21.3,1.45,22.0,19.0,107,13.4,27.5,134,11145.4633844364,1669.3899999999999,2234.71569775563,PQ32/30
0.16,150,40.5,1.734,39.8,29.5,7.03,28.0,28.0,138,14.9,37.0,22,10629.9151715682,4143.2,90.6740950218722,PQ40/40
0.2,40,40.5,1.685,30.3,20.0,6.21,28.0,28.0,40,14.9,37.0,35,3244.54205914562,773.185,229.007843495737,PQ40/30
0.136,120,65.0,1.793,60.0,42.0,1.81,45.0,40.8,190,26.0,55.0,96,44982.225033483206,26996.0,4437.92886692671,PQ65/60
0.157,60,40.5,1.746,30.3,20.0,2.99,28.0,28.0,143,14.9,37.0,50,12146.2631968073,2891.04,454.453713780185,PQ40/30
0.129,40,26.5,2.391,20.2,11.5,5.5,19.0,15.5,211,12.0,22.5,42,31128.059557217402,3257.96,155.384319615111,PQ26/20
0.13,100,32.0,2.336,30.4,21.3,6.9,22.0,19.0,208,13.4,27.5,30,26483.0110152163,5843.06,106.292940663232,PQ32/30
0.193,180,50.0,1.294,50.0,36.1,12.24,32.5,31.5,95,20.0,44.0,13,8602.165759751,7620.83,66.37423717683939,PQ50/50
0.084,40,20.5,2.188,16.2,10.3,1.46,14.0,12.5,505,8.8,18.0,48,3205.26651621567,559.594,128.981788177252,PQ20/16
0.145,180,32.0,1.079,20.5,11.5,7.27,22.0,19.0,168,13.4,27.5,13,7792.92756836482,1589.32,35.9041438995975,PQ32/20
0.089,300,20.5,0.605,20.2,14.3,2.11,14.0,12.5,445,8.8,18.0,9,300.541712458785,290.404,13.1824797064729,PQ20/20
0.088,40,16.4,2.039,11.6,6.7,1.45,11.2,9.6,454,7.0,14.4,41,2593.75823593932,148.407,64.5620268036889,PQ16/11.6
0.134,100,32.0,0.92,20.5,11.5,3.21,22.0,19.0,197,13.4,27.5,27,7609.16472545988,2416.0,177.00523981227198,PQ32/20
0.077,200,16.4,1.213,11.6,6.7,3.73,11.2,9.6,594,7.0,14.4,10,1420.94943480445,228.919,5.92349565907284,PQ16/11.6
0.088,10,40.5,0.631,39.8,29.5,0.65,28.0,28.0,452,14.9,37.0,28,162.820632865935,1065.56,325.947520460883,PQ40/40
0.05,600,40.5,0.444,30.3,20.0,0.83,28.0,28.0,132,14.9,37.0,49,99.030601857675,1573.68,1341.52734342068,PQ40/30
0.104,40,16.4,2.043,11.6,6.7,3.89,11.2,9.6,328,7.0,14.4,31,8282.99876043623,533.77,36.8304243178313,PQ16/11.6
0.138,180,26.5,0.532,20.2,11.5,4.5,19.0,15.5,185,12.0,22.5,10,1521.07756554518,1018.63,31.4819495448089,PQ26/20
0.071,350,20.5,0.483,20.2,14.3,1.16,14.0,12.5,531,8.8,18.0,12,144.179614999627,284.674,28.221807414246598,PQ20/20
0.134,10,16.4,1.276,11.6,6.7,1.78,11.2,9.6,196,7.0,14.4,61,3924.6078466966,440.945,211.510438479033,PQ16/11.6
0.127,300,40.5,0.518,30.3,20.0,5.91,28.0,28.0,218,14.9,37.0,8,1045.58929706196,4165.87,31.379902737273202,PQ40/30
0.149,60,40.5,1.979,30.3,20.0,3.24,28.0,28.0,160,14.9,37.0,52,15992.1778070768,3719.38,445.94083018116504,PQ40/30
0.136,60,26.5,0.868,24.8,16.1,7.16,19.0,15.5,190,12.0,22.5,11,1619.6799644807002,1978.38,25.3995789722393,PQ26/25
0.158,20,20.5,1.558,20.2,14.3,3.33,14.0,12.5,142,8.8,18.0,41,4759.83383829477,897.906,129.087576947792,PQ20/20
0.078,100,20.5,1.921,16.2,10.3,3.79,14.0,12.5,574,8.8,18.0,15,1733.7690421746,530.938,14.03471695721,PQ20/16
0.081,250,32.0,2.057,30.4,21.3,1.8,22.0,19.0,534,13.4,27.5,33,6034.86925834343,1610.91,141.947904713007,PQ32/30
0.08,500,20.5,0.769,20.2,14.3,3.5,14.0,12.5,551,8.8,18.0,7,641.5464061794211,505.10699999999997,6.5650316475633,PQ20/20
0.112,100,50.0,1.844,40.0,26.1,1.2,32.0,31.5,280,20.0,44.0,87,16158.2967856975,6831.57,2193.59519900559,PQ50/40
0.107,40,16.4,0.729,11.6,6.7,1.63,11.2,9.6,307,7.0,14.4,28,1267.84420813336,352.87,70.62533658175529,PQ16/11.6
0.097,600,35.1,1.975,34.8,25.0,9.61,26.0,23.5,372,14.3,32.0,12,15832.3172306528,7447.79,22.1813420552259,PQ35/35
0.086,180,32.0,2.496,30.4,21.3,1.99,22.0,19.0,477,13.4,27.5,38,7875.394836906919,1669.59,161.809560081715,PQ32/30
0.121,150,32.0,1.636,20.5,11.5,6.75,22.0,19.0,241,13.4,27.5,23,29247.3610051689,4521.72,79.4525005436885,PQ32/20
0.088,400,26.5,2.196,24.8,16.1,5.13,19.0,15.5,452,12.0,22.5,13,6405.37116661638,861.355,16.5916859330468,PQ26/25
0.192,80,35.1,2.345,34.8,25.0,11.81,26.0,23.5,96,14.3,32.0,23,23036.3454631286,3941.82,71.5165190658496,PQ35/35
0.094,40,20.5,0.947,16.2,10.3,0.75,14.0,12.5,403,8.8,18.0,36,425.185068596974,177.238,143.741719955912,PQ20/16
0.082,40,16.4,2.47,11.6,6.7,1.54,11.2,9.6,527,7.0,14.4,50,4973.1377988942895,249.394,81.4373248567802,PQ16/11.6
0.082,200,26.5,1.566,20.2,11.5,2.56,19.0,15.5,522,12.0,22.5,18,2917.33938813735,640.873,40.7159513535374,PQ26/20
0.118,500,32.0,0.929,20.5,11.5,7.86,22.0,19.0,254,13.4,27.5,7,3955.24045000458,1151.25,11.794468269369,PQ32/20
0.083,600,65.0,0.971,60.0,42.0,2.59,45.0,40.8,185,26.0,55.0,36,3358.16210199663,19277.4,1038.51763887032,PQ65/60
0.087,40,20.5,1.132,16.2,10.3,3.23,14.0,12.5,468,8.8,18.0,10,327.962102062033,253.76,9.59498521659474,PQ20/16
0.107,100,26.5,1.682,20.2,11.5,6.31,19.0,15.5,311,12.0,22.5,15,5463.94268449904,1445.19,26.6429404370097,PQ26/20
0.162,250,40.5,1.196,39.8,29.5,10.73,28.0,28.0,134,14.9,37.0,10,4032.2166173677897,3215.54,24.9459990999094,PQ40/40
0.081,60,20.5,2.242,16.2,10.3,1.58,14.0,12.5,544,8.8,18.0,41,3444.30021494743,492.327,92.260775574705,PQ20/16
0.2,50,50.0,0.328,50.0,36.1,0.98,32.5,31.5,36,20.0,44.0,38,79.6874182724955,598.183,1797.96049278215,PQ50/50
0.077,30,20.5,2.145,16.2,10.3,2.41,14.0,12.5,595,8.8,18.0,26,1395.94900830739,578.541,38.4759287680396,PQ20/16
0.135,50,40.5,1.994,39.8,29.5,7.1,28.0,28.0,194,14.9,37.0,26,7124.59821449885,9362.01,113.918291049505,PQ40/40
0.2,150,26.5,0.306,20.2,11.5,5.95,19.0,15.5,24,12.0,22.5,6,57.7855361635356,47.0953,18.448632572949798,PQ26/20
0.097,500,32.0,1.199,30.4,21.3,6.36,22.0,19.0,375,13.4,27.5,11,6096.51446868715,3995.11,24.2102116726018,PQ32/30
0.112,80,20.5,0.816,20.2,14.3,2.75,14.0,12.5,282,8.8,18.0,18,1117.26291395584,836.401,41.3819400984999,PQ20/20
0.097,250,35.1,1.835,34.8,25.0,3.86,26.0,23.5,376,14.3,32.0,29,15504.478845704,8109.6,137.10922941029798,PQ35/35
0.2,60,35.1,1.187,34.8,25.0,4.9,26.0,23.5,68,14.3,32.0,28,3522.76307712257,1419.72,180.124197186383,PQ35/35
0.098,250,32.0,1.995,20.5,11.5,7.83,22.0,19.0,366,13.4,27.5,15,17434.0732393526,3082.78,28.6607970421736,PQ32/20
0.146,500,35.1,0.271,34.8,25.0,4.25,26.0,23.5,118,14.3,32.0,6,174.077610343131,1219.19,28.3365271594717,PQ35/35
0.2,40,16.4,0.159,11.6,6.7,3.26,11.2,9.6,52,7.0,14.4,6,32.8036943684837,45.6133,11.959454037694801,PQ16/11.6
0.134,350,65.0,2.463,60.0,42.0,12.34,45.0,40.8,197,26.0,55.0,19,46790.7848768003,32427.7,134.504152457663,PQ65/60
0.153,80,32.0,0.26,20.5,11.5,1.09,22.0,19.0,150,13.4,27.5,22,377.299825076305,927.223,353.791693724091,PQ32/20
0.193,60,32.0,0.843,20.5,11.5,5.08,22.0,19.0,95,13.4,27.5,21,5531.0528585669,1294.52,115.466164688792,PQ32/20
0.2,400,65.0,0.836,60.0,42.0,9.49,45.0,40.8,49,26.0,55.0,10,1569.31796197906,2446.2000000000003,91.1107368222618,PQ65/60
0.08,150,16.4,1.435,11.6,6.7,3.26,11.2,9.6,557,7.0,14.4,13,1751.87794830623,194.081,8.70888008982667,PQ16/11.6
0.091,80,20.5,2.347,20.2,14.3,2.76,14.0,12.5,425,8.8,18.0,27,3148.60490250503,603.636,40.4413733326742,PQ20/20
0.123,60,26.5,1.91,24.8,16.1,3.91,19.0,15.5,233,12.0,22.5,42,20228.3904851001,3675.63,194.174665554505,PQ26/25
0.08,250,20.5,0.97,20.2,14.3,2.07,14.0,12.5,547,8.8,18.0,14,875.207429488448,476.273,21.817197844891403,PQ20/20
0.134,50,35.1,1.258,34.8,25.0,7.31,26.0,23.5,197,14.3,32.0,16,2754.31988481619,5902.2,56.171247656812795,PQ35/35
0.134,120,40.5,1.727,39.8,29.5,9.43,28.0,28.0,197,14.9,37.0,17,7613.7376648197705,8848.74,54.307923127698295,PQ40/40
0.149,600,65.0,0.718,60.0,42.0,6.88,45.0,40.8,44,26.0,55.0,13,705.485139697601,2420.29,175.4414435785,PQ65/60
0.085,30,32.0,0.906,30.4,21.3,1.46,22.0,19.0,484,13.4,27.5,19,243.257637425918,1003.61,90.69027235460081,PQ32/30
0.086,30,50.0,2.235,50.0,36.1,3.3,32.5,31.5,475,20.0,44.0,21,1651.38263082446,5290.49,112.03823791694,PQ50/50
0.082,20,16.4,1.404,11.6,6.7,2.82,11.2,9.6,519,7.0,14.4,15,612.2218435550501,179.154,11.8116766483427,PQ16/11.6
0.102,80,65.0,0.469,60.0,42.0,3.45,45.0,40.8,339,26.0,55.0,8,238.380295624086,12195.0,95.5733724391914,PQ65/60
0.1,10,26.5,1.086,20.2,11.5,5.24,19.0,15.5,352,12.0,22.5,12,2344.88741631331,1618.91,24.6153786386833,PQ26/20
0.14,60,32.0,1.456,30.4,21.3,2.68,22.0,19.0,180,13.4,27.5,46,9476.20269000943,3067.45,362.79295800591,PQ32/30
0.085,150,26.5,1.635,24.8,16.1,1.33,19.0,15.5,485,12.0,22.5,37,3995.31678218985,817.566,170.90849573981598,PQ26/25
0.115,150,32.0,0.768,30.4,21.3,5.52,22.0,19.0,269,13.4,27.5,9,877.942200062279,2300.52,23.3096174964616,PQ32/30
0.081,80,40.5,2.324,39.8,29.5,2.99,28.0,28.0,532,14.9,37.0,23,1454.54373710217,3296.26,79.4007658822644,PQ40/40
0.123,40,40.5,0.735,30.3,20.0,0.73,28.0,28.0,233,14.9,37.0,93,3246.4658539888,5554.6,3158.37793464737,PQ40/30
0.155,600,50.0,1.458,40.0,26.1,19.57,32.0,31.5,146,20.0,44.0,7,13832.6008550975,6946.48,17.2072737340491,PQ50/40
0.17,50,50.0,2.43,50.0,36.1,2.64,32.5,31.5,122,20.0,44.0,84,27416.3582391615,7972.65,1681.62085161289,PQ50/50
0.154,80,50.0,2.403,50.0,36.1,12.77,32.5,31.5,149,20.0,44.0,16,8677.49989427326,9452.85,61.5334213041831,PQ50/50
0.166,250,50.0,2.339,50.0,36.1,12.13,32.5,31.5,128,20.0,44.0,18,28533.1864821944,8941.32,79.5486237442295,PQ50/50
0.098,200,20.5,0.34,16.2,10.3,3.3,14.0,12.5,366,8.8,18.0,6,194.684920719055,639.848,9.42438309739681,PQ20/16
0.088,120,40.5,1.268,39.8,29.5,2.11,28.0,28.0,458,14.9,37.0,18,503.65708413457,1734.54,77.0691053631278,PQ40/40
0.126,300,26.5,0.611,24.8,16.1,6.81,19.0,15.5,223,12.0,22.5,8,2367.70314092527,2205.5600000000004,18.0481661188032,PQ26/25
0.118,600,35.1,1.068,34.8,25.0,9.19,26.0,23.5,254,14.3,32.0,7,3109.5429655697903,2779.07,12.2272059566141,PQ35/35
0.112,10,16.4,1.662,11.6,6.7,1.23,11.2,9.6,282,7.0,14.4,76,3438.9371594940103,331.08,263.646402225829,PQ16/11.6
0.153,100,32.0,1.956,30.4,21.3,7.81,22.0,19.0,151,13.4,27.5,22,14098.6808223304,2874.16,65.7250599088063,PQ32/30
0.2,10,26.5,2.148,20.2,11.5,2.59,19.0,15.5,44,12.0,22.5,97,6421.48087878785,286.54,906.991329161834,PQ26/20
0.127,60,32.0,1.73,30.4,21.3,2.71,22.0,19.0,218,13.4,27.5,55,15952.1834756401,4965.18,452.466069411833,PQ32/30
0.119,10,16.4,0.269,11.6,6.7,2.01,11.2,9.6,248,7.0,14.4,13,197.671592659413,512.093,35.3886127389913,PQ16/11.6
0.082,100,16.4,1.614,11.6,6.7,2.56,11.2,9.6,519,7.0,14.4,20,2459.88516564585,218.831,18.7080836393666,PQ16/11.6
0.131,400,50.0,1.858,50.0,36.1,10.43,32.5,31.5,206,20.0,44.0,17,29212.8767962266,19879.3,84.931466394064,PQ50/50
0.2,50,40.5,0.295,39.8,29.5,3.16,28.0,28.0,27,14.9,37.0,11,62.2232032822618,182.421,95.5964434023775,PQ40/40
0.087,150,32.0,0.38,20.5,11.5,0.51,22.0,19.0,356,13.4,27.5,42,626.474616780097,1365.77,919.917163004753,PQ32/20
0.099,120,26.5,1.312,20.2,11.5,2.49,19.0,15.5,358,12.0,22.5,30,7842.822019523,1726.68,131.178947075468,PQ26/20
0.13,250,40.5,0.433,30.3,20.0,2.4,28.0,28.0,167,14.9,37.0,17,854.47513218167,2599.01,165.117359671801,PQ40/30
0.146,30,20.5,0.809,16.2,10.3,2.52,14.0,12.5,166,8.8,18.0,31,2296.79553087504,804.011,121.404786811765,PQ20/16
0.096,60,20.5,0.225,20.2,14.3,0.91,14.0,12.5,382,8.8,18.0,16,70.8390840568809,983.067,95.72576886614189,PQ20/20
0.1,350,50.0,2.077,50.0,36.1,3.41,32.5,31.5,356,20.0,44.0,35,23799.1660456337,15477.5,329.65226324919,PQ50/50
0.114,120,50.0,2.333,50.0,36.1,4.06,32.5,31.5,271,20.0,44.0,35,11523.648929394802,11671.5,301.242239591124,PQ50/50
0.107,350,35.1,0.958,34.8,25.0,9.52,26.0,23.5,309,14.3,32.0,6,1333.56727216017,3684.88,9.80641036962033,PQ35/35
0.16,400,40.5,0.573,39.8,29.5,6.33,28.0,28.0,131,14.9,37.0,8,1025.63870933464,2039.12,28.872731649365,PQ40/40
0.148,120,65.0,1.58,60.0,42.0,18.66,45.0,40.8,162,26.0,55.0,8,4464.87512894097,17856.899999999998,34.1604530867383,PQ65/60
0.084,500,26.5,1.572,20.2,11.5,5.22,19.0,15.5,495,12.0,22.5,9,3730.34067932091,608.878,10.145939927503699,PQ26/20
0.091,40,16.4,1.014,11.6,6.7,0.84,11.2,9.6,423,7.0,14.4,38,802.611584462933,118.184,99.078333648774,PQ16/11.6
0.137,350,50.0,2.257,50.0,36.1,14.14,32.5,31.5,187,20.0,44.0,15,31258.3076595813,17847.6,56.7434755850097,PQ50/50
0.122,80,40.5,1.947,30.3,20.0,3.65,28.0,28.0,239,14.9,37.0,48,21344.425805732702,8859.310000000001,384.764965833092,PQ40/30
0.097,150,35.1,2.104,34.8,25.0,2.96,26.0,23.5,372,14.3,32.0,42,15955.5301286732,7941.33,259.068433756748,PQ35/35
0.084,180,16.4,0.917,11.6,6.7,2.58,11.2,9.6,498,7.0,14.4,10,627.414689447452,112.782,7.4532453530766,PQ16/11.6
0.2,40,40.5,2.263,39.8,29.5,4.54,28.0,28.0,54,14.9,37.0,57,7948.71678063696,1664.48,498.287081822949,PQ40/40
0.087,40,32.0,2.223,20.5,11.5,0.66,22.0,19.0,464,13.4,27.5,100,5728.91444192449,804.261,1164.79889118927,PQ32/20
0.113,350,40.5,1.421,39.8,29.5,4.54,28.0,28.0,277,14.9,37.0,20,7790.43021808165,5529.4,87.2071811170715,PQ40/40
0.152,10,20.5,1.089,20.2,14.3,0.93,14.0,12.5,152,8.8,18.0,99,2634.16821206986,758.538,996.262281707395,PQ20/20
0.078,200,16.4,1.222,11.6,6.7,3.17,11.2,9.6,585,7.0,14.4,11,1382.40953344029,182.675,7.12198727857704,PQ16/11.6
0.104,500,26.5,0.95,24.8,16.1,6.93,19.0,15.5,328,12.0,22.5,8,4007.60238730729,1782.24,12.4587975055556,PQ26/25
0.17,20,32.0,1.678,20.5,11.5,3.37,22.0,19.0,122,13.4,27.5,42,6428.09493596945,966.011,259.114950590948,PQ32/20
0.065,500,40.5,0.613,30.3,20.0,1.13,28.0,28.0,384,14.9,37.0,31,758.22264185977,3651.26,408.040212439551,PQ40/30
0.095,60,40.5,2.009,39.8,29.5,11.48,28.0,28.0,387,14.9,37.0,11,3971.70759721243,12179.3,20.2703732937178,PQ40/40
0.2,100,50.0,2.28,50.0,36.1,8.55,32.5,31.5,59,20.0,44.0,31,13522.469264117399,3756.98,240.809242638628,PQ50/50
0.2,500,107.0,2.097,87.0,56.0,13.72,70.0,72.5,26,41.0,93.7,18,4916.30626329235,3821.55,314.19672221735,PQ107/87
0.129,50,20.5,0.642,20.2,14.3,3.22,14.0,12.5,211,8.8,18.0,18,1008.21702340254,1231.11,50.3082811139597,PQ20/20
0.09,100,20.5,0.755,16.2,10.3,2.96,14.0,12.5,438,8.8,18.0,8,212.875544169915,236.513,8.55140090927876,PQ20/16
0.091,150,32.0,1.614,20.5,11.5,1.29,22.0,19.0,426,13.4,27.5,36,4082.50384595233,553.207,196.701285196003,PQ32/20
0.133,40,40.5,1.498,39.8,29.5,10.25,28.0,28.0,200,14.9,37.0,13,3138.64624809132,7441.39,35.3902251934157,PQ40/40
0.09,50,20.5,2.409,20.2,14.3,1.44,14.0,12.5,433,8.8,18.0,48,2941.4148388342,482.796,125.229985558845,PQ20/20
0.144,30,26.5,2.107,20.2,11.5,6.34,19.0,15.5,170,12.0,22.5,29,11600.473177699101,1625.27,82.4126090939492,PQ26/20
0.086,120,32.0,1.689,20.5,11.5,0.99,22.0,19.0,477,13.4,27.5,53,6088.793849696161,845.074,410.62892424252,PQ32/20
0.088,120,40.5,1.64,30.3,20.0,1.34,28.0,28.0,460,14.9,37.0,39,2379.40099765615,1742.08,290.3150297129,PQ40/30
0.068,180,40.5,1.942,39.8,29.5,0.62,28.0,28.0,586,14.9,37.0,92,4134.44172210408,3424.38,1453.63600280589,PQ40/40
0.19,200,40.5,0.814,30.3,20.0,10.14,28.0,28.0,98,14.9,37.0,10,3970.08359821655,2577.6,33.5911086461675,PQ40/30
0.081,180,50.0,2.396,50.0,36.1,0.7,32.5,31.5,534,20.0,44.0,99,11049.8486120828,5707.19,2359.38365038273,PQ50/50
0.132,500,65.0,1.988,60.0,42.0,7.67,45.0,40.8,204,26.0,55.0,24,53404.2338356685,28851.3,255.07283585042703,PQ65/60
0.113,120,50.0,1.35,50.0,36.1,1.78,32.5,31.5,274,20.0,44.0,43,4213.66877969728,7233.85,700.602577198792,PQ50/50
0.096,600,26.5,0.467,20.2,11.5,4.29,19.0,15.5,379,12.0,22.5,7,1544.14419328902,1777.64,17.2766368031211,PQ26/20
0.11,100,20.5,0.912,20.2,14.3,2.96,14.0,12.5,290,8.8,18.0,18,1555.52147874299,851.792,37.8684547586914,PQ20/20
0.107,250,50.0,0.453,40.0,26.1,1.59,32.0,31.5,185,20.0,44.0,24,576.339597477191,5099.54,544.576413524736,PQ50/40
0.124,350,40.5,1.682,39.8,29.5,11.59,28.0,28.0,228,14.9,37.0,13,13667.2895734893,10307.6,32.3954845491495,PQ40/40
0.162,300,50.0,1.801,50.0,36.1,12.72,32.5,31.5,134,20.0,44.0,12,11535.230550228,6539.889999999999,43.3419379194769,PQ50/50
0.082,300,32.0,1.433,30.4,21.3,4.38,22.0,19.0,520,13.4,27.5,10,1315.25510711232,1436.01,17.3599283396925,PQ32/30
0.144,50,40.5,2.345,30.3,20.0,4.21,28.0,28.0,171,14.9,37.0,48,17497.391764414497,4796.79,333.272644620868,PQ40/30
0.08,80,20.5,2.477,20.2,14.3,2.12,14.0,12.5,558,8.8,18.0,36,4396.67194644776,943.985,68.8968754816134,PQ20/20
0.084,40,16.4,1.255,11.6,6.7,0.74,11.2,9.6,505,7.0,14.4,51,1495.50574799175,162.442,149.771256115361,PQ16/11.6
0.092,500,26.5,1.505,24.8,16.1,5.45,19.0,15.5,413,12.0,22.5,8,2299.89748434664,531.16,8.54037668920531,PQ26/25
0.2,350,50.0,0.649,50.0,36.1,8.7,32.5,31.5,22,20.0,44.0,9,225.17509065496998,366.451,56.3311612188189,PQ50/50
0.172,600,50.0,0.4,40.0,26.1,8.06,32.0,31.5,96,20.0,44.0,6,971.035931931208,3747.89,38.0095299885596,PQ50/40
0.114,200,32.0,1.958,20.5,11.5,7.48,22.0,19.0,272,13.4,27.5,16,15670.3174025636,1957.59,33.1343668897371,PQ32/20
0.181,300,107.0,1.234,87.0,56.0,9.72,70.0,72.5,108,41.0,93.7,12,4989.69051942284,23826.6,218.647418246438,PQ107/87
0.134,120,40.5,2.448,39.8,29.5,9.83,28.0,28.0,198,14.9,37.0,22,16571.067250607,9901.62,69.9986260524924,PQ40/40
0.153,20,26.5,1.873,24.8,16.1,2.07,19.0,15.5,150,12.0,22.5,87,16865.1662847529,2170.85,846.817040475916,PQ26/25
0.124,30,20.5,1.12,20.2,14.3,2.07,14.0,12.5,230,8.8,18.0,47,4131.82175587795,1755.8400000000001,219.662790806169,PQ20/20
0.145,100,32.0,1.462,30.4,21.3,6.37,22.0,19.0,168,13.4,27.5,22,9877.599334887851,3718.97,82.7182646712269,PQ32/30
0.101,50,26.5,2.346,20.2,11.5,1.9,19.0,15.5,346,12.0,22.5,74,25318.5134941871,2382.01,489.862761070594,PQ26/20
0.085,120,26.5,1.206,24.8,16.1,0.77,19.0,15.5,490,12.0,22.5,45,2063.65027822692,638.001,323.807738332333,PQ26/25
0.088,350,26.5,1.756,20.2,11.5,6.68,19.0,15.5,458,12.0,22.5,8,3069.1847730777304,580.899,7.31057305177258,PQ26/20
0.108,180,40.5,0.915,30.3,20.0,2.98,28.0,28.0,301,14.9,37.0,19,2086.96216670318,3450.55,109.95285954008,PQ40/30
0.093,250,32.0,1.882,20.5,11.5,5.19,22.0,19.0,407,13.4,27.5,11,3122.88958459271,624.384,16.172299235053,PQ32/20
0.159,300,50.0,1.705,50.0,36.1,10.08,32.5,31.5,140,20.0,44.0,16,17364.334003687,9125.55,80.5833246691961,PQ50/50
0.159,300,40.5,1.112,30.3,20.0,12.69,28.0,28.0,139,14.9,37.0,8,4689.02798275096,2539.92,16.6609222973844,PQ40/30
0.081,500,50.0,2.202,50.0,36.1,11.35,32.5,31.5,538,20.0,44.0,6,2121.76364540717,6595.01,9.252463446477,PQ50/50
0.2,150,50.0,1.165,40.0,26.1,6.95,32.0,31.5,75,20.0,44.0,19,6545.67844265665,2998.86,152.681518298606,PQ50/40
0.101,40,35.1,1.856,34.8,25.0,5.5,26.0,23.5,348,14.3,32.0,19,2647.25156933965,5758.69,58.4082714994353,PQ35/35
0.094,50,26.5,1.744,24.8,16.1,5.95,19.0,15.5,401,12.0,22.5,9,856.771012646573,628.448,9.59684689846984,PQ26/25
0.079,400,26.5,1.64,24.8,16.1,6.07,19.0,15.5,572,12.0,22.5,8,2391.61687752462,1080.7,7.96760843753658,PQ26/25
0.082,80,26.5,1.811,24.8,16.1,0.71,19.0,15.5,525,12.0,22.5,74,4853.32215781105,916.376,628.8435809858499,PQ26/25
0.104,200,40.5,2.457,39.8,29.5,3.7,28.0,28.0,327,14.9,37.0,41,23750.4630722605,9806.72,242.108414960114,PQ40/40
0.15,60,40.5,1.86,39.8,29.5,2.39,28.0,28.0,156,14.9,37.0,67,13532.1033919857,4992.52,796.919527282329,PQ40/40
0.128,600,50.0,1.072,50.0,36.1,11.51,32.5,31.5,216,20.0,44.0,8,5811.510618087769,12369.1,29.2689538198102,PQ50/50
0.105,150,32.0,1.138,20.5,11.5,2.18,22.0,19.0,322,13.4,27.5,30,7155.71628018531,1782.32,182.849861210412,PQ32/20
0.079,300,32.0,1.947,30.4,21.3,2.38,22.0,19.0,560,13.4,27.5,24,4883.63032641896,1763.03,78.42877570808591,PQ32/30
0.091,10,16.4,1.696,11.6,6.7,1.34,11.2,9.6,427,7.0,14.4,36,701.428617742475,116.657,58.123089066671696,PQ16/11.6
0.098,300,26.5,0.239,20.2,11.5,1.76,19.0,15.5,365,12.0,22.5,8,194.067489301252,1074.52,40.7349372072674,PQ26/20
0.118,60,20.5,0.436,20.2,14.3,0.93,14.0,12.5,255,8.8,18.0,27,321.891286431808,447.054,155.56434105404801,PQ20/20
0.163,250,50.0,1.197,40.0,26.1,12.93,32.0,31.5,133,20.0,44.0,8,4033.3656164530903,4293.84,26.4517144580976,PQ50/40
0.141,50,50.0,2.268,40.0,26.1,1.96,32.0,31.5,178,20.0,44.0,103,35546.7124993544,10867.800000000001,2604.49840436914,PQ50/40
0.083,80,26.5,1.679,24.8,16.1,5.0,19.0,15.5,511,12.0,22.5,10,888.6265218068589,886.648,12.2155662328602,PQ26/25
0.086,180,20.5,0.578,16.2,10.3,2.53,14.0,12.5,474,8.8,18.0,7,165.141799481352,230.568,8.17359363407459,PQ20/16
0.09,600,26.5,0.918,20.2,11.5,4.53,19.0,15.5,432,12.0,22.5,6,1066.39091733039,369.062,7.09171702710249,PQ26/20
0.2,40,50.0,2.352,40.0,26.1,6.16,32.0,31.5,39,20.0,44.0,46,6097.47292640083,1463.52,504.710588640858,PQ50/40
0.089,100,26.5,2.236,20.2,11.5,1.63,19.0,15.5,446,12.0,22.5,40,5945.86635331721,545.535,148.978959206549,PQ26/20
0.084,100,35.1,1.799,34.8,25.0,6.1,26.0,23.5,505,14.3,32.0,9,883.979165505002,2193.74,13.4079120265563,PQ35/35
0.081,120,16.4,1.751,11.6,6.7,3.12,11.2,9.6,544,7.0,14.4,18,3231.30800791886,253.142,14.1468726709584,PQ16/11.6
0.103,150,32.0,1.239,20.5,11.5,6.06,22.0,19.0,330,13.4,27.5,12,3579.83323450925,2043.78,27.2189831727419,PQ32/20
0.2,100,50.0,1.736,40.0,26.1,15.96,32.0,31.5,83,20.0,44.0,13,9539.46355022418,4971.72,51.5199341373463,PQ50/40
0.097,250,40.5,0.689,30.3,20.0,1.61,28.0,28.0,373,14.9,37.0,27,2364.05479560206,4736.23,280.71490231397104,PQ40/30
0.111,400,50.0,0.902,40.0,26.1,4.34,32.0,31.5,288,20.0,44.0,13,3054.4946949170103,6761.8,88.3775128539336,PQ50/40
0.113,600,50.0,1.645,40.0,26.1,8.26,32.0,31.5,278,20.0,44.0,12,12474.8135949916,7546.57,45.7836109343346,PQ50/40
0.092,100,16.4,1.345,11.6,6.7,2.56,11.2,9.6,417,7.0,14.4,15,1114.87264102712,101.942,12.2424824744325,PQ16/11.6
0.083,120,16.4,2.053,11.6,6.7,3.76,11.2,9.6,518,7.0,14.4,17,3772.98822374369,227.058,11.031359571810201,PQ16/11.6
0.161,300,40.5,1.427,39.8,29.5,12.33,28.0,28.0,136,14.9,37.0,10,6267.74622345813,3320.88,21.7349163912565,PQ40/40
0.104,40,20.5,1.963,16.2,10.3,2.63,14.0,12.5,329,8.8,18.0,43,7649.8835950183,1144.02,113.22803147519,PQ20/16
0.178,80,26.5,1.342,24.8,16.1,7.24,19.0,15.5,111,12.0,22.5,16,5512.36505428071,798.694,37.5470675065225,PQ26/25
0.081,50,50.0,1.395,40.0,26.1,6.65,32.0,31.5,541,20.0,44.0,6,1069.15450055681,3232.29,13.0994029182032,PQ50/40
0.168,80,32.0,1.891,20.5,11.5,7.26,22.0,19.0,125,13.4,27.5,22,15555.1375504318,1066.48,64.4613853882358,PQ32/20
0.094,180,26.5,2.104,20.2,11.5,2.74,19.0,15.5,402,12.0,22.5,22,5207.67827809907,423.873,47.4755880243712,PQ26/20
0.096,40,20.5,2.194,16.2,10.3,2.34,14.0,12.5,384,8.8,18.0,53,10766.8267565914,1526.39,157.00836646849498,PQ20/16
0.063,250,50.0,2.245,50.0,36.1,0.68,32.5,31.5,458,20.0,44.0,95,3509.33435043375,4087.0,2284.29070692235,PQ50/50
0.165,30,40.5,2.208,39.8,29.5,14.79,28.0,28.0,129,14.9,37.0,13,5250.21041558463,4057.24,26.3871408220844,PQ40/40
0.113,80,40.5,2.43,30.3,20.0,10.77,28.0,28.0,274,14.9,37.0,14,5772.98613806836,5015.97,27.5613815800235,PQ40/30
0.192,100,65.0,1.524,60.0,42.0,3.41,45.0,40.8,96,26.0,55.0,56,27267.931213695403,13922.9,1726.24998599335,PQ65/60
0.1,180,32.0,1.454,20.5,11.5,3.0,22.0,19.0,356,13.4,27.5,28,12838.1322819127,2432.26,129.707350067825,PQ32/20
0.085,300,40.5,0.879,39.8,29.5,3.1,28.0,28.0,494,14.9,37.0,9,328.49148400325004,1893.13,25.7258748876831,PQ40/40
0.092,50,20.5,0.929,16.2,10.3,0.6,14.0,12.5,419,8.8,18.0,47,723.297020326934,220.832,248.944931067818,PQ20/16
0.103,300,26.5,1.227,24.8,16.1,6.41,19.0,15.5,333,12.0,22.5,11,5196.59308631622,1978.8,19.097773880600997,PQ26/25
0.095,60,32.0,1.133,30.4,21.3,7.56,22.0,19.0,390,13.4,27.5,9,1292.31097453003,4528.61,16.970423671804298,PQ32/30
0.2,50,32.0,0.987,20.5,11.5,5.0,22.0,19.0,74,13.4,27.5,25,5279.17666959389,873.172,143.183296858652,PQ32/20
0.097,600,40.5,2.165,39.8,29.5,8.45,28.0,28.0,374,14.9,37.0,15,18463.2212769701,10044.4,35.6297391481393,PQ40/40
0.171,200,50.0,0.736,40.0,26.1,3.33,32.0,31.5,120,20.0,44.0,19,2731.26218395674,2878.22,224.659891665157,PQ50/40
0.104,20,20.5,0.239,20.2,14.3,1.73,14.0,12.5,328,8.8,18.0,8,65.4385673981467,565.277,22.7229307962815,PQ20/20
0.129,180,40.5,0.619,30.3,20.0,3.8,28.0,28.0,211,14.9,37.0,15,1674.28872706107,4280.47,94.8903012634672,PQ40/30
0.187,200,32.0,0.18,20.5,11.5,3.42,22.0,19.0,76,13.4,27.5,6,109.443892528331,418.505,36.5974426548682,PQ32/20
0.079,250,20.5,1.017,16.2,10.3,2.46,14.0,12.5,568,8.8,18.0,12,995.819554535643,360.691,15.068362344412002,PQ20/16
0.118,80,32.0,1.561,20.5,11.5,2.46,22.0,19.0,254,13.4,27.5,36,8063.90543774696,1286.38,202.25905633240902,PQ32/20
0.088,180,20.5,1.95,20.2,14.3,3.79,14.0,12.5,451,8.8,18.0,16,2832.10577313475,565.868,16.446565306798398,PQ20/20
0.107,20,16.4,1.637,11.6,6.7,2.93,11.2,9.6,306,7.0,14.4,32,3056.36218851425,401.32,47.3224017963407,PQ16/11.6
0.171,40,32.0,0.259,30.4,21.3,0.51,22.0,19.0,121,13.4,27.5,44,199.947178684008,749.274,1408.98150341962,PQ32/30
0.131,50,26.5,2.17,20.2,11.5,4.0,19.0,15.5,206,12.0,22.5,46,27908.4332586631,2177.62,202.285605613935,PQ26/20
0.196,50,16.4,0.137,11.6,6.7,2.58,11.2,9.6,92,7.0,14.4,6,45.5491833131947,100.284,13.6447767480771,PQ16/11.6
0.089,350,20.5,0.629,16.2,10.3,3.17,14.0,12.5,448,8.8,18.0,6,299.88673036422296,204.784,5.59634913032111,PQ20/16
0.081,300,32.0,0.653,30.4,21.3,1.46,22.0,19.0,384,13.4,27.5,27,1481.07894630775,3407.04,240.082747845861,PQ32/30
0.2,40,65.0,1.975,60.0,42.0,5.76,45.0,40.8,39,26.0,55.0,43,4025.47697006502,2996.63,823.378215991133,PQ65/60
0.112,180,40.5,2.245,39.8,29.5,3.5,28.0,28.0,280,14.9,37.0,40,17941.0042382492,7152.36,246.514398448146,PQ40/40
0.112,300,50.0,1.655,50.0,36.1,7.36,32.5,31.5,282,20.0,44.0,13,5114.49356999073,8961.92,54.4133496667899,PQ50/50
0.084,180,26.5,1.384,24.8,16.1,1.63,19.0,15.5,499,12.0,22.5,26,2614.0839643569702,830.016,96.5850979765805,PQ26/25
0.172,120,107.0,0.58,87.0,56.0,1.61,70.0,72.5,119,41.0,93.7,32,987.874941461073,18575.3,2987.92884733863,PQ107/87
0.2,200,40.5,0.75,39.8,29.5,8.03,28.0,28.0,25,14.9,37.0,11,273.904140689552,233.829,43.8129122963496,PQ40/40
0.099,500,50.0,0.746,40.0,26.1,6.32,32.0,31.5,363,20.0,44.0,7,1310.43093661029,8281.55,30.101096657195,PQ50/40
0.067,600,35.1,1.419,34.8,25.0,2.03,26.0,23.5,541,14.3,32.0,22,2177.42644523546,2328.4,96.4271274159605,PQ35/35
0.077,120,40.5,0.734,30.3,20.0,1.12,28.0,28.0,591,14.9,37.0,20,253.474559138921,1631.7,145.988654980026,PQ40/30
0.182,80,35.1,2.423,34.8,25.0,9.75,26.0,23.5,107,14.3,32.0,23,15704.7460113553,2840.92,69.7148995216454,PQ35/35
0.099,600,35.1,2.391,34.8,25.0,13.32,26.0,23.5,357,14.3,32.0,11,22558.7410047953,8750.8,16.1048438390416,PQ35/35
0.102,150,32.0,1.775,20.5,11.5,3.13,22.0,19.0,341,13.4,27.5,32,16816.3958804217,2306.07,143.684311118312,PQ32/20
0.105,150,32.0,2.437,30.4,21.3,4.77,22.0,19.0,318,13.4,27.5,31,20432.2314100148,4881.89,109.724018305422,PQ32/30
0.096,50,65.0,1.794,60.0,42.0,14.43,45.0,40.8,381,26.0,55.0,8,6258.97980176948,33267.8,30.7742925153237,PQ65/60
0.125,150,65.0,0.576,60.0,42.0,1.03,45.0,40.8,157,26.0,55.0,53,1526.88852703526,11314.9,3521.27636823379,PQ65/60
0.081,300,26.5,0.551,24.8,16.1,0.79,19.0,15.5,534,12.0,22.5,20,478.121379365499,520.396,122.915154810729,PQ26/25
0.076,250,35.1,0.505,34.8,25.0,1.09,26.0,23.5,126,14.3,32.0,44,221.395793479303,1797.19,895.9818051975809,PQ35/35
0.128,60,35.1,2.189,34.8,25.0,2.73,26.0,23.5,217,14.3,32.0,69,24831.1496851665,8057.85,677.669279154504,PQ35/35
0.092,80,40.5,1.252,39.8,29.5,4.58,28.0,28.0,421,14.9,37.0,8,361.920171297305,1390.74,15.3840648213232,PQ40/40
0.135,400,65.0,1.728,60.0,42.0,5.37,45.0,40.8,184,26.0,55.0,30,36788.32977725309,22591.7,446.684210370372,PQ65/60
0.101,150,32.0,2.052,30.4,21.3,7.94,22.0,19.0,348,13.4,27.5,15,7187.25379006263,4684.23,29.4107282248276,PQ32/30
0.144,300,50.0,1.182,50.0,36.1,5.7,32.5,31.5,171,20.0,44.0,18,8091.5389325303195,8720.3,136.808129257869,PQ50/50
0.09,80,20.5,2.376,20.2,14.3,3.0,14.0,12.5,438,8.8,18.0,24,2688.27678435966,564.36,31.6588436966555,PQ20/20
0.2,10,32.0,2.277,30.4,21.3,2.44,22.0,19.0,23,13.4,27.5,107,2246.6116732648497,196.42000000000002,1379.86824461351,PQ32/30
0.082,10,20.5,2.16,16.2,10.3,1.67,14.0,12.5,528,8.8,18.0,39,1353.3477934273499,514.937,86.0222120278333,PQ20/16
0.079,100,20.5,0.986,16.2,10.3,2.19,14.0,12.5,562,8.8,18.0,13,437.237277880257,345.424,18.1373130823467,PQ20/16
0.2,50,32.0,1.506,20.5,11.5,6.95,22.0,19.0,53,13.4,27.5,25,5266.0568609373,444.296,100.53646448012,PQ32/20
0.2,30,40.5,1.03,39.8,29.5,9.87,28.0,28.0,73,14.9,37.0,13,1637.50862223737,2249.47,47.4217854077467,PQ40/40
0.2,120,40.5,1.774,39.8,29.5,13.53,28.0,28.0,45,14.9,37.0,15,3080.49449961609,1022.27,41.4270535336195,PQ40/40
0.123,30,20.5,1.611,20.2,14.3,3.31,14.0,12.5,234,8.8,18.0,44,8321.58453463417,2468.08,144.66085734767498,PQ20/20
0.077,50,50.0,2.265,40.0,26.1,2.13,32.0,31.5,590,20.0,44.0,31,1680.23974137808,5137.7300000000005,235.939233657651,PQ50/40
0.124,200,32.0,1.258,20.5,11.5,7.72,22.0,19.0,229,13.4,27.5,14,11924.064492593301,2851.07,36.6179522178029,PQ32/20
0.121,300,50.0,1.729,50.0,36.1,11.77,32.5,31.5,240,20.0,44.0,13,12815.6202743035,20747.1,52.6043920817982,PQ50/50
0.107,150,20.5,0.836,20.2,14.3,3.95,14.0,12.5,308,8.8,18.0,13,1595.05403689756,1039.48,21.1849803576958,PQ20/20
0.121,600,50.0,2.047,40.0,26.1,15.4,32.0,31.5,241,20.0,44.0,12,42078.7650278057,18575.2,38.378137837869296,PQ50/40
0.086,100,32.0,1.994,20.5,11.5,5.35,22.0,19.0,472,13.4,27.5,11,1576.88959672916,781.261,15.4153548981762,PQ32/20
0.2,30,35.1,2.448,34.8,25.0,7.74,26.0,23.5,81,14.3,32.0,37,13928.793684022101,3080.69,179.070046503852,PQ35/35
0.1,100,16.4,0.921,11.6,6.7,3.74,11.2,9.6,351,7.0,14.4,14,1996.52309362969,389.349,14.5527218370197,PQ16/11.6
0.093,120,16.4,1.596,11.6,6.7,3.6,11.2,9.6,404,7.0,14.4,13,1617.13075280474,110.586,7.97943021242105,PQ16/11.6
0.2,180,50.0,1.866,50.0,36.1,13.5,32.5,31.5,46,20.0,44.0,16,5399.05416919432,2091.43,74.9828788716208,PQ50/50
0.2,20,35.1,1.579,34.8,25.0,13.41,26.0,23.5,63,14.3,32.0,15,4022.92849244441,1871.87,41.2757477399902,PQ35/35
0.093,500,26.5,1.873,24.8,16.1,7.83,19.0,15.5,408,12.0,22.5,7,3128.63330755277,603.133,5.47756413366131,PQ26/25
0.087,350,50.0,2.481,40.0,26.1,3.76,32.0,31.5,470,20.0,44.0,20,6687.96028081354,3953.32,91.3488186544017,PQ50/40
0.077,80,16.4,0.894,11.6,6.7,1.44,11.2,9.6,595,7.0,14.4,20,719.210546079017,223.776,30.451655106575,PQ16/11.6
0.155,20,20.5,0.639,20.2,14.3,1.3,14.0,12.5,147,8.8,18.0,47,1132.762622039,728.743,344.26551458061704,PQ20/20
0.2,40,107.0,0.742,87.0,56.0,2.55,70.0,72.5,85,41.0,93.7,34,1246.99102948058,22392.5,2728.6018313115596,PQ107/87
0.103,50,65.0,0.895,60.0,42.0,2.41,45.0,40.8,330,26.0,55.0,23,850.799247092369,17013.0,453.664090402266,PQ65/60
0.149,60,20.5,0.262,16.2,10.3,2.0,14.0,12.5,158,8.8,18.0,12,172.69230622189798,412.474,47.2746873912145,PQ20/16
0.077,120,26.5,1.37,24.8,16.1,4.2,19.0,15.5,595,12.0,22.5,10,809.958800180281,1140.98,14.4104577486818,PQ26/25
0.159,80,40.5,2.423,30.3,20.0,5.99,28.0,28.0,140,14.9,37.0,35,21374.166836236,3416.1,172.773095535966,PQ40/30
0.102,350,65.0,1.282,60.0,42.0,1.83,45.0,40.8,338,26.0,55.0,41,10641.5856280391,17765.6,1065.55288816797,PQ65/60
0.1,150,26.5,1.62,24.8,16.1,6.03,19.0,15.5,355,12.0,22.5,17,8406.87143320454,3313.36,36.3287504461422,PQ26/25
0.145,20,26.5,2.026,20.2,11.5,2.0,19.0,15.5,169,12.0,22.5,93,23690.182969664,1802.15,876.432823313654,PQ26/20
0.118,120,32.0,2.111,20.5,11.5,4.95,22.0,19.0,253,13.4,27.5,26,17270.6037382796,1766.0,82.1853734031736,PQ32/20
0.095,120,20.5,0.637,20.2,14.3,2.05,14.0,12.5,387,8.8,18.0,18,896.67123121524,1168.02,50.597684708883,PQ20/20
0.084,250,32.0,1.21,20.5,11.5,1.63,22.0,19.0,501,13.4,27.5,23,2947.3709047899697,800.336,102.029705969401,PQ32/20
0.084,500,32.0,2.033,20.5,11.5,5.66,22.0,19.0,502,13.4,27.5,11,7173.84571723422,970.004,15.1752556258582,PQ32/20
0.094,300,65.0,2.198,60.0,42.0,1.64,45.0,40.8,314,26.0,55.0,79,31512.651765289,20680.1,2545.09194886307,PQ65/60
0.077,400,35.1,0.429,34.8,25.0,1.01,26.0,23.5,487,14.3,32.0,12,85.8026237346924,806.067,76.2949645904081,PQ35/35
0.08,350,32.0,1.086,20.5,11.5,2.84,22.0,19.0,547,13.4,27.5,11,1371.76862681799,734.998,25.5529518321575,PQ32/20
0.108,150,32.0,2.281,30.4,21.3,5.96,22.0,19.0,301,13.4,27.5,22,11779.329727457,3693.26,58.2052466536117,PQ32/30
0.081,300,26.5,1.342,20.2,11.5,3.75,19.0,15.5,542,12.0,22.5,11,2276.35763062893,729.617,17.3022950494588,PQ26/20
0.138,300,35.1,1.701,34.8,25.0,13.54,26.0,23.5,185,14.3,32.0,12,16437.6481784147,6740.61,24.9398876203252,PQ35/35
0.107,40,26.5,1.129,24.8,16.1,0.96,19.0,15.5,311,12.0,22.5,74,4843.00216907141,2128.17,924.803048415603,PQ26/25
0.136,350,35.1,1.722,34.8,25.0,14.93,26.0,23.5,190,14.3,32.0,10,13443.573408486,5583.35,17.1403694391474,PQ35/35
0.188,500,65.0,0.775,60.0,42.0,9.53,45.0,40.8,100,26.0,55.0,10,6130.29859779106,10855.1,97.2229056376212,PQ65/60
0.096,600,65.0,1.347,60.0,42.0,1.98,45.0,40.8,296,26.0,55.0,39,11022.8730954958,13505.7,925.495596066115,PQ65/60
0.111,50,20.5,1.331,16.2,10.3,3.42,14.0,12.5,289,8.8,18.0,23,2809.12940148711,795.978,44.5262060935613,PQ20/16
0.146,120,32.0,1.032,20.5,11.5,6.0,22.0,19.0,166,13.4,27.5,15,5464.09340319578,1505.47,49.619000847292,PQ32/20
0.2,30,32.0,2.407,20.5,11.5,7.12,22.0,19.0,50,13.4,27.5,41,12071.740084986499,550.22,183.453451423667,PQ32/20
0.097,400,40.5,2.136,30.3,20.0,7.53,28.0,28.0,376,14.9,37.0,17,19470.4885297452,7529.97,44.9162879970057,PQ40/30
0.104,50,26.5,1.645,24.8,16.1,5.42,19.0,15.5,325,12.0,22.5,18,3181.1319581489797,2398.48,40.260095434999,PQ26/25
0.105,200,26.5,1.348,20.2,11.5,7.01,19.0,15.5,323,12.0,22.5,11,5349.90366323344,1460.3200000000002,17.2580440651984,PQ26/20
0.086,350,26.5,1.272,24.8,16.1,2.47,19.0,15.5,482,12.0,22.5,16,2787.64286379879,763.057,39.2052325820921,PQ26/25
0.2,20,40.5,1.623,39.8,29.5,3.88,28.0,28.0,24,14.9,37.0,54,1466.56087483628,417.032,574.616317723494,PQ40/40
0.101,30,26.5,1.59,20.2,11.5,1.46,19.0,15.5,344,12.0,22.5,67,7485.87716928174,2139.72,557.246160373733,PQ26/20
0.097,150,32.0,1.389,30.4,21.3,2.31,22.0,19.0,375,13.4,27.5,37,9058.29426391457,4996.96,243.429460476312,PQ32/30
0.08,120,20.5,1.353,20.2,14.3,1.37,14.0,12.5,557,8.8,18.0,30,1806.45385907286,621.054,77.1167051701187,PQ20/20
0.091,10,20.5,1.361,20.2,14.3,3.56,14.0,12.5,423,8.8,18.0,11,906.7144276291759,329.17600000000004,10.3218091676862,PQ20/20
0.2,60,40.5,2.397,30.3,20.0,10.99,28.0,28.0,85,14.9,37.0,27,23613.6975722052,3387.58,103.564643562748,PQ40/30
0.125,500,50.0,1.063,40.0,26.1,8.53,32.0,31.5,225,20.0,44.0,11,8641.29806529786,11236.6,55.2043686066113,PQ50/40
0.109,200,65.0,1.881,60.0,42.0,13.02,45.0,40.8,296,26.0,55.0,9,4150.83309004918,19660.2,37.4833427388309,PQ65/60
0.144,300,40.5,1.425,39.8,29.5,14.52,28.0,28.0,171,14.9,37.0,9,6462.83557267535,5839.49,17.6195809095303,PQ40/40
0.119,500,26.5,0.598,24.8,16.1,6.26,19.0,15.5,251,12.0,22.5,6,1405.95356799737,1081.34,10.3272586398673,PQ26/25
0.086,50,20.5,2.04,20.2,14.3,2.9,14.0,12.5,472,8.8,18.0,22,1401.2276829862699,636.569,30.0342075833018,PQ20/20
0.09,30,20.5,2.493,20.2,14.3,1.25,14.0,12.5,432,8.8,18.0,60,2642.84601217823,556.373,190.37357204658,PQ20/20
0.137,350,40.5,0.698,30.3,20.0,8.98,28.0,28.0,188,14.9,37.0,7,1871.1112079312,3436.21,18.6857132456879,PQ40/30
0.095,500,32.0,1.379,20.5,11.5,7.8,22.0,19.0,393,13.4,27.5,11,14633.3731338127,3462.64,20.9316385847419,PQ32/20
0.172,200,50.0,1.345,50.0,36.1,6.65,32.5,31.5,119,20.0,44.0,19,8501.56253986438,5872.47,137.405161426796,PQ50/50
0.2,20,26.5,2.099,24.8,16.1,4.83,19.0,15.5,53,12.0,22.5,49,6524.58756536226,502.925,244.682701024617,PQ26/25
0.173,350,50.0,0.66,50.0,36.1,6.95,32.5,31.5,38,20.0,44.0,12,490.000783868933,1133.18,98.763971596445,PQ50/50
0.117,40,20.5,1.39,16.2,10.3,3.75,14.0,12.5,260,8.8,18.0,23,2766.70382221571,763.396,42.9708113183421,PQ20/16
0.093,50,20.5,1.812,20.2,14.3,1.92,14.0,12.5,406,8.8,18.0,29,1326.7735371825,434.685,57.2979827411862,PQ20/20
0.087,10,20.5,2.152,20.2,14.3,1.68,14.0,12.5,468,8.8,18.0,38,1121.7739766695001,567.526,85.8198949079242,PQ20/20
0.082,350,50.0,0.941,40.0,26.1,1.7,32.0,31.5,525,20.0,44.0,17,907.668295011271,3105.1,145.809559463368,PQ50/40
0.106,300,26.5,1.272,24.8,16.1,6.16,19.0,15.5,312,12.0,22.5,12,6102.15184923061,1829.04,22.0590559502325,PQ26/25
0.094,20,65.0,2.473,60.0,42.0,3.92,45.0,40.8,398,26.0,55.0,37,6876.80187788708,33181.2,508.258343667345,PQ65/60
0.068,600,40.5,1.365,39.8,29.5,1.83,28.0,28.0,431,14.9,37.0,22,936.336869906816,1569.27,108.745994781042,PQ40/40
0.09,80,26.5,1.955,20.2,11.5,1.3,19.0,15.5,433,12.0,22.5,48,5409.66201362126,627.509,240.443523183686,PQ26/20
0.098,400,40.5,2.288,39.8,29.5,8.16,28.0,28.0,368,14.9,37.0,16,14011.5354817131,9420.87,38.8817457941282,PQ40/40
0.081,500,50.0,2.489,50.0,36.1,2.08,32.5,31.5,539,20.0,44.0,35,12107.2306766538,6104.68,286.371338096653,PQ50/50
0.2,250,35.1,0.473,34.8,25.0,9.94,26.0,23.5,32,14.3,32.0,6,174.974069726312,294.604,17.6364971067979,PQ35/35
0.092,80,16.4,2.401,11.6,6.7,3.37,11.2,9.6,414,7.0,14.4,21,3500.86002615994,137.325,14.7303384361594,PQ16/11.6
0.147,80,26.5,0.555,24.8,16.1,2.57,19.0,15.5,163,12.0,22.5,20,1407.40053721246,1318.64,122.417028894048,PQ26/25
0.115,120,40.5,2.35,30.3,20.0,2.95,28.0,28.0,265,14.9,37.0,45,16130.929182084099,3610.0099999999998,292.133352837041,PQ40/30
0.167,100,35.1,2.244,34.8,25.0,11.79,26.0,23.5,126,14.3,32.0,17,11787.6466225802,3325.65,40.3846048225193,PQ35/35
0.099,50,16.4,0.588,11.6,6.7,3.31,11.2,9.6,358,7.0,14.4,11,478.573547270473,415.211,13.026821402734301,PQ16/11.6
0.2,120,65.0,2.031,60.0,42.0,9.99,45.0,40.8,33,26.0,55.0,25,4179.36580817132,2153.42,271.946585599772,PQ65/60
0.2,50,26.5,0.54,24.8,16.1,3.03,19.0,15.5,65,12.0,22.5,21,806.515910608591,450.5,138.250614526051,PQ26/25
0.1,300,26.5,1.843,24.8,16.1,7.68,19.0,15.5,353,12.0,22.5,14,14411.0799340568,2850.19,22.195007614791,PQ26/25
0.081,120,26.5,1.592,20.2,11.5,4.53,19.0,15.5,539,12.0,22.5,10,1105.4722143408499,628.946,12.3932452792447,PQ26/20
0.085,500,32.0,1.876,20.5,11.5,3.92,22.0,19.0,493,13.4,27.5,14,7317.060168618,811.053,26.2691857247718,PQ32/20
0.077,300,40.5,2.05,30.3,20.0,2.92,28.0,28.0,593,14.9,37.0,21,4168.51370594084,2684.7400000000002,70.6953161372189,PQ40/30
0.2,400,65.0,1.573,60.0,42.0,19.24,45.0,40.8,43,26.0,55.0,10,4991.977422371279,3044.1699999999996,53.6238612638101,PQ65/60
0.107,400,40.5,1.96,30.3,20.0,7.66,28.0,28.0,306,14.9,37.0,16,16738.2577770703,5530.24,42.5179551247117,PQ40/30
0.086,60,20.5,1.118,16.2,10.3,3.04,14.0,12.5,480,8.8,18.0,11,388.570466548816,301.458,11.718079171744101,PQ20/16
0.132,250,40.5,1.259,39.8,29.5,5.99,28.0,28.0,203,14.9,37.0,18,7166.12359496312,6229.89,77.6504413416183,PQ40/40
0.123,20,16.4,0.909,11.6,6.7,1.9,11.2,9.6,234,7.0,14.4,41,2769.72301802284,533.773,126.392282481038,PQ16/11.6
0.081,80,20.5,2.365,16.2,10.3,2.48,14.0,12.5,532,8.8,18.0,30,4141.2145739302305,609.4770000000001,47.2188555924805,PQ20/16
0.143,10,16.4,0.962,11.6,6.7,1.43,11.2,9.6,173,7.0,14.4,60,2498.72440284768,350.386,258.306704384253,PQ16/11.6
0.127,20,26.5,1.664,24.8,16.1,1.5,19.0,15.5,220,12.0,22.5,98,13175.2947407525,3322.07,1183.023992695,PQ26/25
0.091,50,32.0,1.578,30.4,21.3,0.52,22.0,19.0,425,13.4,27.5,87,1976.28659014861,891.5459999999999,1215.94969746813,PQ32/30
0.109,150,35.1,0.42,34.8,25.0,1.36,26.0,23.5,120,14.3,32.0,30,239.476374875814,1622.17,486.97648279056403,PQ35/35
0.194,100,40.5,0.698,39.8,29.5,5.16,28.0,28.0,94,14.9,37.0,16,1596.88899302799,2588.43,98.3070227605585,PQ40/40
0.2,40,20.5,0.367,16.2,10.3,3.45,14.0,12.5,87,8.8,18.0,12,348.321782095757,265.587,35.3911484458362,PQ20/16
0.103,30,16.4,1.112,11.6,6.7,3.36,11.2,9.6,331,7.0,14.4,21,1856.13253812678,508.983,28.0607160956318,PQ16/11.6
0.152,100,40.5,1.181,39.8,29.5,4.99,28.0,28.0,152,14.9,37.0,21,3284.73997182161,3880.04,111.106258565595,PQ40/40
0.121,120,20.5,0.303,20.2,14.3,3.07,14.0,12.5,242,8.8,18.0,9,272.663615021484,1172.75,23.5009291076536,PQ20/20
0.189,150,40.5,0.903,39.8,29.5,7.64,28.0,28.0,99,14.9,37.0,14,3400.28052638102,3202.64,61.0427202760094,PQ40/40
0.125,100,50.0,0.891,50.0,36.1,6.86,32.5,31.5,227,20.0,44.0,11,1280.33786080968,12009.9,64.4399962363824,PQ50/50
0.164,50,26.5,2.1,24.8,16.1,7.72,19.0,15.5,131,12.0,22.5,25,13924.0940879095,1598.09,63.694584822858204,PQ26/25
0.085,80,26.5,1.939,24.8,16.1,1.26,19.0,15.5,492,12.0,22.5,49,4478.479433217,1079.1,260.92119269446,PQ26/25
0.093,400,26.5,2.417,20.2,11.5,6.48,19.0,15.5,411,12.0,22.5,11,7700.73576914001,496.458,10.5477600397139,PQ26/20
0.137,200,26.5,0.31,24.8,16.1,4.36,19.0,15.5,187,12.0,22.5,6,277.752989536237,1079.93,18.221120228378098,PQ26/25
0.101,60,40.5,0.453,30.3,20.0,0.71,28.0,28.0,345,14.9,37.0,40,385.723520205861,3411.08,877.850969254636,PQ40/30
0.095,350,32.0,1.443,30.4,21.3,5.04,22.0,19.0,394,13.4,27.5,17,9878.19423875512,5100.41,49.8784895687334,PQ32/30
0.159,200,50.0,1.563,50.0,36.1,6.35,32.5,31.5,139,20.0,44.0,22,11883.811709052101,7441.48,163.150739320527,PQ50/50
0.164,40,26.5,0.207,20.2,11.5,0.79,19.0,15.5,132,12.0,22.5,23,131.286508468868,458.528,383.459263382201,PQ26/20
0.108,150,26.5,1.547,20.2,11.5,6.36,19.0,15.5,302,12.0,22.5,14,6527.49677847668,1399.02,24.893755773171097,PQ26/20
0.087,50,16.4,0.893,11.6,6.7,0.83,11.2,9.6,470,7.0,14.4,34,730.169314454022,137.88,88.012271510128,PQ16/11.6
0.178,40,32.0,1.97,20.5,11.5,4.79,22.0,19.0,111,13.4,27.5,35,13504.4606328433,890.437,157.640586792167,PQ32/20
0.104,200,26.5,1.905,24.8,16.1,5.78,19.0,15.5,324,12.0,22.5,19,13271.068145903,2406.5699999999997,39.8578802288245,PQ26/25
0.082,100,50.0,2.485,40.0,26.1,1.08,32.0,31.5,522,20.0,44.0,68,6051.92829750772,4470.85,1053.6702543453,PQ50/40
0.141,20,26.5,2.306,20.2,11.5,2.95,19.0,15.5,178,12.0,22.5,68,19887.3513942875,1825.75,419.949563935772,PQ26/20
0.107,120,32.0,0.878,30.4,21.3,2.97,22.0,19.0,311,13.4,27.5,18,1509.46346316141,2688.75,83.5172318021295,PQ32/30
0.14,400,50.0,1.751,40.0,26.1,12.59,32.0,31.5,179,20.0,44.0,13,24050.901517981,10851.5,51.1230292200356,PQ50/40
0.121,300,40.5,0.528,39.8,29.5,2.63,28.0,28.0,209,14.9,37.0,18,1244.45986788662,4781.49,156.522815348846,PQ40/40
0.121,80,32.0,2.267,20.5,11.5,7.73,22.0,19.0,240,13.4,27.5,26,28038.892824999,4305.35,77.4744312656494,PQ32/20
0.081,300,32.0,0.859,30.4,21.3,1.07,22.0,19.0,420,13.4,27.5,24,669.1890098862419,703.4749999999999,151.130247970837,PQ32/30
0.101,120,35.1,0.606,34.8,25.0,5.82,26.0,23.5,348,14.3,32.0,6,302.336016567537,3334.69,14.2783424775653,PQ35/35
0.109,100,40.5,1.908,30.3,20.0,8.78,28.0,28.0,295,14.9,37.0,14,4518.63675263215,5427.67,33.2182809862989,PQ40/30
0.122,200,32.0,0.699,20.5,11.5,4.41,22.0,19.0,236,13.4,27.5,15,4896.32606573253,3077.03,69.0830004887658,PQ32/20
0.147,60,32.0,1.519,30.4,21.3,3.33,22.0,19.0,164,13.4,27.5,41,10368.2024613355,3083.73,278.701353974176,PQ32/30
0.122,20,20.5,1.149,16.2,10.3,1.48,14.0,12.5,238,8.8,18.0,66,4863.0277166989,1325.83,413.067777054517,PQ20/16
0.086,300,26.5,1.497,24.8,16.1,3.49,19.0,15.5,473,12.0,22.5,13,2450.55173396736,765.987,22.6600183600955,PQ26/25
0.105,180,26.5,2.041,24.8,16.1,5.78,19.0,15.5,319,12.0,22.5,20,13846.9459081597,2303.46,41.6964397049541,PQ26/25
0.081,250,26.5,1.66,24.8,16.1,3.42,19.0,15.5,541,12.0,22.5,15,3060.42236835319,1091.24,27.7264360344667,PQ26/25
0.084,100,35.1,1.797,34.8,25.0,1.63,26.0,23.5,503,14.3,32.0,33,1737.4872535141299,2058.84,180.395919289545,PQ35/35
0.08,100,20.5,1.266,16.2,10.3,2.22,14.0,12.5,556,8.8,18.0,18,1121.46330355568,490.51,28.3861904587208,PQ20/16
0.103,80,26.5,2.48,24.8,16.1,3.03,19.0,15.5,331,12.0,22.5,49,23397.299444682,3137.52,213.458729446661,PQ26/25
0.118,120,32.0,0.795,30.4,21.3,1.65,22.0,19.0,252,13.4,27.5,28,1647.25778563143,1565.58,219.23281685921899,PQ32/30
0.152,250,50.0,0.557,40.0,26.1,2.9,32.0,31.5,102,20.0,44.0,17,847.242620748351,2092.97,228.493095513874,PQ50/40
0.116,150,32.0,1.622,20.5,11.5,4.52,22.0,19.0,261,13.4,27.5,21,9881.68463034697,1491.68,66.62921143714061,PQ32/20
0.2,60,50.0,1.559,40.0,26.1,3.99,32.0,31.5,44,20.0,44.0,45,4133.7522227983,1346.61,673.900647609956,PQ50/40
0.098,400,26.5,1.077,20.2,11.5,6.74,19.0,15.5,367,12.0,22.5,9,5356.06083040126,1608.91,13.9477534284033,PQ26/20
0.112,80,40.5,2.194,30.3,20.0,2.95,28.0,28.0,282,14.9,37.0,48,13638.3334005618,5497.09,350.299033943835,PQ40/30
0.13,20,40.5,0.542,30.3,20.0,1.6,28.0,28.0,210,14.9,37.0,29,448.689799504917,3344.0099999999998,396.542105207258,PQ40/30
0.144,350,65.0,2.205,60.0,42.0,6.99,45.0,40.8,170,26.0,55.0,30,58938.789084951,23237.3,366.553819229134,PQ65/60
0.134,200,40.5,1.807,30.3,20.0,8.64,28.0,28.0,198,14.9,37.0,20,21824.9723783925,7071.5,70.817933897549,PQ40/30
0.112,350,32.0,0.737,20.5,11.5,4.19,22.0,19.0,283,13.4,27.5,10,2338.26575687633,1148.71,29.3211725500046,PQ32/20
0.2,300,50.0,1.4,50.0,36.1,19.79,32.5,31.5,47,20.0,44.0,8,2658.39797316802,1732.42,23.5916485767452,PQ50/50
0.095,80,26.5,2.142,24.8,16.1,6.18,19.0,15.5,394,12.0,22.5,22,10044.4990222978,4645.49,48.5334772443237,PQ26/25
0.077,60,16.4,2.267,11.6,6.7,2.89,11.2,9.6,598,7.0,14.4,25,3519.59394259373,326.217,21.9423720327499,PQ16/11.6
0.08,500,40.5,1.093,39.8,29.5,1.69,28.0,28.0,554,14.9,37.0,20,1572.6976096629,2441.81,106.87235545808201,PQ40/40
0.113,500,40.5,2.025,39.8,29.5,10.58,28.0,28.0,275,14.9,37.0,12,12474.8199740897,6508.6,23.9679821114978,PQ40/40
0.174,120,32.0,0.329,20.5,11.5,3.7,22.0,19.0,116,13.4,27.5,8,331.826537799388,578.375,37.9488038754507,PQ32/20
0.196,40,40.5,2.043,30.3,20.0,5.4,28.0,28.0,92,14.9,37.0,46,20524.0068426469,3437.21,340.059867427757,PQ40/30
0.19,200,50.0,0.319,50.0,36.1,2.29,32.5,31.5,98,20.0,44.0,16,578.545860418854,3795.99,326.481413551492,PQ50/50
0.185,200,50.0,2.244,50.0,36.1,12.04,32.5,31.5,103,20.0,44.0,16,16017.7706872594,4743.8,64.9147806717131,PQ50/50
0.126,120,40.5,2.281,39.8,29.5,4.27,28.0,28.0,224,14.9,37.0,46,27658.1467487584,11059.1,322.3749094035,PQ40/40
0.2,40,32.0,0.764,30.4,21.3,3.9,22.0,19.0,52,13.4,27.5,23,758.499778152084,530.248,153.152296053246,PQ32/30
0.05,500,32.0,0.313,30.4,21.3,0.73,22.0,19.0,255,13.4,27.5,26,42.0974877018293,1212.68,416.535226918288,PQ32/30
0.083,250,32.0,2.131,20.5,11.5,3.04,22.0,19.0,507,13.4,27.5,22,8012.40118601752,1081.05,58.3593579258175,PQ32/20
0.116,400,40.5,0.927,39.8,29.5,5.2,28.0,28.0,261,14.9,37.0,11,1983.62774141849,3552.26,36.8618345838456,PQ40/40
0.19,250,50.0,1.034,40.0,26.1,10.84,32.0,31.5,98,20.0,44.0,12,9246.31315592998,6042.86,67.2736849637786,PQ50/40
0.153,180,32.0,0.535,30.4,21.3,5.23,22.0,19.0,150,13.4,27.5,9,851.9924077544559,1501.29,31.593905408749,PQ32/30
0.098,180,40.5,1.061,30.3,20.0,1.58,28.0,28.0,370,14.9,37.0,39,5026.83345199385,4571.08,410.716580090149,PQ40/30
0.165,30,20.5,0.803,20.2,14.3,2.87,14.0,12.5,130,8.8,18.0,26,1441.6904432062502,613.702,87.6264272919624,PQ20/20
0.16,150,40.5,1.016,30.3,20.0,4.81,28.0,28.0,137,14.9,37.0,18,3767.2219477689,1957.65,90.6621086160582,PQ40/30
0.2,300,50.0,1.142,40.0,26.1,16.42,32.0,31.5,78,20.0,44.0,9,8407.19936102104,4468.58,34.8432563765337,PQ50/40
0.084,250,32.0,2.163,30.4,21.3,5.56,22.0,19.0,505,13.4,27.5,12,2972.8527062687504,1772.91,18.0504452142819,PQ32/30
0.085,250,26.5,2.141,24.8,16.1,3.36,19.0,15.5,491,12.0,22.5,19,5566.70364738944,939.1350000000001,36.2018318673031,PQ26/25
0.136,10,32.0,0.32,20.5,11.5,1.88,22.0,19.0,191,13.4,27.5,16,290.699708966733,1601.54,155.662509313144,PQ32/20
0.2,60,50.0,1.651,40.0,26.1,4.94,32.0,31.5,21,20.0,44.0,38,1256.62562062988,345.001,458.44766153750203,PQ50/40
0.095,150,26.5,0.315,20.2,11.5,0.81,19.0,15.5,392,12.0,22.5,24,562.847478279767,1493.18,287.013987749186,PQ26/20
0.105,120,26.5,2.367,24.8,16.1,5.51,19.0,15.5,322,12.0,22.5,25,16240.5451632856,2712.63,57.7301588310081,PQ26/25
0.134,200,40.5,1.316,30.3,20.0,11.32,28.0,28.0,196,14.9,37.0,11,6583.33697790564,5717.54,27.512317090862,PQ40/30
0.156,200,26.5,0.392,20.2,11.5,5.63,19.0,15.5,145,12.0,22.5,6,589.201368378516,624.207,14.8079543879048,PQ26/20
0.12,80,20.5,0.218,16.2,10.3,1.2,14.0,12.5,244,8.8,18.0,16,184.38127990433802,777.084,98.6568931228733,PQ20/16
0.112,250,40.5,1.61,30.3,20.0,4.11,28.0,28.0,280,14.9,37.0,23,9228.18927173032,3551.11,102.44179888876499,PQ40/30
0.167,300,50.0,1.339,50.0,36.1,13.9,32.5,31.5,126,20.0,44.0,9,6027.65870062683,6420.4,30.9081645353817,PQ50/50
0.2,150,50.0,1.957,40.0,26.1,13.44,32.0,31.5,70,20.0,44.0,17,14875.5358985177,3632.86,79.9236034658456,PQ50/40
0.159,500,40.5,0.722,39.8,29.5,8.93,28.0,28.0,110,14.9,37.0,7,1193.06605913034,1554.71,18.286882037486897,PQ40/40
0.09,50,20.5,2.443,16.2,10.3,3.12,14.0,12.5,439,8.8,18.0,24,2374.97155402416,407.64,29.4308383799874,PQ20/16
0.086,600,32.0,1.96,30.4,21.3,5.75,22.0,19.0,476,13.4,27.5,10,4194.12988600047,1317.32,13.5471896084376,PQ32/30
0.079,150,35.1,1.834,34.8,25.0,3.78,26.0,23.5,570,14.3,32.0,14,1188.35333181416,2370.77,31.9818999913561,PQ35/35
0.117,300,65.0,2.365,60.0,42.0,5.13,45.0,40.8,259,26.0,55.0,29,24748.5855565492,17900.5,323.602999363018,PQ65/60
0.08,300,26.5,1.894,24.8,16.1,2.48,19.0,15.5,552,12.0,22.5,22,5759.02832628765,994.812,53.639599411669,PQ26/25
0.152,250,26.5,0.492,24.8,16.1,6.47,19.0,15.5,153,12.0,22.5,7,1202.21958924175,1110.28,16.619976500039897,PQ26/25
0.2,30,26.5,0.831,24.8,16.1,5.04,19.0,15.5,68,12.0,22.5,21,1630.62009181751,700.66,96.0013941064743,PQ26/25
0.076,300,32.0,0.406,30.4,21.3,1.06,22.0,19.0,299,13.4,27.5,23,230.566596953481,1747.87,260.584465041239,PQ32/30
0.085,50,16.4,2.238,11.6,6.7,1.62,11.2,9.6,486,7.0,14.4,39,3302.36834299024,160.064,53.9131116487522,PQ16/11.6
0.12,400,65.0,1.618,60.0,42.0,4.13,45.0,40.8,125,26.0,55.0,35,10175.8896618166,9721.89,641.389653464178,PQ65/60
0.134,400,32.0,0.392,20.5,11.5,5.1,22.0,19.0,196,13.4,27.5,7,1343.46202351948,1646.79,24.8894107494856,PQ32/20
0.081,50,26.5,1.19,20.2,11.5,4.71,19.0,15.5,532,12.0,22.5,8,572.6536827731,711.268,10.1256816738366,PQ26/20
0.078,120,16.4,1.188,11.6,6.7,2.04,11.2,9.6,584,7.0,14.4,17,1273.4255114144,189.774,17.4142820009946,PQ16/11.6
0.114,40,20.5,0.236,16.2,10.3,0.68,14.0,12.5,273,8.8,18.0,22,84.2435549258479,412.109,173.740064291254,PQ20/16
0.113,40,32.0,1.6,30.4,21.3,6.6,22.0,19.0,276,13.4,27.5,15,2263.87697855686,3129.68,35.7992002743931,PQ32/30
0.135,400,40.5,0.854,30.3,20.0,7.86,28.0,28.0,193,14.9,37.0,10,4621.18439843605,4173.79,32.2723078952788,PQ40/30
0.11,250,35.1,1.714,34.8,25.0,4.8,26.0,23.5,290,14.3,32.0,22,10439.4539580973,4960.29,83.220595484084,PQ35/35
0.088,500,35.1,1.766,34.8,25.0,4.66,26.0,23.5,460,14.3,32.0,11,2534.15140668575,1599.4,20.3064849616871,PQ35/35
0.162,60,26.5,0.463,20.2,11.5,1.72,19.0,15.5,134,12.0,22.5,23,904.8468319087269,554.91,188.006001186067,PQ26/20
0.134,80,32.0,2.222,30.4,21.3,5.27,22.0,19.0,197,13.4,27.5,37,23645.7612623835,5008.44,168.20118932994302,PQ32/30
0.122,100,65.0,0.814,60.0,42.0,2.11,45.0,40.8,236,26.0,55.0,37,3136.6125249351,28050.7,1274.80042811708,PQ65/60
0.154,180,35.1,2.387,34.8,25.0,12.61,26.0,23.5,148,14.3,32.0,16,19212.7289543561,4013.2,34.124194490612396,PQ35/35
0.171,60,20.5,0.266,16.2,10.3,2.33,14.0,12.5,121,8.8,18.0,11,180.721736392009,289.915,39.2606062578906,PQ20/16
0.09,300,20.5,0.431,16.2,10.3,1.7,14.0,12.5,439,8.8,18.0,8,175.87469770924798,191.442,13.6832890140689,PQ20/16
0.2,150,40.5,1.587,39.8,29.5,14.9,28.0,28.0,68,14.9,37.0,12,4956.37371379015,1947.04,28.892010636171502,PQ40/40
0.123,50,20.5,0.64,16.2,10.3,2.47,14.0,12.5,232,8.8,18.0,22,1296.24305857071,950.841,74.2227556921354,PQ20/16
0.097,80,50.0,2.353,40.0,26.1,18.31,32.0,31.5,376,20.0,44.0,8,6611.81769617919,17096.9,15.244773531985,PQ50/40
0.122,150,40.5,1.146,30.3,20.0,8.56,28.0,28.0,238,14.9,37.0,12,3895.44500749872,6580.29,36.56598269824,PQ40/30
0.109,350,65.0,1.145,60.0,42.0,1.18,45.0,40.8,296,26.0,55.0,55,10668.8346522402,12122.6,2107.16826565144,PQ65/60
0.122,30,20.5,0.345,20.2,14.3,0.69,14.0,12.5,236,8.8,18.0,47,463.674188455883,1275.73,574.716267319882,PQ20/20
0.151,20,26.5,2.309,24.8,16.1,2.91,19.0,15.5,154,12.0,22.5,72,18191.6709962768,2166.44,488.59839665575197,PQ26/25
0.084,30,20.5,2.214,16.2,10.3,0.81,14.0,12.5,503,8.8,18.0,81,3403.9373948643197,451.003,363.004997274997,PQ20/16
0.087,400,32.0,1.416,30.4,21.3,3.09,22.0,19.0,466,13.4,27.5,13,1880.21496710977,954.476,29.589149836430398,PQ32/30
0.1,500,40.5,1.945,39.8,29.5,6.65,28.0,28.0,355,14.9,37.0,18,16973.1478366191,9592.38,55.6216040356023,PQ40/40
0.085,150,20.5,1.617,16.2,10.3,3.94,14.0,12.5,493,8.8,18.0,13,1871.7279262045602,441.527,12.133720578464,PQ20/16
0.091,120,20.5,1.92,20.2,14.3,3.1,14.0,12.5,426,8.8,18.0,20,2548.97512528763,559.746,26.0226742791006,PQ20/20
0.165,500,65.0,1.169,60.0,42.0,7.95,45.0,40.8,129,26.0,55.0,13,9190.59542064241,8636.97,115.83145026086899,PQ65/60
0.2,80,40.5,0.729,39.8,29.5,3.31,28.0,28.0,58,14.9,37.0,27,1097.16160965167,1191.57,270.173425593186,PQ40/40
0.099,150,32.0,2.151,30.4,21.3,3.68,22.0,19.0,357,13.4,27.5,36,19353.6574110311,5878.1,163.233345580329,PQ32/30
0.2,400,107.0,2.184,87.0,56.0,8.51,70.0,72.5,55,41.0,93.7,30,28917.7267595215,15029.199999999999,843.83770129734,PQ107/87
0.2,50,32.0,1.03,20.5,11.5,7.24,22.0,19.0,59,13.4,27.5,17,2453.3995330262,505.766,63.8937338943265,PQ32/20
0.078,120,32.0,1.533,30.4,21.3,2.16,22.0,19.0,574,13.4,27.5,21,1207.35908963329,1650.39,72.5358391201905,PQ32/30
0.123,300,40.5,1.56,30.3,20.0,8.76,28.0,28.0,232,14.9,37.0,16,16963.3950710137,7464.35,50.8469569549866,PQ40/30
0.111,200,40.5,1.807,39.8,29.5,8.32,28.0,28.0,286,14.9,37.0,14,5313.952862103721,6996.22,35.5484671971838,PQ40/40
0.119,350,65.0,1.51,60.0,42.0,4.55,45.0,40.8,249,26.0,55.0,29,23440.1334449686,31369.9,465.979797642314,PQ65/60
0.097,150,26.5,1.877,24.8,16.1,6.28,19.0,15.5,374,12.0,22.5,19,12119.3661458866,3994.93,40.2881454191453,PQ26/25
0.085,500,26.5,1.034,20.2,11.5,4.56,19.0,15.5,494,12.0,22.5,7,1467.94284414055,545.516,8.729695898054699,PQ26/20
0.11,100,40.5,2.099,39.8,29.5,2.01,28.0,28.0,292,14.9,37.0,64,13738.794410148299,7065.85,663.905263652771,PQ40/40
0.14,100,26.5,0.61,24.8,16.1,2.38,19.0,15.5,181,12.0,22.5,22,2002.16726615856,1358.6,136.591724931892,PQ26/25
0.107,100,40.5,0.328,39.8,29.5,1.1,28.0,28.0,309,14.9,37.0,19,127.036102981557,3262.4,259.468311163486,PQ40/40
0.118,40,20.5,2.281,20.2,14.3,3.32,14.0,12.5,255,8.8,18.0,40,7648.1167168937,1138.15,90.9121010279457,PQ20/20
0.056,600,32.0,0.896,30.4,21.3,1.01,22.0,19.0,429,13.4,27.5,26,365.605293092041,711.7620000000001,171.266578981475,PQ32/30
0.171,200,32.0,0.545,20.5,11.5,7.17,22.0,19.0,120,13.4,27.5,7,1358.94847870974,762.45,18.65082659989,PQ32/20
0.116,50,65.0,0.797,60.0,42.0,4.6,45.0,40.8,261,26.0,55.0,10,623.312939643477,8713.28,94.6478648042131,PQ65/60
0.167,10,20.5,0.9,16.2,10.3,3.38,14.0,12.5,127,8.8,18.0,24,1095.03465154276,434.054,66.6707542021408,PQ20/16
0.085,10,50.0,2.069,50.0,36.1,3.41,32.5,31.5,492,20.0,44.0,19,3833.18129162241,5531.79,97.3922763909004,PQ50/50
0.084,500,26.5,1.06,24.8,16.1,3.66,19.0,15.5,498,12.0,22.5,9,1548.58660731393,741.303,14.3900114436112,PQ26/25
0.115,10,32.0,0.853,20.5,11.5,2.84,22.0,19.0,269,13.4,27.5,19,1104.02831499494,1477.39,93.4239794135446,PQ32/20
0.142,100,32.0,1.932,20.5,11.5,7.76,22.0,19.0,174,13.4,27.5,24,28202.7221162275,2778.82,75.346813085416,PQ32/20
0.079,300,20.5,1.195,20.2,14.3,2.98,14.0,12.5,565,8.8,18.0,12,1358.44867147455,566.523,13.604246904266,PQ20/20
0.077,50,16.4,1.436,11.6,6.7,1.23,11.2,9.6,595,7.0,14.4,34,1482.23041796923,211.917,59.5733364161546,PQ16/11.6
0.077,60,20.5,1.125,16.2,10.3,0.94,14.0,12.5,596,8.8,18.0,36,946.842081659,450.256,125.003628447094,PQ20/16
0.16,30,16.4,0.31,11.6,6.7,2.99,11.2,9.6,138,7.0,14.4,10,190.658174107238,180.277,18.5096422184443,PQ16/11.6
0.2,300,65.0,1.649,60.0,42.0,9.91,45.0,40.8,66,26.0,55.0,19,15104.2207780226,5738.53,186.164990568156,PQ65/60
0.107,50,40.5,2.049,30.3,20.0,3.02,28.0,28.0,310,14.9,37.0,40,5697.17803141817,4952.37,256.171059399388,PQ40/30
0.2,180,35.1,1.021,34.8,25.0,14.56,26.0,23.5,79,14.3,32.0,8,2955.0897183595903,1678.77,16.593261740417,PQ35/35
0.115,120,26.5,2.002,24.8,16.1,7.05,19.0,15.5,265,12.0,22.5,18,10244.7843925175,2187.6699999999996,34.3171788496957,PQ26/25
0.097,200,35.1,1.283,34.8,25.0,4.41,26.0,23.5,378,14.3,32.0,18,4164.540451666449,6844.4,69.9105726672758,PQ35/35
0.119,80,35.1,1.527,34.8,25.0,3.43,26.0,23.5,248,14.3,32.0,41,11382.6626494395,9858.17,316.73278279782903,PQ35/35
0.085,120,20.5,1.7,16.2,10.3,3.47,14.0,12.5,490,8.8,18.0,15,1768.2462828341402,414.604,15.5145082974431,PQ20/16
0.1,150,26.5,2.103,24.8,16.1,7.26,19.0,15.5,356,12.0,22.5,17,11629.1479681369,3134.41,29.4032180944722,PQ26/25
0.081,400,20.5,0.828,20.2,14.3,3.49,14.0,12.5,535,8.8,18.0,7,509.60997431574094,407.513,6.18745710911575,PQ20/20
0.118,500,50.0,1.957,50.0,36.1,6.34,32.5,31.5,255,20.0,44.0,18,15965.2906221232,8412.35,91.2782746991514,PQ50/50
0.096,80,20.5,0.79,16.2,10.3,2.15,14.0,12.5,385,8.8,18.0,23,1777.05943821454,1207.53,68.1051842670118,PQ20/16
0.088,600,26.5,1.663,20.2,11.5,6.58,19.0,15.5,457,12.0,22.5,8,5028.38296988781,630.314,7.64318997701455,PQ26/20
0.121,80,50.0,1.961,50.0,36.1,2.67,32.5,31.5,242,20.0,44.0,71,27936.765797531,28256.4,1419.30164839829,PQ50/50
0.112,600,65.0,1.386,60.0,42.0,5.09,45.0,40.8,202,26.0,55.0,26,18708.5688950515,25828.3,402.295812064469,PQ65/60
0.077,350,65.0,1.708,60.0,42.0,1.51,45.0,40.8,157,26.0,55.0,97,6751.22274854516,13540.9,4712.66576911075,PQ65/60
0.14,80,40.5,1.813,39.8,29.5,3.63,28.0,28.0,181,14.9,37.0,46,13886.1051364554,7671.44,383.254955339139,PQ40/40
0.079,80,32.0,1.754,30.4,21.3,2.35,22.0,19.0,567,13.4,27.5,22,1200.46364027805,1722.96,71.5020848306098,PQ32/30
0.11,60,16.4,0.881,11.6,6.7,2.93,11.2,9.6,294,7.0,14.4,19,1929.5690267616098,364.283,27.813163805384,PQ16/11.6
0.2,250,50.0,1.699,40.0,26.1,19.08,32.0,31.5,65,20.0,44.0,11,11845.6306287253,3410.05,37.5363151299183,PQ50/40
0.162,350,50.0,2.251,50.0,36.1,16.27,32.5,31.5,134,20.0,44.0,13,27148.8315508953,9704.269999999999,42.7700385116506,PQ50/50
0.142,200,40.5,2.336,30.3,20.0,12.43,28.0,28.0,174,14.9,37.0,16,21715.7787296941,4805.15,37.1335671467429,PQ40/30
0.09,80,16.4,0.893,11.6,6.7,1.73,11.2,9.6,440,7.0,14.4,16,542.632762592397,116.08,19.490595778704797,PQ16/11.6
0.077,300,40.5,2.189,30.3,20.0,4.15,28.0,28.0,600,14.9,37.0,17,4583.01646802871,3504.04,44.0418106740568,PQ40/30
0.108,100,26.5,1.204,24.8,16.1,2.16,19.0,15.5,303,12.0,22.5,33,5309.75892987344,1781.26,174.377295087393,PQ26/25
0.2,30,26.5,0.975,24.8,16.1,3.48,19.0,15.5,28,12.0,22.5,34,681.152793141605,131.535,220.55700382220098,PQ26/25
0.143,300,40.5,1.351,30.3,20.0,13.99,28.0,28.0,173,14.9,37.0,9,8132.51264182448,4429.92,18.0384309504866,PQ40/30
0.166,250,32.0,0.323,30.4,21.3,3.99,22.0,19.0,107,13.4,27.5,7,222.88322435525,639.786,29.436426116730903,PQ32/30
0.097,120,107.0,1.538,87.0,56.0,7.34,70.0,72.5,372,41.0,93.7,13,2925.09177924491,82681.79999999999,212.40953158044,PQ107/87
0.2,200,40.5,1.14,39.8,29.5,12.06,28.0,28.0,65,14.9,37.0,11,3021.72227505237,1605.03,31.3493126160674,PQ40/40
0.092,60,35.1,1.964,34.8,25.0,9.06,26.0,23.5,415,14.3,32.0,7,1268.64695510307,1860.27,7.57561560201597,PQ35/35
0.102,100,32.0,1.221,20.5,11.5,5.16,22.0,19.0,342,13.4,27.5,15,3587.13437475229,2663.87,43.0823970592759,PQ32/20
0.101,400,107.0,2.007,87.0,56.0,15.67,70.0,72.5,348,41.0,93.7,8,6007.29367500366,83052.0,64.2829127315039,PQ107/87
0.081,50,20.5,2.302,20.2,14.3,1.68,14.0,12.5,532,8.8,18.0,41,2580.70197129126,763.6610000000001,94.776674108157,PQ20/20
0.149,80,35.1,1.34,34.8,25.0,3.33,26.0,23.5,160,14.3,32.0,34,6336.32505816874,3299.64,241.179220627598,PQ35/35
0.127,80,40.5,1.084,39.8,29.5,1.38,28.0,28.0,218,14.9,37.0,70,7070.0087084284305,7206.85,1320.24111703818,PQ40/40
0.115,150,26.5,1.872,24.8,16.1,5.09,19.0,15.5,268,12.0,22.5,21,10771.2827977693,1642.62,49.3105133279021,PQ26/25
0.18,150,32.0,0.825,20.5,11.5,7.82,22.0,19.0,109,13.4,27.5,10,3484.80830107623,795.763,26.6512147090544,PQ32/20
0.085,10,16.4,1.34,11.6,6.7,2.25,11.2,9.6,490,7.0,14.4,18,657.878584101381,159.258,17.6818297156339,PQ16/11.6
0.074,180,32.0,1.189,20.5,11.5,0.65,22.0,19.0,405,13.4,27.5,52,1529.82803844889,419.877,528.963043948003,PQ32/20
0.109,500,40.5,2.238,30.3,20.0,11.0,28.0,28.0,297,14.9,37.0,12,18022.9657080394,4850.14,21.5568821684148,PQ40/30
0.099,80,20.5,0.737,20.2,14.3,1.67,14.0,12.5,358,8.8,18.0,27,1344.69438644403,1253.59,101.160148176808,PQ20/20
0.08,30,26.5,2.07,20.2,11.5,7.4,19.0,15.5,547,12.0,22.5,8,1792.03999953071,731.084,6.36359837665769,PQ26/20
0.102,100,26.5,0.63,24.8,16.1,1.01,19.0,15.5,340,12.0,22.5,40,2131.83967088316,2041.91,439.038577738883,PQ26/25
0.139,300,50.0,2.441,40.0,26.1,11.19,32.0,31.5,182,20.0,44.0,19,42427.8868671023,11103.9,83.5640008089956,PQ50/40
0.089,500,50.0,1.132,50.0,36.1,2.71,32.5,31.5,341,20.0,44.0,24,4161.09643471924,10135.0,251.567108656746,PQ50/50
0.2,250,65.0,1.329,60.0,42.0,10.68,45.0,40.8,52,26.0,55.0,16,5653.09741860156,4551.11,157.79072618005202,PQ65/60
0.101,100,26.5,1.157,24.8,16.1,1.77,19.0,15.5,344,12.0,22.5,38,5393.71893437587,2118.68,238.858010839275,PQ26/25
0.141,600,65.0,1.593,60.0,42.0,7.79,45.0,40.8,178,26.0,55.0,19,33264.7320072943,20457.4,191.472553139168,PQ65/60
0.079,500,26.5,2.203,20.2,11.5,7.19,19.0,15.5,560,12.0,22.5,9,6529.93968989264,840.268,7.64235305910726,PQ26/20
0.146,350,35.1,1.008,34.8,25.0,9.72,26.0,23.5,165,14.3,32.0,9,4303.52976448233,3188.89,21.2085219064756,PQ35/35
0.086,120,20.5,1.174,20.2,14.3,2.5,14.0,12.5,480,8.8,18.0,15,798.42780082301,503.287,21.530054808614,PQ20/20
0.095,300,65.0,1.843,60.0,42.0,1.29,45.0,40.8,295,26.0,55.0,84,21942.212646415603,16704.0,3317.96886737518,PQ65/60
0.159,400,40.5,1.554,39.8,29.5,14.87,28.0,28.0,140,14.9,37.0,9,8784.92916642537,3657.34,16.4825296688226,PQ40/40
0.115,80,32.0,2.382,30.4,21.3,2.78,22.0,19.0,269,13.4,27.5,50,16084.805099485699,3230.67,290.531428879636,PQ32/30
0.1,600,32.0,0.608,20.5,11.5,5.55,22.0,19.0,350,13.4,27.5,7,2348.16345846175,2153.43,16.9456337459482,PQ32/20
0.2,180,35.1,0.418,34.8,25.0,7.87,26.0,23.5,62,14.3,32.0,6,253.158655238797,716.025,19.5729354117336,PQ35/35
0.089,20,50.0,2.24,50.0,36.1,1.57,32.5,31.5,442,20.0,44.0,41,1214.83735101852,3812.56,426.149383776874,PQ50/50
0.1,50,32.0,1.147,20.5,11.5,1.02,22.0,19.0,354,13.4,27.5,68,6097.6452564128695,2433.24,933.217705163147,PQ32/20
0.104,300,40.5,1.69,39.8,29.5,9.87,28.0,28.0,326,14.9,37.0,10,4119.74307425232,6596.7,19.0919800144789,PQ40/40
0.083,400,35.1,2.34,34.8,25.0,2.91,26.0,23.5,518,14.3,32.0,24,7780.1434661169,2554.07,77.88286097686199,PQ35/35
0.147,10,20.5,2.019,20.2,14.3,1.78,14.0,12.5,163,8.8,18.0,98,8536.91411012057,1294.03,601.118107515426,PQ20/20
0.101,250,50.0,1.74,40.0,26.1,2.5,32.0,31.5,343,20.0,44.0,44,22520.7687867085,12941.6,588.102466466728,PQ50/40
0.1,200,20.5,0.44,20.2,14.3,2.41,14.0,12.5,354,8.8,18.0,11,479.57160296948797,924.568,25.6390444334277,PQ20/20
0.081,600,26.5,2.287,20.2,11.5,7.27,19.0,15.5,544,12.0,22.5,9,8201.42074251006,753.646,7.40697295923817,PQ26/20
0.14,60,26.5,2.212,20.2,11.5,7.48,19.0,15.5,179,12.0,22.5,25,18793.2218715686,1683.51,58.7628424092099,PQ26/20
0.117,100,26.5,0.962,24.8,16.1,2.21,19.0,15.5,258,12.0,22.5,27,3099.4869498254598,1346.98,140.396037372448,PQ26/25
0.095,60,32.0,2.459,30.4,21.3,3.77,22.0,19.0,387,13.4,27.5,37,9266.90057631891,5973.11,155.20140632565898,PQ32/30
0.051,600,32.0,0.451,30.4,21.3,1.16,22.0,19.0,151,13.4,27.5,34,111.423952928987,1400.31,521.167727812296,PQ32/30
0.2,180,50.0,1.334,50.0,36.1,9.12,32.5,31.5,27,20.0,44.0,17,1194.14975191442,667.96,110.737656624485,PQ50/50
0.113,180,32.0,1.737,20.5,11.5,4.7,22.0,19.0,277,13.4,27.5,22,14785.858187284299,1799.15,69.1852593604949,PQ32/20
0.183,40,26.5,1.345,20.2,11.5,6.93,19.0,15.5,105,12.0,22.5,17,4042.5927202290204,565.341,41.2915632015509,PQ26/20
0.084,120,26.5,2.333,20.2,11.5,5.18,19.0,15.5,498,12.0,22.5,13,2669.07306022962,668.039,15.1923325134617,PQ26/20
0.083,50,26.5,1.573,20.2,11.5,3.75,19.0,15.5,508,12.0,22.5,13,922.251939597205,705.506,21.1631108508898,PQ26/20
0.167,20,40.5,1.144,39.8,29.5,10.15,28.0,28.0,126,14.9,37.0,10,2101.3573660741904,2721.1,25.8281719856379,PQ40/40
0.164,100,32.0,1.221,20.5,11.5,6.46,22.0,19.0,131,13.4,27.5,18,8974.85638741346,1317.55,62.058304870609305,PQ32/20
0.167,50,32.0,1.788,20.5,11.5,4.65,22.0,19.0,127,13.4,27.5,35,16375.908485313801,1303.07,170.902700777894,PQ32/20
0.082,500,20.5,0.662,20.2,14.3,3.25,14.0,12.5,525,8.8,18.0,6,350.070116774111,345.818,5.44671577027471,PQ20/20
0.078,350,16.4,0.681,11.6,6.7,3.21,11.2,9.6,584,7.0,14.4,6,423.072394532154,133.977,3.4278467145781,PQ16/11.6
0.132,10,50.0,1.107,50.0,36.1,10.33,32.5,31.5,203,20.0,44.0,10,7610.53451954692,13955.1,44.57715282782,PQ50/50
0.089,30,32.0,1.922,20.5,11.5,5.13,22.0,19.0,449,13.4,27.5,12,1500.0755495323199,871.9440000000001,18.9152095428137,PQ32/20
0.082,180,20.5,0.688,20.2,14.3,3.09,14.0,12.5,519,8.8,18.0,7,200.677101638925,410.242,7.18807934975739,PQ20/20
0.122,100,50.0,1.761,40.0,26.1,18.85,32.0,31.5,236,20.0,44.0,9,7019.68694017963,19508.2,24.3886837445165,PQ50/40
0.081,180,35.1,1.159,34.8,25.0,0.6,26.0,23.5,535,14.3,32.0,57,2081.83832301248,1715.91,759.749434125459,PQ35/35
0.097,100,50.0,2.37,40.0,26.1,15.66,32.0,31.5,374,20.0,44.0,9,5783.982858624529,15179.5,19.1839546726619,PQ50/40
0.112,250,26.5,0.842,24.8,16.1,4.31,19.0,15.5,279,12.0,22.5,12,2540.6290052394497,1414.8899999999999,30.9695312120059,PQ26/25
0.165,30,26.5,2.201,20.2,11.5,4.39,19.0,15.5,130,12.0,22.5,48,23165.596712394803,1282.94,217.696310512467,PQ26/20
0.101,500,35.1,0.807,34.8,25.0,4.34,26.0,23.5,345,14.3,32.0,12,2896.20979042331,5086.99,45.0972797802532,PQ35/35
0.081,80,20.5,1.197,16.2,10.3,1.09,14.0,12.5,538,8.8,18.0,32,1162.94245873053,358.112,93.884416262228,PQ20/16
0.11,150,26.5,2.212,24.8,16.1,5.6,19.0,15.5,294,12.0,22.5,23,16480.6023597537,2223.34,51.6438033747448,PQ26/25
0.082,120,32.0,2.286,20.5,11.5,1.17,22.0,19.0,524,13.4,27.5,58,10394.0820064516,1015.33,382.85543089613,PQ32/20
0.112,250,35.1,2.449,34.8,25.0,9.68,26.0,23.5,280,14.3,32.0,16,15607.4794193391,6252.63,33.4412820222874,PQ35/35
0.091,400,32.0,2.422,30.4,21.3,4.62,22.0,19.0,428,13.4,27.5,15,5885.64740771363,1149.42,25.8273451910771,PQ32/30
0.107,50,20.5,1.79,20.2,14.3,2.86,14.0,12.5,308,8.8,18.0,38,6339.08987453878,1568.67,99.40079974920181,PQ20/20
0.084,500,26.5,2.235,20.2,11.5,7.68,19.0,15.5,498,12.0,22.5,9,7478.50355712517,786.134,7.54859689357015,PQ26/20
0.2,60,32.0,0.762,30.4,21.3,4.4,22.0,19.0,62,13.4,27.5,22,1520.3797062912301,885.9749999999999,140.407958622226,PQ32/30
0.082,120,16.4,1.14,11.6,6.7,3.09,11.2,9.6,520,7.0,14.4,11,801.3364306684449,159.475,7.53977383070765,PQ16/11.6
0.2,200,65.0,2.427,60.0,42.0,10.65,45.0,40.8,65,26.0,55.0,28,34777.1947163276,8097.2,295.666870442504,PQ65/60
0.119,40,50.0,0.937,50.0,36.1,3.08,32.5,31.5,248,20.0,44.0,27,1575.61068077189,16261.4,372.496511034483,PQ50/50
0.089,80,65.0,1.675,60.0,42.0,3.03,45.0,40.8,444,26.0,55.0,17,846.436358119025,5987.16,146.943025644455,PQ65/60
0.077,250,20.5,1.338,20.2,14.3,3.29,14.0,12.5,588,8.8,18.0,13,1700.86603835447,787.554,14.6032339916767,PQ20/20
0.138,350,35.1,0.528,34.8,25.0,4.56,26.0,23.5,177,14.3,32.0,10,1192.1715802991698,2652.77,44.5718444230609,PQ35/35
0.159,150,40.5,2.365,39.8,29.5,10.01,28.0,28.0,139,14.9,37.0,20,15457.789383707199,4529.46,59.3509999090068,PQ40/40
0.086,20,26.5,1.888,24.8,16.1,0.53,19.0,15.5,475,12.0,22.5,112,2411.51988823047,948.546,1393.1430108605,PQ26/25
0.092,30,16.4,2.232,11.6,6.7,1.23,11.2,9.6,417,7.0,14.4,53,2954.1758176122903,132.72,99.9174991076859,PQ16/11.6
0.114,80,26.5,1.947,24.8,16.1,3.37,19.0,15.5,272,12.0,22.5,33,9710.07059691505,1720.58,118.066119423476,PQ26/25
0.088,500,32.0,2.398,30.4,21.3,7.2,22.0,19.0,459,13.4,27.5,10,5371.01694056476,1480.87,11.55896689565,PQ32/30
0.085,80,20.5,2.358,16.2,10.3,2.15,14.0,12.5,494,8.8,18.0,33,4327.44127157247,474.286,57.3107583946718,PQ20/16
0.1,200,32.0,1.269,20.5,11.5,7.34,22.0,19.0,352,13.4,27.5,11,5364.48550204835,2877.67,22.4376972998739,PQ32/20
0.082,100,32.0,2.06,30.4,21.3,2.84,22.0,19.0,522,13.4,27.5,21,1727.98383778929,1552.78,57.4316443595498,PQ32/30
0.084,150,20.5,2.253,16.2,10.3,3.98,14.0,12.5,503,8.8,18.0,18,4526.37090353326,555.943,17.7078684901117,PQ20/16
0.2,350,65.0,0.969,60.0,42.0,8.12,45.0,40.8,64,26.0,55.0,15,5599.99052740877,5516.05,180.818896958119,PQ65/60
0.102,400,32.0,1.444,30.4,21.3,7.41,22.0,19.0,340,13.4,27.5,11,6573.179333607241,3379.9,20.861100636698,PQ32/30
0.082,250,20.5,0.679,16.2,10.3,1.74,14.0,12.5,521,8.8,18.0,11,381.87816898367697,231.357,17.6477717006717,PQ20/16
0.174,350,50.0,0.616,40.0,26.1,5.55,32.0,31.5,117,20.0,44.0,10,1966.55045543647,2917.96,72.4924677364304,PQ50/40
0.123,60,20.5,0.198,16.2,10.3,0.94,14.0,12.5,234,8.8,18.0,18,123.381391624586,643.937,136.140384355642,PQ20/16
0.2,80,107.0,2.343,87.0,56.0,5.21,70.0,72.5,40,41.0,93.7,53,7301.2120792413,8888.09,2484.1023124139997,PQ107/87
0.171,300,50.0,2.131,50.0,36.1,19.24,32.5,31.5,120,20.0,44.0,10,15117.0525655861,6933.46,26.4072533449188,PQ50/50
0.147,400,50.0,2.264,50.0,36.1,18.72,32.5,31.5,164,20.0,44.0,11,25312.403903807,12948.9,30.4604826295014,PQ50/50
0.086,350,32.0,1.254,30.4,21.3,1.71,22.0,19.0,478,13.4,27.5,21,2123.68711975771,962.3,85.1424916238026,PQ32/30
0.2,250,65.0,1.174,60.0,42.0,8.35,45.0,40.8,25,26.0,55.0,18,1284.7754256608,1119.13,221.420556482179,PQ65/60
0.083,180,32.0,2.235,20.5,11.5,1.55,22.0,19.0,514,13.4,27.5,41,9781.19996604127,872.798,194.736870368482,PQ32/20
0.096,80,26.5,1.668,24.8,16.1,1.76,19.0,15.5,382,12.0,22.5,54,11752.943015016,2925.06,358.020858690192,PQ26/25
0.094,180,32.0,2.26,30.4,21.3,4.4,22.0,19.0,397,13.4,27.5,29,17377.8639496591,5848.85,101.916631873001,PQ32/30
0.098,200,50.0,1.941,40.0,26.1,2.43,32.0,31.5,365,20.0,44.0,48,22038.1154447836,13335.3,640.5464350946439,PQ50/40
0.078,180,32.0,1.917,30.4,21.3,2.52,22.0,19.0,578,13.4,27.5,23,3024.15588558777,2030.48,72.8480992394886,PQ32/30
0.122,200,26.5,0.559,20.2,11.5,4.79,19.0,15.5,236,12.0,22.5,10,1909.80456727784,1674.69,30.1674807770356,PQ26/20
0.095,250,40.5,0.79,39.8,29.5,1.52,28.0,28.0,388,14.9,37.0,33,2789.79304347116,7263.62,377.005407879196,PQ40/40
0.163,50,65.0,1.444,60.0,42.0,12.46,45.0,40.8,133,26.0,55.0,10,2835.22741517985,9469.59,57.4942728339506,PQ65/60
0.124,300,50.0,0.866,40.0,26.1,3.84,32.0,31.5,230,20.0,44.0,21,7463.13051581309,12429.0,239.108150744109,PQ50/40
0.092,250,26.5,1.612,20.2,11.5,4.12,19.0,15.5,415,12.0,22.5,11,2162.0630374084203,379.27,14.8404942128757,PQ26/20
0.096,350,32.0,1.306,20.5,11.5,6.97,22.0,19.0,386,13.4,27.5,12,10810.2069733878,3523.06,26.0720050178367,PQ32/20
0.095,60,26.5,0.772,20.2,11.5,4.19,19.0,15.5,391,12.0,22.5,11,804.350638114849,1838.7,27.6338299506065,PQ26/20
0.096,600,50.0,2.259,50.0,36.1,10.83,32.5,31.5,385,20.0,44.0,13,20914.2947596816,23133.3,42.594898020294,PQ50/50
0.197,50,40.5,2.06,30.3,20.0,8.44,28.0,28.0,91,14.9,37.0,30,17722.285979380198,3463.13,143.785527462305,PQ40/30
0.136,40,32.0,2.137,20.5,11.5,2.91,22.0,19.0,192,13.4,27.5,70,39297.3066177417,3373.09,589.942289431291,PQ32/20
0.096,400,32.0,1.937,30.4,21.3,7.83,22.0,19.0,382,13.4,27.5,14,14321.480863594299,5047.51,26.7947648905427,PQ32/30
0.13,80,26.5,1.605,24.8,16.1,5.3,19.0,15.5,210,12.0,22.5,28,15324.707370817001,3337.5099999999998,99.4202316872911,PQ26/25
0.128,80,20.5,0.393,16.2,10.3,2.53,14.0,12.5,217,8.8,18.0,15,702.037713544159,967.469,52.1376511992772,PQ20/16
0.107,150,20.5,0.895,20.2,14.3,3.92,14.0,12.5,309,8.8,18.0,13,1563.7833153914,884.843,20.0590997140376,PQ20/20
0.146,350,107.0,1.831,87.0,56.0,18.18,70.0,72.5,165,41.0,93.7,9,8921.91345082824,52119.1,87.9597330362402,PQ107/87
0.148,400,65.0,1.237,60.0,42.0,13.19,45.0,40.8,162,26.0,55.0,9,7130.4609256071,16654.4,52.9601175244437,PQ65/60
0.199,20,50.0,2.215,40.0,26.1,9.72,32.0,31.5,89,20.0,44.0,29,11874.5667173737,7475.66,210.49004479079002,PQ50/40
0.126,40,20.5,1.187,16.2,10.3,3.28,14.0,12.5,223,8.8,18.0,31,4933.74875951086,1212.55,88.7321748356576,PQ20/16
0.102,500,50.0,1.571,40.0,26.1,4.22,32.0,31.5,336,20.0,44.0,21,14129.1074211256,8757.61,145.594538094216,PQ50/40
0.084,400,26.5,0.818,20.2,11.5,4.07,19.0,15.5,499,12.0,22.5,6,601.335228085486,466.674,7.82360415515265,PQ26/20
0.079,180,20.5,0.137,20.2,14.3,0.66,14.0,12.5,459,8.8,18.0,6,4.24783843532634,135.937,20.5871510444607,PQ20/20
0.113,500,32.0,0.708,20.5,11.5,5.13,22.0,19.0,274,13.4,27.5,8,2481.84239181787,1122.71,19.4230002269971,PQ32/20
0.086,50,16.4,1.375,11.6,6.7,1.13,11.2,9.6,482,7.0,14.4,35,1389.80088320439,136.354,65.4228553450693,PQ16/11.6
0.103,150,26.5,2.215,24.8,16.1,6.69,19.0,15.5,333,12.0,22.5,21,17850.9615670969,3502.18,43.0007057435881,PQ26/25
0.089,20,26.5,1.864,20.2,11.5,3.53,19.0,15.5,448,12.0,22.5,17,1328.77053388408,663.774,31.3832900706247,PQ26/20
0.088,60,20.5,0.796,16.2,10.3,1.12,14.0,12.5,459,8.8,18.0,21,294.60445516885704,228.234,56.4062690949565,PQ20/16
0.091,120,20.5,1.841,16.2,10.3,2.94,14.0,12.5,425,8.8,18.0,18,2072.66614716277,279.29900000000004,20.9213005366396,PQ20/16
0.194,60,40.5,1.862,39.8,29.5,14.67,28.0,28.0,94,14.9,37.0,16,8411.13593091758,5208.71,45.4498196677666,PQ40/40
0.078,60,26.5,1.965,20.2,11.5,0.7,19.0,15.5,575,12.0,22.5,85,6465.68562566387,912.581,750.868324764401,PQ26/20
0.084,30,50.0,1.272,50.0,36.1,1.96,32.5,31.5,501,20.0,44.0,19,530.47921998908,3673.48,143.404604434919,PQ50/50
0.129,20,65.0,1.938,60.0,42.0,8.4,45.0,40.8,213,26.0,55.0,20,8010.285786121321,25909.2,180.787356393722,PQ65/60
0.084,500,107.0,1.007,87.0,56.0,2.23,70.0,72.5,402,41.0,93.7,14,470.466449906562,12963.900000000001,353.737275565697,PQ107/87
0.196,80,50.0,1.394,40.0,26.1,4.43,32.0,31.5,92,20.0,44.0,36,13209.9921657485,4844.04,472.498115307281,PQ50/40
0.116,150,32.0,2.093,20.5,11.5,7.68,22.0,19.0,262,13.4,27.5,17,14716.4548822405,1991.32,35.3846454302893,PQ32/20
0.088,50,20.5,2.416,16.2,10.3,2.42,14.0,12.5,452,8.8,18.0,30,2608.9633972055,404.78,46.4109056490249,PQ20/16
0.119,400,40.5,1.61,39.8,29.5,7.76,28.0,28.0,251,14.9,37.0,12,5674.78313042836,3825.6,28.5330657727522,PQ40/40
0.077,350,16.4,0.69,11.6,6.7,3.3,11.2,9.6,599,7.0,14.4,6,448.10460985418297,146.255,3.39307037148252,PQ16/11.6
0.2,10,20.5,1.799,20.2,14.3,3.72,14.0,12.5,57,8.8,18.0,56,3725.39668768864,371.52,215.076564254473,PQ20/20
0.11,120,40.5,1.433,39.8,29.5,8.65,28.0,28.0,292,14.9,37.0,10,1709.80072288754,5286.53,21.6509734624464,PQ40/40
0.116,350,40.5,2.485,30.3,20.0,9.92,28.0,28.0,263,14.9,37.0,15,19886.0815642183,4281.38,31.0975570004686,PQ40/30
0.2,20,50.0,2.403,50.0,36.1,8.36,32.5,31.5,79,20.0,44.0,34,9384.66319787393,6877.69,278.020093514752,PQ50/50
0.107,30,20.5,1.825,20.2,14.3,1.75,14.0,12.5,308,8.8,18.0,63,6461.3178553241,1568.06,269.056512846352,PQ20/20
0.15,180,26.5,0.862,24.8,16.1,7.47,19.0,15.5,156,12.0,22.5,10,3261.7134460808497,1218.05,21.1145973229133,PQ26/25
0.088,200,32.0,1.833,20.5,11.5,2.59,22.0,19.0,456,13.4,27.5,20,3713.46765359948,625.2149999999999,54.6257751184636,PQ32/20
0.126,10,26.5,2.475,20.2,11.5,1.67,19.0,15.5,223,12.0,22.5,138,26171.2002504539,3348.24,1628.78999101385,PQ26/20
0.112,80,32.0,1.782,20.5,11.5,2.47,22.0,19.0,281,13.4,27.5,44,14403.5445706037,1979.87,270.786431407708,PQ32/20
0.2,80,65.0,1.123,60.0,42.0,4.46,45.0,40.8,22,26.0,55.0,29,600.084632879339,661.601,596.681329322278,PQ65/60
0.131,120,40.5,2.347,30.3,20.0,6.87,28.0,28.0,207,14.9,37.0,32,32336.36838926,8417.36,147.687478972132,PQ40/30
0.084,60,20.5,1.462,16.2,10.3,1.3,14.0,12.5,495,8.8,18.0,34,1425.9211574473002,376.434,90.0823881853842,PQ20/16
0.086,150,20.5,1.371,16.2,10.3,2.64,14.0,12.5,482,8.8,18.0,15,1326.40717207789,307.832,18.4706777718447,PQ20/16
0.123,80,26.5,1.475,20.2,11.5,4.69,19.0,15.5,232,12.0,22.5,27,13460.6831231678,2376.03,96.42831558731879,PQ26/20
0.105,40,20.5,0.668,16.2,10.3,0.95,14.0,12.5,323,8.8,18.0,44,1229.20306126666,811.568,286.450771762333,PQ20/16
0.103,600,26.5,0.321,24.8,16.1,4.7,19.0,15.5,190,12.0,22.5,6,311.262640986549,1251.44,17.677357363656,PQ26/25
0.123,300,40.5,2.155,39.8,29.5,10.96,28.0,28.0,232,14.9,37.0,18,26856.4525118759,13265.3,51.5351817464531,PQ40/40
0.168,40,16.4,0.493,11.6,6.7,3.48,11.2,9.6,125,7.0,14.4,12,492.774375606177,127.119,17.9897794739552,PQ16/11.6
0.079,250,20.5,0.699,20.2,14.3,1.42,14.0,12.5,567,8.8,18.0,14,425.047846299283,370.331,28.3957360055429,PQ20/20
0.091,250,32.0,2.45,20.5,11.5,5.69,22.0,19.0,430,13.4,27.5,13,5892.04791632555,770.4029999999999,18.1612858861546,PQ32/20
0.18,80,26.5,0.977,24.8,16.1,5.25,19.0,15.5,109,12.0,22.5,16,2971.36514907237,654.38,48.7267540001007,PQ26/25
0.16,10,40.5,0.662,30.3,20.0,3.9,28.0,28.0,137,14.9,37.0,15,970.182149690867,1791.47,89.6513552387386,PQ40/30
0.097,200,40.5,2.126,39.8,29.5,2.62,28.0,28.0,372,14.9,37.0,47,18091.3313821116,9600.17,354.433761772756,PQ40/40
0.2,30,35.1,1.667,34.8,25.0,4.41,26.0,23.5,70,14.3,32.0,48,7618.8830191023,2332.63,405.294837258827,PQ35/35
0.111,500,50.0,2.279,50.0,36.1,7.17,32.5,31.5,285,20.0,44.0,20,26964.1370300757,13801.7,100.170357186659,PQ50/50
0.075,600,65.0,1.49,60.0,42.0,2.56,45.0,40.8,39,26.0,55.0,67,802.252052008776,2126.6699999999996,2515.52211597729,PQ65/60
0.093,100,20.5,1.201,16.2,10.3,1.52,14.0,12.5,412,8.8,18.0,23,1068.550144929,220.192,48.3676057861591,PQ20/16
0.2,150,40.5,1.479,39.8,29.5,11.57,28.0,28.0,55,14.9,37.0,15,3827.5766720695697,1406.16,47.62681631841,PQ40/40
0.124,120,40.5,2.29,39.8,29.5,6.4,28.0,28.0,228,14.9,37.0,34,24745.4821009106,14658.6,175.73182681256898,PQ40/40
0.097,50,16.4,1.14,11.6,6.7,2.22,11.2,9.6,375,7.0,14.4,30,3454.4213408563,524.593,56.0939390668785,PQ16/11.6
0.081,150,32.0,1.597,20.5,11.5,5.57,22.0,19.0,534,13.4,27.5,9,1384.23466651187,1049.21,12.406224028700802,PQ32/20
0.128,200,50.0,1.457,40.0,26.1,4.21,32.0,31.5,217,20.0,44.0,33,22689.2452311953,14905.9,382.446672843803,PQ50/40
0.151,120,26.5,0.438,20.2,11.5,5.31,19.0,15.5,154,12.0,22.5,7,521.252067500097,691.65,18.2804356894446,PQ26/20
0.079,120,40.5,2.042,39.8,29.5,0.77,28.0,28.0,570,14.9,37.0,82,5154.07535621407,3861.2,1111.8860733931901,PQ40/40
0.2,50,32.0,1.134,30.4,21.3,5.21,22.0,19.0,32,13.4,27.5,26,973.0607277259201,274.002,141.719693810947,PQ32/30
0.104,300,35.1,1.957,34.8,25.0,11.06,26.0,23.5,327,14.3,32.0,11,8553.59416605712,6856.49,18.7758231190655,PQ35/35
0.147,300,35.1,1.061,34.8,25.0,10.23,26.0,23.5,164,14.3,32.0,9,4171.56946951166,3226.74,20.3530194565831,PQ35/35
0.133,400,40.5,0.29,39.8,29.5,4.12,28.0,28.0,175,14.9,37.0,6,157.97860357007,2369.85,28.7783630362026,PQ40/40
0.086,60,26.5,2.348,24.8,16.1,0.78,19.0,15.5,480,12.0,22.5,86,6515.44397061535,837.8149999999999,687.4546540997269,PQ26/25
0.111,180,65.0,1.229,60.0,42.0,7.61,45.0,40.8,284,26.0,55.0,10,1764.326675284,14809.5,65.6333893187066,PQ65/60
0.2,600,107.0,2.11,87.0,56.0,12.24,70.0,72.5,20,41.0,93.7,21,4364.026858939,2595.04,425.558223399506,PQ107/87
0.085,120,16.4,0.852,11.6,6.7,3.01,11.2,9.6,487,7.0,14.4,9,442.277524046804,144.654,6.41549580795649,PQ16/11.6
0.084,250,65.0,2.352,60.0,42.0,0.9,45.0,40.8,483,26.0,55.0,76,10484.361393767,7213.05,2231.53713716715,PQ65/60
0.114,60,20.5,1.172,20.2,14.3,3.61,14.0,12.5,270,8.8,18.0,19,1698.35969880005,864.227,34.6380071565389,PQ20/20
0.099,80,35.1,0.711,34.8,25.0,1.62,26.0,23.5,362,14.3,32.0,28,901.822142800852,5076.81,272.29274680418996,PQ35/35
0.123,30,26.5,1.976,20.2,11.5,4.81,19.0,15.5,232,12.0,22.5,36,12704.6634487302,2842.93,134.031781858416,PQ26/20
0.152,500,50.0,1.837,50.0,36.1,16.77,32.5,31.5,152,20.0,44.0,10,19107.5485265846,10090.2,29.660561510727,PQ50/50
0.154,180,32.0,0.414,20.5,11.5,3.87,22.0,19.0,148,13.4,27.5,10,1024.9644372159298,1073.5,48.407883918345,PQ32/20
0.103,120,26.5,1.886,20.2,11.5,3.68,19.0,15.5,330,12.0,22.5,30,15873.6648742631,1869.45,96.7512111877827,PQ26/20
0.089,80,16.4,0.761,11.6,6.7,1.79,11.2,9.6,444,7.0,14.4,12,253.574631278642,85.53280000000001,12.5116251394268,PQ16/11.6
0.063,600,40.5,1.81,39.8,29.5,1.44,28.0,28.0,411,14.9,37.0,38,1929.30802871313,1823.61,261.494921646461,PQ40/40
0.149,400,50.0,2.419,50.0,36.1,16.03,32.5,31.5,160,20.0,44.0,14,37831.6186321078,13509.1,46.8962113377074,PQ50/50
0.09,200,32.0,1.949,30.4,21.3,1.86,22.0,19.0,434,13.4,27.5,31,4331.7298299562,1125.26,130.647299967599,PQ32/30
0.087,250,32.0,1.92,30.4,21.3,2.5,22.0,19.0,470,13.4,27.5,22,3626.52881723016,1196.9099999999999,66.5959059706346,PQ32/30
0.106,120,26.5,2.0,20.2,11.5,5.05,19.0,15.5,312,12.0,22.5,24,15245.5075630096,1900.56,58.9494061417683,PQ26/20
0.152,10,32.0,1.845,30.4,21.3,5.33,22.0,19.0,152,13.4,27.5,33,5301.55857887143,3461.85,154.833328092404,PQ32/30
0.09,400,40.5,1.754,30.3,20.0,2.78,28.0,28.0,432,14.9,37.0,20,4355.19001861224,1610.67,72.4055544215699,PQ40/30
0.131,350,107.0,1.564,87.0,56.0,3.42,70.0,72.5,207,41.0,93.7,44,34064.5231753158,90038.0,2401.9769228239,PQ107/87
0.14,20,32.0,1.465,20.5,11.5,2.02,22.0,19.0,180,13.4,27.5,70,10506.4398820591,2643.36,806.157480783164,PQ32/20
0.085,30,32.0,1.554,20.5,11.5,0.68,22.0,19.0,484,13.4,27.5,73,1969.06366706029,899.216,834.110004219336,PQ32/20
0.082,60,16.4,2.143,11.6,6.7,2.02,11.2,9.6,528,7.0,14.4,34,4267.53158055052,261.598,42.5840186821033,PQ16/11.6
0.101,400,50.0,1.373,40.0,26.1,3.66,32.0,31.5,345,20.0,44.0,24,13010.085235093,11991.7,212.29877591743,PQ50/40
0.091,50,20.5,1.753,20.2,14.3,0.99,14.0,12.5,428,8.8,18.0,50,1734.36613096354,372.258,174.786050247935,PQ20/20
0.158,80,40.5,1.438,39.8,29.5,3.46,28.0,28.0,141,14.9,37.0,38,7192.07365217359,4105.42,312.26916336724497,PQ40/40
0.101,60,26.5,2.479,20.2,11.5,6.89,19.0,15.5,349,12.0,22.5,21,10057.2724658564,2299.59,37.6399418314126,PQ26/20
0.174,60,32.0,1.066,20.5,11.5,3.5,22.0,19.0,116,13.4,27.5,26,4812.83821681278,755.648,145.143938609072,PQ32/20
0.082,100,20.5,1.161,16.2,10.3,1.35,14.0,12.5,529,8.8,18.0,26,1220.41822296988,380.191,63.5407384340402,PQ20/16
0.091,150,50.0,1.931,50.0,36.1,1.44,32.5,31.5,424,20.0,44.0,38,2340.947134479,3099.79,411.273811139123,PQ50/50
0.094,60,20.5,2.042,20.2,14.3,2.76,14.0,12.5,398,8.8,18.0,43,9782.70173510645,2417.83,114.704248620697,PQ20/20
0.105,10,20.5,1.127,16.2,10.3,3.09,14.0,12.5,323,8.8,18.0,23,1447.93980001837,1058.08,50.9560057057906,PQ20/16
0.146,80,32.0,1.056,20.5,11.5,3.07,22.0,19.0,166,13.4,27.5,30,7606.5352287522,1527.11,194.757583014816,PQ32/20
0.156,120,40.5,2.105,39.8,29.5,6.29,28.0,28.0,145,14.9,37.0,29,15149.2595168342,4796.48,136.127497489377,PQ40/40
0.121,40,32.0,2.192,20.5,11.5,2.26,22.0,19.0,241,13.4,27.5,82,37401.4210140648,3789.93,792.632738726528,PQ32/20
0.081,30,40.5,2.376,30.3,20.0,11.66,28.0,28.0,538,14.9,37.0,6,4227.79451490387,2351.85,5.1469198492901995,PQ40/30
0.2,80,50.0,0.754,50.0,36.1,5.66,32.5,31.5,59,20.0,44.0,17,989.8475591125409,2726.52,177.232101522444,PQ50/50
0.172,100,40.5,1.643,39.8,29.5,7.22,28.0,28.0,119,14.9,37.0,20,5825.0485944046795,2968.94,78.0308275232691,PQ40/40
0.2,20,32.0,1.219,20.5,11.5,2.39,22.0,19.0,87,13.4,27.5,63,10384.497722153099,1197.3899999999999,761.644582198608,PQ32/20
0.101,180,40.5,2.165,39.8,29.5,4.26,28.0,28.0,348,14.9,37.0,31,12822.7379694739,9798.01,152.189925407713,PQ40/40
0.087,120,20.5,1.27,16.2,10.3,1.95,14.0,12.5,463,8.8,18.0,20,1336.18481211517,323.42,34.955886850343,PQ20/16
0.134,30,26.5,0.904,24.8,16.1,7.21,19.0,15.5,197,12.0,22.5,12,1618.2427665730802,2461.77,29.2308838639383,PQ26/25
0.123,80,26.5,2.135,20.2,11.5,5.95,19.0,15.5,233,12.0,22.5,33,36361.9691822331,3328.28,105.552338111757,PQ26/20
0.145,500,65.0,2.258,60.0,42.0,14.44,45.0,40.8,169,26.0,55.0,14,37225.0762105934,19999.8,78.3126297184208,PQ65/60
0.107,50,32.0,1.938,30.4,21.3,1.7,22.0,19.0,308,13.4,27.5,69,10227.4766412351,4020.5299999999997,650.921304155883,PQ32/30
0.124,500,40.5,0.547,30.3,20.0,5.96,28.0,28.0,228,14.9,37.0,8,1698.54524115217,4100.22,29.9540460616549,PQ40/30
0.121,50,50.0,2.117,50.0,36.1,10.22,32.5,31.5,242,20.0,44.0,20,9086.50658155767,29604.3,106.164961607081,PQ50/50
0.2,600,107.0,1.76,87.0,56.0,14.09,70.0,72.5,32,41.0,93.7,15,5336.83793523075,5471.5199999999995,252.85900109135702,PQ107/87
0.178,40,26.5,1.475,24.8,16.1,4.27,19.0,15.5,112,12.0,22.5,33,8418.38136828554,1108.94,147.87289788452,PQ26/25
0.128,500,40.5,1.233,39.8,29.5,10.48,28.0,28.0,214,14.9,37.0,10,7448.975232265209,6674.86,24.358295017892,PQ40/40
0.085,180,20.5,0.438,16.2,10.3,0.87,14.0,12.5,493,8.8,18.0,15,181.821642027996,203.632,47.4374873534848,PQ20/16
0.2,120,65.0,1.328,60.0,42.0,12.32,45.0,40.8,84,26.0,55.0,13,5421.69934943152,9234.25,104.23721529886299,PQ65/60
0.165,300,40.5,1.154,30.3,20.0,11.04,28.0,28.0,129,14.9,37.0,9,4949.42992546255,1923.11,20.4685369923461,PQ40/30
0.097,30,16.4,1.694,11.6,6.7,1.93,11.2,9.6,377,7.0,14.4,51,7118.67933546349,618.154,116.835066151063,PQ16/11.6
0.099,150,50.0,2.283,40.0,26.1,13.43,32.0,31.5,363,20.0,44.0,10,6014.11208223648,13642.8,24.385738233677,PQ50/40
0.08,150,26.5,2.403,24.8,16.1,2.17,19.0,15.5,554,12.0,22.5,32,6466.19900752863,1150.62,93.41832610497019,PQ26/25
0.11,30,20.5,2.451,16.2,10.3,3.36,14.0,12.5,293,8.8,18.0,42,8305.70974166508,1021.12,89.84314509631409,PQ20/16
0.083,40,26.5,1.311,20.2,11.5,4.11,19.0,15.5,515,12.0,22.5,9,555.958409972101,518.399,11.8172167768645,PQ26/20
0.113,40,20.5,2.433,20.2,14.3,3.99,14.0,12.5,274,8.8,18.0,37,8467.75693691855,1514.31,73.89228878214071,PQ20/20
0.122,50,32.0,1.956,20.5,11.5,3.18,22.0,19.0,237,13.4,27.5,54,27227.5892461824,3857.65,377.709568692314,PQ32/20
0.104,300,32.0,1.415,20.5,11.5,5.98,22.0,19.0,325,13.4,27.5,14,10506.2149209857,2166.36,33.1875617548243,PQ32/20
0.05,300,20.5,0.461,16.2,10.3,0.51,14.0,12.5,579,8.8,18.0,26,92.1353138325501,255.172,136.550626675491,PQ20/16
0.094,300,26.5,0.651,24.8,16.1,3.64,19.0,15.5,397,12.0,22.5,11,1716.90266032248,2445.1299999999997,32.3077786168949,PQ26/25
0.082,300,20.5,0.889,20.2,14.3,3.53,14.0,12.5,529,8.8,18.0,8,603.630540800741,504.213,7.63579607576877,PQ20/20
0.126,500,65.0,0.231,60.0,42.0,0.99,45.0,40.8,223,26.0,55.0,21,528.338198996666,13488.2,1213.88613520721,PQ65/60
0.15,300,65.0,1.081,60.0,42.0,3.93,45.0,40.8,156,26.0,55.0,24,8533.69317530805,11468.8,421.558388120213,PQ65/60
0.096,300,32.0,0.801,20.5,11.5,2.63,22.0,19.0,386,13.4,27.5,18,4579.52938527831,2320.35,88.504196172219,PQ32/20
0.084,300,20.5,0.968,20.2,14.3,3.03,14.0,12.5,501,8.8,18.0,9,614.817627432774,347.136,9.0269623672676,PQ20/20
0.081,150,26.5,2.188,20.2,11.5,1.86,19.0,15.5,533,12.0,22.5,38,9841.096798352719,993.82,137.014071166427,PQ26/20
0.093,180,32.0,1.674,30.4,21.3,1.59,22.0,19.0,409,13.4,27.5,34,3893.0088498892,1169.54,177.10781755155298,PQ32/30
0.149,200,40.5,0.179,30.3,20.0,1.52,28.0,28.0,113,14.9,37.0,10,44.0939100666123,709.557,122.455909712356,PQ40/30
0.115,30,20.5,0.795,20.2,14.3,0.83,14.0,12.5,266,8.8,18.0,56,1121.08571602343,676.548,409.110360752588,PQ20/20
0.093,500,32.0,1.645,30.4,21.3,6.53,22.0,19.0,411,13.4,27.5,8,2447.78705390787,1118.31,9.95052382376171,PQ32/30
0.097,60,50.0,1.813,50.0,36.1,2.06,32.5,31.5,378,20.0,44.0,53,5691.330037851661,18068.7,841.246556643206,PQ50/50
0.142,600,50.0,1.365,50.0,36.1,18.9,32.5,31.5,174,20.0,44.0,7,10293.9569047145,12825.0,18.4245061865698,PQ50/50
0.2,30,20.5,0.628,20.2,14.3,3.79,14.0,12.5,88,8.8,18.0,19,994.0036366971609,450.865,57.1102949274328,PQ20/20
0.2,20,107.0,2.198,87.0,56.0,13.25,70.0,72.5,54,41.0,93.7,20,12193.7659128079,15768.6,372.904014649828,PQ107/87
0.139,20,35.1,0.425,34.8,25.0,2.35,26.0,23.5,182,14.3,32.0,17,307.342523831606,3200.53,154.753862150314,PQ35/35
0.131,100,32.0,1.326,30.4,21.3,5.09,22.0,19.0,207,13.4,27.5,23,7367.55786481979,4196.86,97.7063952964316,PQ32/30
0.082,50,35.1,2.113,34.8,25.0,3.21,26.0,23.5,525,14.3,32.0,19,1094.93500629048,2248.46,52.7857103180279,PQ35/35
0.067,500,40.5,1.208,30.3,20.0,1.24,28.0,28.0,510,14.9,37.0,28,1322.82662298662,1363.46,190.767085913398,PQ40/30
0.082,10,32.0,1.895,30.4,21.3,0.98,22.0,19.0,531,13.4,27.5,61,1149.91024167377,1907.26,517.602328999259,PQ32/30
0.096,30,20.5,1.793,20.2,14.3,2.24,14.0,12.5,386,8.8,18.0,49,5322.51623922718,2412.45,165.065266777944,PQ20/20
0.086,50,20.5,1.649,16.2,10.3,1.4,14.0,12.5,476,8.8,18.0,34,1396.02733998197,326.438,81.7219126503329,PQ20/16
0.088,500,32.0,2.188,30.4,21.3,5.31,22.0,19.0,452,13.4,27.5,13,6337.34711921887,1557.35,20.9930665290159,PQ32/30
0.104,180,26.5,1.257,20.2,11.5,4.64,19.0,15.5,327,12.0,22.5,16,6347.1809672387,1582.49,38.6977690498419,PQ26/20
0.098,20,20.5,1.087,20.2,14.3,0.97,14.0,12.5,367,8.8,18.0,65,1670.90535545382,1429.6100000000001,429.99083273532,PQ20/20
0.084,120,20.5,2.471,20.2,14.3,3.01,14.0,12.5,496,8.8,18.0,24,3771.85493957215,661.263,30.6743714904392,PQ20/20
0.2,40,40.5,1.913,30.3,20.0,7.15,28.0,28.0,61,14.9,37.0,31,6069.11881191984,1370.28,162.631335305727,PQ40/30
0.12,120,35.1,1.325,34.8,25.0,4.53,26.0,23.5,244,14.3,32.0,27,8644.24626576247,8899.79,153.512517311426,PQ35/35
0.19,300,40.5,0.769,30.3,20.0,14.92,28.0,28.0,98,14.9,37.0,6,2796.36201804004,2111.75,12.6661478267513,PQ40/30
0.2,150,50.0,2.443,50.0,36.1,13.86,32.5,31.5,65,20.0,44.0,21,19684.3552293205,4974.89,104.733289419422,PQ50/50
0.08,40,32.0,1.307,30.4,21.3,2.41,22.0,19.0,556,13.4,27.5,17,558.3866559530089,1643.44,53.9652637211721,PQ32/30
0.095,200,50.0,1.357,50.0,36.1,1.23,32.5,31.5,392,20.0,44.0,66,12158.4241081488,16111.2,1643.43138517104,PQ50/50
0.16,500,65.0,1.285,60.0,42.0,8.7,45.0,40.8,36,26.0,55.0,17,1834.21898017944,1720.96,183.117783069573,PQ65/60
0.145,10,20.5,1.992,16.2,10.3,3.79,14.0,12.5,168,8.8,18.0,50,7611.01737272518,1218.8,151.3720432784,PQ20/16
0.109,100,65.0,0.818,60.0,42.0,3.5,45.0,40.8,295,26.0,55.0,14,661.0915110564761,12206.5,181.464783750038,PQ65/60
0.113,40,16.4,0.882,11.6,6.7,3.29,11.2,9.6,278,7.0,14.4,16,1057.96232188108,282.588,19.7127911144657,PQ16/11.6
0.113,250,35.1,2.136,34.8,25.0,7.23,26.0,23.5,276,14.3,32.0,17,10734.9842216159,4342.14,41.9540309924481,PQ35/35
0.079,30,16.4,2.293,11.6,6.7,0.89,11.2,9.6,561,7.0,14.4,75,4202.544150391321,229.04,195.445034124608,PQ16/11.6
0.102,80,26.5,0.832,20.2,11.5,4.35,19.0,15.5,342,12.0,22.5,12,1252.8267191923198,1683.22,30.8467085916164,PQ26/20
0.173,80,26.5,0.983,24.8,16.1,4.68,19.0,15.5,118,12.0,22.5,18,3341.53408556487,754.657,61.3799211417385,PQ26/25
0.12,200,32.0,0.972,20.5,11.5,4.89,22.0,19.0,247,13.4,27.5,18,10495.486854053,3364.22,75.1803843461989,PQ32/20
0.144,40,35.1,2.341,34.8,25.0,6.1,26.0,23.5,170,14.3,32.0,35,11689.1293814706,6245.4,165.751324685921,PQ35/35
0.083,120,20.5,1.808,16.2,10.3,3.99,14.0,12.5,514,8.8,18.0,14,1905.59227926296,478.371,12.8508455993499,PQ20/16
0.081,30,40.5,1.651,39.8,29.5,2.2,28.0,28.0,534,14.9,37.0,23,787.119648572324,2884.78,102.69897183666201,PQ40/40
0.09,30,16.4,0.555,11.6,6.7,2.27,11.2,9.6,440,7.0,14.4,7,88.8367123550087,75.1828,5.537891360518049,PQ16/11.6
0.189,120,40.5,0.772,39.8,29.5,4.69,28.0,28.0,99,14.9,37.0,20,2983.49454546976,3212.32,141.493189346562,PQ40/40
0.163,250,50.0,0.316,50.0,36.1,2.15,32.5,31.5,133,20.0,44.0,14,424.465136489782,4059.21,251.475803667215,PQ50/50
0.08,300,35.1,1.325,34.8,25.0,2.56,26.0,23.5,556,14.3,32.0,16,1468.37848997693,2248.71,53.8292491292405,PQ35/35
0.096,300,35.1,1.773,34.8,25.0,4.61,26.0,23.5,379,14.3,32.0,22,11341.9573529985,6836.81,81.103335189035,PQ35/35
0.078,180,20.5,1.216,20.2,14.3,1.85,14.0,12.5,579,8.8,18.0,19,1244.57969080005,552.356,33.629669246594,PQ20/20
0.102,400,35.1,2.387,34.8,25.0,8.84,26.0,23.5,338,14.3,32.0,16,20725.4070259964,7285.26,34.111571963421504,PQ35/35
0.087,40,16.4,2.088,11.6,6.7,3.24,11.2,9.6,462,7.0,14.4,20,1689.05050186026,183.172,15.050797496609801,PQ16/11.6
0.099,80,20.5,1.129,20.2,14.3,2.29,14.0,12.5,360,8.8,18.0,29,3080.82680031605,1462.63,83.05654201477151,PQ20/20
0.109,80,26.5,2.371,24.8,16.1,3.37,19.0,15.5,296,12.0,22.5,45,22954.9909295672,3000.09,186.781422162139,PQ26/25
0.2,50,32.0,1.744,30.4,21.3,7.85,22.0,19.0,27,13.4,27.5,27,1872.6908228043999,264.364,108.325514183949,PQ32/30
0.081,600,32.0,1.861,30.4,21.3,4.51,22.0,19.0,537,13.4,27.5,12,4517.65267123307,1564.28,20.3058023712677,PQ32/30
0.085,100,16.4,1.799,11.6,6.7,3.9,11.2,9.6,490,7.0,14.4,14,1993.73091612919,180.81900000000002,8.35862347262613,PQ16/11.6
0.2,150,35.1,1.009,34.8,25.0,14.49,26.0,23.5,47,14.3,32.0,8,1047.30731400213,651.342,16.7391858882673,PQ35/35
0.092,250,40.5,2.289,39.8,29.5,2.18,28.0,28.0,419,14.9,37.0,32,5012.82528157051,2259.43,155.424063039513,PQ40/40
0.2,350,65.0,2.188,60.0,42.0,16.54,45.0,40.8,71,26.0,55.0,15,27148.5138375597,7378.46,92.2787438921783,PQ65/60
0.2,40,26.5,0.682,20.2,11.5,7.2,19.0,15.5,79,12.0,22.5,12,1431.61182131578,660.658,36.6045775093213,PQ26/20
0.121,200,32.0,0.273,20.5,11.5,2.19,22.0,19.0,242,13.4,27.5,11,485.658440715198,2010.75,84.65012428963921,PQ32/20
0.102,120,40.5,2.059,30.3,20.0,2.32,28.0,28.0,337,14.9,37.0,53,16663.4503568332,6003.39,448.894760881585,PQ40/30
0.129,250,50.0,2.045,40.0,26.1,17.07,32.0,31.5,212,20.0,44.0,11,17196.7826735054,15240.7,32.2399129228698,PQ50/40
0.13,120,32.0,1.12,30.4,21.3,4.21,22.0,19.0,209,13.4,27.5,25,7624.8514872631695,4589.4,132.351600038846,PQ32/30
0.102,200,40.5,1.389,30.3,20.0,3.29,28.0,28.0,340,14.9,37.0,25,6301.92195303078,4757.8,136.022644013895,PQ40/30
0.088,10,107.0,2.456,87.0,56.0,3.74,70.0,72.5,458,41.0,93.7,20,9361.942804392242,22381.8,339.551698340062,PQ107/87
0.104,200,35.1,1.24,34.8,25.0,4.71,26.0,23.5,328,14.3,32.0,16,3340.17815408204,4944.06,56.7414870425249,PQ35/35
0.114,80,20.5,0.696,20.2,14.3,2.99,14.0,12.5,273,8.8,18.0,14,655.42167287518,715.599,28.5003058358859,PQ20/20
0.095,30,20.5,2.168,16.2,10.3,2.55,14.0,12.5,389,8.8,18.0,52,9166.21718865213,1892.41,152.478514001839,PQ20/16
0.096,40,20.5,1.563,20.2,14.3,3.19,14.0,12.5,384,8.8,18.0,29,3186.40762063336,2017.19,64.3794511660647,PQ20/20
0.094,350,32.0,1.53,20.5,11.5,6.05,22.0,19.0,399,13.4,27.5,16,18532.9677696655,3878.48,40.622715220354,PQ32/20
0.081,60,40.5,1.349,39.8,29.5,1.28,28.0,28.0,540,14.9,37.0,31,521.4396755403819,2330.07,217.875407860488,PQ40/40
0.092,60,16.4,1.274,11.6,6.7,2.08,11.2,9.6,418,7.0,14.4,18,808.535441089697,108.824,18.427306427138703,PQ16/11.6
0.062,200,32.0,0.573,20.5,11.5,0.59,22.0,19.0,251,13.4,27.5,58,397.439542166911,961.019,1224.1225194142,PQ32/20
0.186,200,107.0,1.939,87.0,56.0,4.88,70.0,72.5,65,41.0,93.7,46,18316.8891357492,19015.8,2190.75720812904,PQ107/87
0.2,20,32.0,2.165,30.4,21.3,5.67,22.0,19.0,47,13.4,27.5,44,4587.09796175862,721.32,242.635272634761,PQ32/30
0.125,120,40.5,2.191,30.3,20.0,6.22,28.0,28.0,226,14.9,37.0,34,31993.4988830025,10298.2,176.083114034778,PQ40/30
0.106,250,32.0,1.826,30.4,21.3,7.61,22.0,19.0,313,13.4,27.5,14,8619.76600867026,3645.98,28.0882454584257,PQ32/30
0.077,250,16.4,0.825,11.6,6.7,2.67,11.2,9.6,597,7.0,14.4,9,695.987736705755,166.026,6.5868684125819,PQ16/11.6
0.108,500,40.5,2.366,30.3,20.0,12.54,28.0,28.0,303,14.9,37.0,11,17864.4456719874,4992.23,17.34833204493,PQ40/30
0.2,40,50.0,0.818,50.0,36.1,9.69,32.5,31.5,57,20.0,44.0,10,927.165179664491,2180.62,57.2430089166244,PQ50/50
0.155,30,32.0,2.258,20.5,11.5,4.53,22.0,19.0,146,13.4,27.5,46,20134.8284441449,1917.42,243.19650175033,PQ32/20
0.129,500,50.0,1.225,50.0,36.1,19.05,32.5,31.5,213,20.0,44.0,6,5797.97061357878,15966.0,14.7716067428982,PQ50/50
0.2,10,26.5,0.76,20.2,11.5,2.08,19.0,15.5,79,12.0,22.5,42,1342.91917094293,533.452,408.376032717251,PQ26/20
0.104,40,26.5,1.604,20.2,11.5,2.97,19.0,15.5,326,12.0,22.5,32,4775.79134949825,1771.95,126.15115787816501,PQ26/20
0.079,200,20.5,0.594,16.2,10.3,1.31,14.0,12.5,559,8.8,18.0,14,358.73018886332704,321.467,31.970147860622,PQ20/16
0.119,50,20.5,2.134,20.2,14.3,3.87,14.0,12.5,251,8.8,18.0,32,6776.441100658891,1063.6200000000001,61.3404191493584,PQ20/20
0.098,150,26.5,1.714,20.2,11.5,4.08,19.0,15.5,368,12.0,22.5,26,16573.7235573689,2548.68,78.8016566979351,PQ26/20
0.074,150,20.5,0.24,20.2,14.3,0.61,14.0,12.5,272,8.8,18.0,23,40.485387658073,411.702,187.11396446795402,PQ20/20
0.108,60,26.5,0.825,20.2,11.5,0.92,19.0,15.5,300,12.0,22.5,56,3605.4492697696,1311.24,676.7515549844879,PQ26/20
0.087,400,32.0,1.803,20.5,11.5,3.01,22.0,19.0,468,13.4,27.5,17,6133.49270283718,667.289,39.9951119387732,PQ32/20
0.1,150,50.0,1.782,40.0,26.1,3.21,32.0,31.5,354,20.0,44.0,32,9011.18071658872,10875.8,305.157019004837,PQ50/40
0.129,30,20.5,1.701,20.2,14.3,3.73,14.0,12.5,212,8.8,18.0,43,9687.35564491057,2354.19,132.486319693162,PQ20/20
0.142,40,40.5,2.072,39.8,29.5,1.98,28.0,28.0,174,14.9,37.0,98,19102.5246905682,8086.7,1573.45760370857,PQ40/40
0.107,200,32.0,1.595,20.5,11.5,7.55,22.0,19.0,310,13.4,27.5,13,9029.1560621503,2318.79,25.9009182940177,PQ32/20
0.111,600,40.5,1.221,39.8,29.5,7.76,28.0,28.0,289,14.9,37.0,10,4998.76439841956,5351.07,24.5129850667451,PQ40/40
0.097,40,32.0,1.571,20.5,11.5,0.72,22.0,19.0,374,13.4,27.5,130,15991.6292463236,2975.46,2625.434196054,PQ32/20
0.142,50,32.0,0.843,20.5,11.5,2.02,22.0,19.0,175,13.4,27.5,37,3920.05832152862,1601.14,358.100109174061,PQ32/20
0.097,500,32.0,0.659,20.5,11.5,3.84,22.0,19.0,377,13.4,27.5,10,2808.67637892515,1998.98,32.2774628126475,PQ32/20
0.2,150,65.0,1.508,60.0,42.0,5.4,45.0,40.8,45,26.0,55.0,34,6145.8318648881,3205.73,641.7857973548499,PQ65/60
0.122,500,50.0,1.509,40.0,26.1,9.46,32.0,31.5,237,20.0,44.0,15,26606.5359450381,17138.3,76.845479875354,PQ50/40
0.091,100,20.5,0.697,16.2,10.3,0.93,14.0,12.5,430,8.8,18.0,24,466.340716434597,231.843,82.2070514907517,PQ20/16
0.124,400,35.1,1.059,34.8,25.0,10.55,26.0,23.5,231,14.3,32.0,9,5897.21502656158,6609.39,20.382747393752002,PQ35/35
0.087,250,26.5,2.122,24.8,16.1,2.73,19.0,15.5,463,12.0,22.5,22,5590.244079004439,732.972,48.8605102772396,PQ26/25
0.111,150,26.5,2.163,24.8,16.1,7.31,19.0,15.5,288,12.0,22.5,19,15946.3801426493,2711.65,35.9209731272118,PQ26/25
0.116,400,40.5,2.315,30.3,20.0,11.91,28.0,28.0,261,14.9,37.0,11,12979.0696767928,3504.7,17.6547435399078,PQ40/30
0.08,10,16.4,2.124,11.6,6.7,1.21,11.2,9.6,547,7.0,14.4,56,1595.29691926884,270.336,116.278479628177,PQ16/11.6
0.184,100,40.5,2.103,30.3,20.0,8.77,28.0,28.0,104,14.9,37.0,22,14591.860118262699,2147.57,76.13050294355129,PQ40/30
0.078,60,16.4,1.43,11.6,6.7,1.03,11.2,9.6,580,7.0,14.4,39,1841.22448373812,182.424,78.6045091174542,PQ16/11.6
0.2,350,65.0,1.387,60.0,42.0,11.33,45.0,40.8,73,26.0,55.0,14,11414.6603068425,6405.55,116.588481442943,PQ65/60
0.101,40,65.0,1.78,60.0,42.0,8.51,45.0,40.8,346,26.0,55.0,13,4385.69352405281,25330.8,81.7988088909986,PQ65/60
0.122,120,32.0,0.798,20.5,11.5,3.08,22.0,19.0,239,13.4,27.5,22,4580.292962796921,2467.39,132.539847047065,PQ32/20
0.142,10,32.0,2.2,20.5,11.5,0.92,22.0,19.0,176,13.4,27.5,204,24434.0161132834,2195.52,4892.51238283628,PQ32/20
0.165,400,65.0,1.006,60.0,42.0,5.16,45.0,40.8,130,26.0,55.0,17,7089.19206660599,7972.99,224.69446121898298,PQ65/60
0.128,500,35.1,0.923,34.8,25.0,12.15,26.0,23.5,214,14.3,32.0,7,4533.87335638964,5736.33,13.773911201271199,PQ35/35
0.103,300,65.0,1.144,60.0,42.0,1.49,45.0,40.8,220,26.0,55.0,68,12315.0881426323,22899.7,3226.21439413593,PQ65/60
0.199,200,65.0,0.847,60.0,42.0,12.74,45.0,40.8,89,26.0,55.0,8,2468.88493404485,8531.32,57.671378146682,PQ65/60
0.087,500,32.0,1.85,20.5,11.5,6.32,22.0,19.0,465,13.4,27.5,9,4977.25828312972,818.422,10.9779797800239,PQ32/20
0.136,300,35.1,1.761,34.8,25.0,14.29,26.0,23.5,192,14.3,32.0,11,14346.2966734607,6229.54,20.3917446735295,PQ35/35
0.088,600,32.0,1.509,30.4,21.3,6.8,22.0,19.0,453,13.4,27.5,7,2104.93777463662,1248.71,8.157380109465981,PQ32/30
0.079,350,40.5,1.843,39.8,29.5,1.6,28.0,28.0,567,14.9,37.0,37,5984.42188079162,3917.32,244.50081322040202,PQ40/40
0.091,350,26.5,1.387,24.8,16.1,3.23,19.0,15.5,424,12.0,22.5,13,2467.89640253708,602.121,24.110220346513298,PQ26/25
0.108,30,26.5,1.51,20.2,11.5,7.71,19.0,15.5,304,12.0,22.5,12,2523.94180388086,1650.58,18.6685961061698,PQ26/20
0.091,180,35.1,1.218,34.8,25.0,4.86,26.0,23.5,428,14.3,32.0,8,493.67059208275697,1438.08,14.3900799411474,PQ35/35
0.091,40,20.5,2.239,16.2,10.3,1.06,14.0,12.5,430,8.8,18.0,60,3177.22771548219,305.054,197.62599679843302,PQ20/16
0.2,20,26.5,1.337,24.8,16.1,4.13,19.0,15.5,48,12.0,22.5,37,2102.86694152174,352.05,201.377354693112,PQ26/25
0.108,50,20.5,1.289,20.2,14.3,2.31,14.0,12.5,303,8.8,18.0,33,2907.84469993887,1163.76,96.9746312675859,PQ20/20
0.123,500,35.1,0.946,34.8,25.0,14.52,26.0,23.5,232,14.3,32.0,6,4129.32751787876,6736.07,9.92069399294704,PQ35/35
0.115,100,32.0,2.307,20.5,11.5,3.54,22.0,19.0,267,13.4,27.5,39,24239.3697262277,1931.66,171.815061958813,PQ32/20
0.2,100,40.5,1.704,39.8,29.5,11.99,28.0,28.0,65,14.9,37.0,16,4777.52427885165,1892.35,48.585001684238,PQ40/40
0.138,180,20.5,0.175,20.2,14.3,2.67,14.0,12.5,184,8.8,18.0,6,83.8225449520438,588.795,16.7614113087103,PQ20/20
0.125,200,50.0,1.091,50.0,36.1,4.21,32.5,31.5,226,20.0,44.0,24,7048.21729460765,16621.8,259.771214320304,PQ50/50
0.083,120,16.4,2.253,11.6,6.7,3.8,11.2,9.6,510,7.0,14.4,17,3626.3655994462697,182.565,10.197459571483801,PQ16/11.6
0.121,180,50.0,1.402,40.0,26.1,3.31,32.0,31.5,243,20.0,44.0,37,18000.7606468238,14349.1,496.38093793646397,PQ50/40
0.078,250,20.5,0.916,16.2,10.3,2.4,14.0,12.5,580,8.8,18.0,11,734.533374293354,347.512,13.7927795100881,PQ20/16
0.097,600,40.5,0.516,30.3,20.0,3.41,28.0,28.0,372,14.9,37.0,9,930.697740017867,3567.45,39.753034523748504,PQ40/30
0.084,50,20.5,2.075,16.2,10.3,1.16,14.0,12.5,495,8.8,18.0,55,3635.8811380483803,472.467,176.996911938767,PQ20/16
0.168,100,50.0,1.291,40.0,26.1,2.73,32.0,31.5,125,20.0,44.0,40,8521.85449793079,3770.3799999999997,621.233741406112,PQ50/40
0.084,30,35.1,2.184,34.8,25.0,6.87,26.0,23.5,504,14.3,32.0,10,2201.90071289431,2677.5,14.2511442068642,PQ35/35
0.2,40,65.0,1.393,60.0,42.0,12.55,45.0,40.8,88,26.0,55.0,14,4405.59742981773,11579.7,116.188425874889,PQ65/60
0.086,180,35.1,1.475,34.8,25.0,0.92,26.0,23.5,480,14.3,32.0,50,3348.69241748893,1858.83,482.920664358383,PQ35/35
0.133,10,16.4,1.384,11.6,6.7,2.07,11.2,9.6,200,7.0,14.4,62,5518.1083621754,591.214,204.29471174591,PQ16/11.6
0.104,50,20.5,1.932,20.2,14.3,2.62,14.0,12.5,327,8.8,18.0,42,7052.40802393144,1557.19,114.247769771894,PQ20/20
0.119,250,65.0,0.317,60.0,42.0,1.45,45.0,40.8,37,26.0,55.0,25,44.980134225354696,1064.29,1315.17222551852,PQ65/60
0.143,50,50.0,2.356,40.0,26.1,16.17,32.0,31.5,173,20.0,44.0,14,10314.0772195182,12724.1,46.6797686926221,PQ50/40
0.123,200,32.0,1.247,20.5,11.5,7.3,22.0,19.0,232,13.4,27.5,15,12911.6675795039,3065.92,42.32062859816401,PQ32/20
0.087,80,26.5,0.913,24.8,16.1,0.73,19.0,15.5,469,12.0,22.5,36,663.577580792607,508.566,260.636143980047,PQ26/25
0.2,300,65.0,1.287,60.0,42.0,8.64,45.0,40.8,79,26.0,55.0,18,14094.2788649758,8230.2,205.090814481973,PQ65/60
0.098,250,32.0,2.327,20.5,11.5,6.48,22.0,19.0,364,13.4,27.5,21,30923.3033870867,3213.27,49.4648436263175,PQ32/20
0.093,60,16.4,2.37,11.6,6.7,2.53,11.2,9.6,411,7.0,14.4,27,3270.32320544831,128.337,24.6354362566858,PQ16/11.6
0.077,350,26.5,1.965,24.8,16.1,4.49,19.0,15.5,593,12.0,22.5,14,5632.618539014729,1524.49,21.0747310786181,PQ26/25
0.2,250,50.0,1.809,50.0,36.1,18.39,32.5,31.5,48,20.0,44.0,12,6326.62291812072,2558.46,43.2241269763537,PQ50/50
0.178,30,65.0,1.764,60.0,42.0,15.92,45.0,40.8,112,26.0,55.0,10,5112.52655684552,8506.37,48.7966794953998,PQ65/60
0.085,400,20.5,0.932,20.2,14.3,3.82,14.0,12.5,487,8.8,18.0,7,604.125877197029,338.06199999999995,5.6288331674173,PQ20/20
0.075,600,50.0,1.108,40.0,26.1,1.14,32.0,31.5,451,20.0,44.0,29,1750.18117702667,2339.16,370.146429779822,PQ50/40
0.132,600,35.1,0.96,34.8,25.0,14.14,26.0,23.5,202,14.3,32.0,6,4664.57614554179,4739.19,9.80051826705147,PQ35/35
0.102,300,50.0,2.432,50.0,36.1,5.33,32.5,31.5,341,20.0,44.0,26,20001.1890563654,15398.6,160.882043116371,PQ50/50
0.104,350,50.0,0.867,50.0,36.1,1.85,32.5,31.5,327,20.0,44.0,30,4536.71921833401,11057.7,489.758399656297,PQ50/50
0.078,50,20.5,1.999,16.2,10.3,1.62,14.0,12.5,587,8.8,18.0,38,2569.7816662187297,637.236,87.1306792144454,PQ20/16
0.099,120,32.0,2.09,30.4,21.3,6.49,22.0,19.0,357,13.4,27.5,19,7588.23964289655,5190.21,46.5030148325682,PQ32/30
0.081,60,20.5,2.468,20.2,14.3,2.91,14.0,12.5,534,8.8,18.0,26,2456.92934876911,860.687,36.0495170711311,PQ20/20
0.179,400,50.0,1.06,50.0,36.1,11.56,32.5,31.5,110,20.0,44.0,8,3890.56448273487,3733.61,29.5433592327593,PQ50/50
0.099,180,107.0,1.987,87.0,56.0,8.92,70.0,72.5,359,41.0,93.7,14,5267.200200492361,89328.9,198.393819112687,PQ107/87
0.08,600,35.1,1.965,34.8,25.0,4.54,26.0,23.5,547,14.3,32.0,14,5598.04416799799,3107.6800000000003,30.3153308470923,PQ35/35
0.102,400,32.0,0.689,20.5,11.5,5.52,22.0,19.0,341,13.4,27.5,8,2399.17025015218,2179.78,19.8848245832813,PQ32/20
0.088,120,16.4,1.307,11.6,6.7,2.68,11.2,9.6,460,7.0,14.4,14,1206.73012752216,121.031,10.9114151381375,PQ16/11.6
0.103,50,20.5,1.173,20.2,14.3,1.94,14.0,12.5,333,8.8,18.0,37,2906.3529339736397,1424.74,131.175600604817,PQ20/20
0.158,500,40.5,0.504,39.8,29.5,8.15,28.0,28.0,142,14.9,37.0,6,996.7580019885211,2842.65,18.079786623698,PQ40/40
0.083,20,26.5,2.143,24.8,16.1,5.61,19.0,15.5,515,12.0,22.5,11,1884.44085926192,947.052,12.1143036568583,PQ26/25
0.142,30,16.4,0.942,11.6,6.7,3.75,11.2,9.6,176,7.0,14.4,22,2511.0669744581096,340.729,35.2901759972967,PQ16/11.6
0.2,10,20.5,1.313,16.2,10.3,3.07,14.0,12.5,77,8.8,18.0,49,3611.16566191675,380.923,204.41141977069898,PQ20/16
0.2,250,40.5,0.435,39.8,29.5,8.51,28.0,28.0,22,14.9,37.0,6,75.2033925366193,144.745,20.4747579805241,PQ40/40
0.116,20,20.5,1.356,16.2,10.3,1.08,14.0,12.5,262,8.8,18.0,72,3250.2856553374,623.143,429.762439193016,PQ20/16
0.126,120,40.5,0.923,39.8,29.5,4.87,28.0,28.0,222,14.9,37.0,17,2099.4449032033,7025.44,88.4668214336623,PQ40/40
0.084,400,32.0,2.195,30.4,21.3,5.24,22.0,19.0,506,13.4,27.5,13,5157.42553795905,1825.32,20.9473102659367,PQ32/30
0.2,60,40.5,1.505,30.3,20.0,14.87,28.0,28.0,54,14.9,37.0,12,2640.58524912112,1026.48,29.4385767314679,PQ40/30
0.2,100,65.0,1.166,60.0,42.0,9.11,45.0,40.8,77,26.0,55.0,16,3967.52150074249,8232.74,175.96163861155,PQ65/60
0.096,400,26.5,0.988,20.2,11.5,6.16,19.0,15.5,386,12.0,22.5,10,6248.59854416122,2242.33,18.5199605819301,PQ26/20
0.087,350,26.5,2.189,20.2,11.5,6.47,19.0,15.5,461,12.0,22.5,10,5102.98572703807,598.863,9.48601413318908,PQ26/20
0.186,180,32.0,0.519,30.4,21.3,6.21,22.0,19.0,102,13.4,27.5,8,845.644166960604,911.395,25.6163513829372,PQ32/30
0.106,100,35.1,1.652,34.8,25.0,1.59,26.0,23.5,312,14.3,32.0,59,8841.17317979935,4492.41,615.6082899227739,PQ35/35
0.082,30,20.5,1.136,20.2,14.3,1.04,14.0,12.5,528,8.8,18.0,32,400.719044210178,464.068,100.609788024821,PQ20/20
0.079,150,20.5,2.379,20.2,14.3,3.54,14.0,12.5,565,8.8,18.0,20,3887.61070968914,861.61,21.9559200616117,PQ20/20
0.113,30,16.4,0.988,11.6,6.7,2.7,11.2,9.6,275,7.0,14.4,22,1337.76095456031,298.515,33.9258311371588,PQ16/11.6
0.104,200,35.1,1.456,34.8,25.0,2.77,26.0,23.5,325,14.3,32.0,31,7920.27389168229,4933.94,187.67085694940698,PQ35/35
0.094,400,40.5,1.265,39.8,29.5,3.42,28.0,28.0,402,14.9,37.0,11,879.47182185246,1348.94,28.8255719241185,PQ40/40
0.2,180,50.0,0.326,40.0,26.1,5.36,32.0,31.5,37,20.0,44.0,7,87.0084461702158,540.808,61.8470229451288,PQ50/40
0.095,50,26.5,2.325,24.8,16.1,1.42,19.0,15.5,389,12.0,22.5,94,23185.645253486,3703.06,828.475587420836,PQ26/25
0.113,20,20.5,1.514,16.2,10.3,2.55,14.0,12.5,278,8.8,18.0,37,2785.65454031127,903.901,103.72383410397799,PQ20/16
0.124,60,40.5,1.036,30.3,20.0,7.92,28.0,28.0,229,14.9,37.0,12,1992.94780353817,6190.01,39.6776200556386,PQ40/30
0.087,400,40.5,1.851,39.8,29.5,1.98,28.0,28.0,467,14.9,37.0,30,5534.15283452851,2712.02,160.265946340562,PQ40/40
0.1,100,20.5,1.004,16.2,10.3,3.55,14.0,12.5,353,8.8,18.0,18,2825.7852781418096,1201.63,34.308004152224,PQ20/16
0.128,600,50.0,2.173,50.0,36.1,16.05,32.5,31.5,216,20.0,44.0,12,35985.6004162572,19656.6,37.4371189433651,PQ50/50
0.13,80,32.0,0.813,30.4,21.3,2.29,22.0,19.0,209,13.4,27.5,31,2949.77721516446,3253.2999999999997,264.161556067628,PQ32/30
0.197,80,40.5,1.549,30.3,20.0,7.33,28.0,28.0,91,14.9,37.0,24,11114.8181876264,2413.97,115.130477774078,PQ40/30
0.079,50,16.4,1.675,11.6,6.7,1.56,11.2,9.6,564,7.0,14.4,34,2288.45826169493,255.502,52.3863502190212,PQ16/11.6
0.181,50,26.5,1.28,24.8,16.1,7.7,19.0,15.5,108,12.0,22.5,16,4184.77377176267,983.577,39.019238641171,PQ26/25
0.089,500,35.1,1.733,34.8,25.0,3.48,26.0,23.5,444,14.3,32.0,16,4208.09476355228,1932.47,43.6112078253343,PQ35/35
0.128,500,65.0,1.008,60.0,42.0,3.61,45.0,40.8,140,26.0,55.0,27,7320.84821953739,11939.0,566.107682107611,PQ65/60
0.088,80,16.4,1.862,11.6,6.7,2.62,11.2,9.6,452,7.0,14.4,23,3036.2242205949,191.373,21.9326215360392,PQ16/11.6
0.086,100,40.5,1.795,30.3,20.0,5.86,28.0,28.0,473,14.9,37.0,9,846.788469518137,1564.48,14.4024096979222,PQ40/30
0.066,250,20.5,0.417,20.2,14.3,0.74,14.0,12.5,503,8.8,18.0,16,68.3296494500064,232.956,56.7013062755287,PQ20/20
0.117,50,26.5,1.691,24.8,16.1,1.9,19.0,15.5,257,12.0,22.5,52,7716.1223125489305,1516.5,328.437333934658,PQ26/25
0.132,80,40.5,1.379,39.8,29.5,2.15,28.0,28.0,202,14.9,37.0,60,10822.0314163821,8256.93,803.416259296922,PQ40/40
0.078,10,107.0,1.421,87.0,56.0,3.65,70.0,72.5,580,41.0,93.7,11,6166.24444127607,22508.4,162.545862785418,PQ107/87
0.104,400,35.1,0.962,34.8,25.0,5.83,26.0,23.5,329,14.3,32.0,10,2511.23594962023,4293.72,27.1491971107999,PQ35/35
0.084,350,26.5,2.106,24.8,16.1,6.06,19.0,15.5,496,12.0,22.5,11,4876.61594255576,1122.58,12.2898502944903,PQ26/25
0.085,20,35.1,2.201,34.8,25.0,3.64,26.0,23.5,491,14.3,32.0,18,1709.25151356628,2191.6099999999997,45.947615184757,PQ35/35
0.136,60,50.0,2.03,40.0,26.1,3.01,32.0,31.5,192,20.0,44.0,60,20623.3111868848,11695.6,965.934046546154,PQ50/40
0.083,250,20.5,0.203,16.2,10.3,0.92,14.0,12.5,516,8.8,18.0,7,28.900567445209898,200.745,20.0633191251682,PQ20/16
0.2,150,50.0,1.299,50.0,36.1,9.43,32.5,31.5,60,20.0,44.0,16,3796.6331839099,2832.43,100.25789460508899,PQ50/50
0.2,10,40.5,1.878,30.3,20.0,1.55,28.0,28.0,21,14.9,37.0,137,1426.48808666781,181.781,3224.42262890944,PQ40/30
0.157,400,65.0,0.823,60.0,42.0,7.31,45.0,40.8,107,26.0,55.0,10,1673.1893234638599,5393.82,92.2168740310017,PQ65/60
0.101,150,32.0,2.427,20.5,11.5,4.84,22.0,19.0,349,13.4,27.5,30,31036.4197384627,3225.88,97.4745859984897,PQ32/20
0.142,100,50.0,2.065,50.0,36.1,4.55,32.5,31.5,174,20.0,44.0,39,16664.4637156219,11847.300000000001,411.552144835687,PQ50/50
0.158,80,26.5,1.109,20.2,11.5,7.32,19.0,15.5,142,12.0,22.5,14,4966.55108805849,1035.42,32.9403375059019,PQ26/20
0.084,400,40.5,1.831,39.8,29.5,4.85,28.0,28.0,500,14.9,37.0,11,1708.60055554601,2375.41,21.714647380641303,PQ40/40
0.2,30,40.5,0.933,39.8,29.5,14.14,28.0,28.0,77,14.9,37.0,8,1634.90544077418,2188.83,19.4431471455317,PQ40/40
0.2,100,26.5,0.571,20.2,11.5,7.0,19.0,15.5,59,12.0,22.5,10,987.698778674833,335.589,29.6209777578474,PQ26/20
0.13,50,16.4,0.508,11.6,6.7,2.91,11.2,9.6,210,7.0,14.4,16,997.626410178342,410.288,31.1911482410991,PQ16/11.6
0.2,60,32.0,1.129,30.4,21.3,7.64,22.0,19.0,75,13.4,27.5,17,3098.12372981402,1184.1399999999999,60.7988482459014,PQ32/30
0.078,600,40.5,1.121,30.3,20.0,1.73,28.0,28.0,430,14.9,37.0,20,1465.1836273121298,1151.12,103.292203088699,PQ40/30
0.1,10,26.5,0.83,24.8,16.1,3.51,19.0,15.5,350,12.0,22.5,14,1238.13283671905,1950.18,42.6617948019467,PQ26/25
0.145,400,65.0,0.805,60.0,42.0,4.22,45.0,40.8,90,26.0,55.0,23,3394.3173356291,8595.05,497.777751107817,PQ65/60
0.2,30,40.5,2.142,30.3,20.0,4.1,28.0,28.0,29,14.9,37.0,61,2972.5019873142,383.376,577.050895474441,PQ40/30
0.2,30,26.5,0.77,20.2,11.5,2.65,19.0,15.5,23,12.0,22.5,33,336.319218071068,54.3408,249.386655898595,PQ26/20
0.082,10,20.5,1.754,20.2,14.3,0.63,14.0,12.5,522,8.8,18.0,89,1017.92677407145,745.35,553.548057735817,PQ20/20
0.11,600,50.0,2.467,50.0,36.1,10.32,32.5,31.5,292,20.0,44.0,14,23110.5481781181,12564.3,46.1420438535468,PQ50/50
0.2,120,40.5,2.259,39.8,29.5,13.77,28.0,28.0,58,14.9,37.0,19,9266.532272129909,1971.67,55.438099414572605,PQ40/40
0.103,300,65.0,1.757,60.0,42.0,3.43,45.0,40.8,331,26.0,55.0,30,12413.9776532096,19833.2,440.293421156343,PQ65/60
0.083,300,40.5,1.158,39.8,29.5,1.07,28.0,28.0,514,14.9,37.0,33,1678.22062113323,2109.07,278.010165261065,PQ40/40
0.089,150,20.5,0.856,16.2,10.3,2.87,14.0,12.5,442,8.8,18.0,9,363.992787431759,232.295,9.75715373545655,PQ20/16
0.2,40,50.0,2.399,40.0,26.1,5.18,32.0,31.5,40,20.0,44.0,56,7511.717579026999,1572.85,736.419436267765,PQ50/40
0.081,300,26.5,2.137,24.8,16.1,2.96,19.0,15.5,541,12.0,22.5,21,6986.4776455705205,1060.42,44.3066723219469,PQ26/25
0.094,20,26.5,2.18,24.8,16.1,1.04,19.0,15.5,397,12.0,22.5,126,12482.647225807099,4161.13,1569.25034113864,PQ26/25
0.08,120,20.5,2.189,16.2,10.3,2.46,14.0,12.5,550,8.8,18.0,26,4125.499633827179,514.058,37.8444797767613,PQ20/16
0.1,80,50.0,2.253,50.0,36.1,12.91,32.5,31.5,355,20.0,44.0,10,4312.055904595941,16052.800000000001,25.2621007232612,PQ50/50
0.106,60,20.5,1.54,20.2,14.3,3.83,14.0,12.5,315,8.8,18.0,24,3682.5777607667,1426.25,44.5933813953312,PQ20/20
0.155,50,32.0,1.527,30.4,21.3,5.02,22.0,19.0,147,13.4,27.5,26,5259.14004008858,2224.42,111.595951978028,PQ32/30
0.2,10,50.0,1.978,50.0,36.1,17.87,32.5,31.5,60,20.0,44.0,13,13079.405676886701,3659.77,47.3312984561775,PQ50/50
0.142,80,32.0,1.66,30.4,21.3,7.03,22.0,19.0,176,13.4,27.5,21,8501.83844029689,3565.19,68.1521937322585,PQ32/30
0.104,150,40.5,2.065,30.3,20.0,2.64,28.0,28.0,326,14.9,37.0,46,17770.7010730593,5413.37,337.390836752655,PQ40/30
0.121,10,16.4,1.639,11.6,6.7,2.55,11.2,9.6,243,7.0,14.4,59,7355.371204392531,885.729,160.81272539497,PQ16/11.6
0.089,100,20.5,2.037,16.2,10.3,2.81,14.0,12.5,448,8.8,18.0,21,2499.7973575383103,333.215,26.1984852003097,PQ20/16
0.12,60,50.0,1.852,40.0,26.1,13.39,32.0,31.5,245,20.0,44.0,12,6209.11776355372,16403.7,41.6139519021526,PQ50/40
0.106,600,35.1,1.594,34.8,25.0,10.8,26.0,23.5,316,14.3,32.0,9,8951.5146191114,5397.49,14.7432125985496,PQ35/35
0.097,500,35.1,1.968,34.8,25.0,14.35,26.0,23.5,376,14.3,32.0,8,9127.05818888806,7555.66,9.88909224552028,PQ35/35
0.146,120,40.5,2.068,30.3,20.0,6.64,28.0,28.0,166,14.9,37.0,27,18592.9587031962,4335.89,116.168187811857,PQ40/30
0.097,40,26.5,2.066,24.8,16.1,3.61,19.0,15.5,376,12.0,22.5,33,6086.25967375471,3252.37,112.45432533221201,PQ26/25
0.079,250,20.5,1.309,20.2,14.3,3.14,14.0,12.5,563,8.8,18.0,12,1246.03708544006,536.832,12.6639282190447,PQ20/20
0.116,50,16.4,0.784,11.6,6.7,2.33,11.2,9.6,261,7.0,14.4,21,1367.00486305862,271.023,37.427405169152,PQ16/11.6
0.164,250,32.0,0.426,30.4,21.3,6.3,22.0,19.0,131,13.4,27.5,6,506.596704410706,1099.2,17.040266166918602,PQ32/30
0.2,150,65.0,0.803,60.0,42.0,10.49,45.0,40.8,26,26.0,55.0,9,393.45590759554,832.257,76.3825312946495,PQ65/60
0.089,350,50.0,2.103,50.0,36.1,2.37,32.5,31.5,443,20.0,44.0,27,5151.07079487619,4286.9,194.16609780655,PQ50/50
0.083,350,32.0,2.404,20.5,11.5,4.08,22.0,19.0,516,13.4,27.5,18,11045.402946497401,1102.25,35.3581241330422,PQ32/20
0.134,250,40.5,1.542,30.3,20.0,11.48,28.0,28.0,196,14.9,37.0,13,13333.6985713704,6559.48,33.8911852886608,PQ40/30
0.2,30,40.5,1.971,30.3,20.0,4.22,28.0,28.0,75,14.9,37.0,58,13996.7949301065,2430.14,556.550406435871,PQ40/30
0.102,400,32.0,0.44,20.5,11.5,3.18,22.0,19.0,246,13.4,27.5,12,1399.9197721996,2281.22,66.0620570159824,PQ32/20
0.08,250,20.5,1.083,16.2,10.3,2.76,14.0,12.5,557,8.8,18.0,12,1259.73271055725,413.966,14.3214230979174,PQ20/16
0.077,40,16.4,1.582,11.6,6.7,1.51,11.2,9.6,597,7.0,14.4,32,1524.0758075906,250.373,48.681472498782504,PQ16/11.6
0.111,200,32.0,1.151,30.4,21.3,5.57,22.0,19.0,286,13.4,27.5,12,2495.27757533153,2361.19,29.801590322969,PQ32/30
0.09,120,20.5,1.782,20.2,14.3,2.9,14.0,12.5,432,8.8,18.0,19,1920.37971293084,487.004,24.9232375548152,PQ20/20
0.2,40,35.1,1.211,34.8,25.0,7.54,26.0,23.5,68,14.3,32.0,20,2523.71956022623,1759.5,90.4964392764732,PQ35/35
0.13,600,65.0,0.919,60.0,42.0,5.56,45.0,40.8,133,26.0,55.0,15,3447.72216488446,8883.72,188.90265402650698,PQ65/60
0.138,100,35.1,2.326,34.8,25.0,8.27,26.0,23.5,185,14.3,32.0,27,22511.1399980778,8252.87,99.0728282283173,PQ35/35
0.2,500,50.0,0.233,50.0,36.1,4.41,32.5,31.5,58,20.0,44.0,6,119.93527633093801,1258.23,60.0351862555827,PQ50/50
0.088,600,32.0,0.336,20.5,11.5,2.29,22.0,19.0,353,13.4,27.5,9,512.339621712383,1623.53,47.0926226053085,PQ32/20
0.123,200,26.5,0.66,20.2,11.5,4.41,19.0,15.5,232,12.0,22.5,13,3508.89964628956,1791.45,44.1700050035873,PQ26/20
0.095,500,32.0,0.345,30.4,21.3,1.76,22.0,19.0,393,13.4,27.5,12,604.870275599186,2846.26,81.5905499435064,PQ32/30
0.125,250,107.0,0.9,87.0,56.0,2.83,70.0,72.5,171,41.0,93.7,27,2286.9067839132,37350.9,1452.28702900278,PQ107/87
0.174,10,26.5,1.225,24.8,16.1,4.36,19.0,15.5,116,12.0,22.5,26,2107.30677478033,995.039,106.827654532586,PQ26/25
0.097,200,35.1,2.107,34.8,25.0,5.63,26.0,23.5,372,14.3,32.0,24,14541.0042194338,9852.470000000001,84.4549222575736,PQ35/35
0.2,120,32.0,0.164,20.5,11.5,2.68,22.0,19.0,83,13.4,27.5,7,99.76170549480861,484.78700000000003,54.1495523601524,PQ32/20
0.08,60,32.0,1.124,20.5,11.5,1.11,22.0,19.0,546,13.4,27.5,31,863.647757043646,878.27,197.192157868643,PQ32/20
0.082,50,20.5,1.585,20.2,14.3,0.7,14.0,12.5,521,8.8,18.0,64,1803.41040168403,500.587,309.90118423047903,PQ20/20
0.126,400,50.0,1.866,40.0,26.1,17.3,32.0,31.5,221,20.0,44.0,10,20794.9257764277,16125.3,28.7252246695925,PQ50/40
0.078,600,35.1,2.126,34.8,25.0,3.54,26.0,23.5,585,14.3,32.0,18,7336.37128819878,3011.75,47.156371482198,PQ35/35
0.08,10,50.0,0.93,50.0,36.1,2.69,32.5,31.5,554,20.0,44.0,11,1529.19934163792,4673.77,62.0968488369734,PQ50/50
0.2,200,40.5,0.7,39.8,29.5,12.03,28.0,28.0,63,14.9,37.0,7,810.601465026573,1299.61,18.7683507368844,PQ40/40
0.115,50,20.5,0.92,16.2,10.3,2.08,14.0,12.5,269,8.8,18.0,27,1703.66989360519,631.551,82.87144219038319,PQ20/16
0.08,180,26.5,1.747,20.2,11.5,1.95,19.0,15.5,556,12.0,22.5,28,5693.300113718719,886.968,89.8654798657224,PQ26/20
0.081,50,16.4,1.531,11.6,6.7,1.12,11.2,9.6,534,7.0,14.4,42,2202.02765401585,206.028,86.1424776136195,PQ16/11.6
0.091,500,40.5,2.418,39.8,29.5,3.72,28.0,28.0,429,14.9,37.0,19,6041.30771146954,2210.33,52.613882078890704,PQ40/40
0.101,120,26.5,1.65,24.8,16.1,4.29,19.0,15.5,345,12.0,22.5,24,9355.32742595635,3065.86,71.3596697020565,PQ26/25
0.119,350,40.5,1.469,30.3,20.0,9.03,28.0,28.0,249,14.9,37.0,15,17689.059249942202,8795.52,46.8606821762367,PQ40/30
0.153,60,26.5,1.647,20.2,11.5,5.34,19.0,15.5,151,12.0,22.5,27,13062.0161362602,1204.15,87.8834020204642,PQ26/20
0.08,400,26.5,0.616,20.2,11.5,1.41,19.0,15.5,550,12.0,22.5,13,716.662767881767,496.967,46.8076458438445,PQ26/20
0.19,60,40.5,1.815,30.3,20.0,6.13,28.0,28.0,98,14.9,37.0,34,16292.994293067,3117.85,203.939076247982,PQ40/30
0.139,50,65.0,1.119,60.0,42.0,13.06,45.0,40.8,182,26.0,55.0,8,2755.03141924067,18425.3,45.5164966617989,PQ65/60
0.098,300,65.0,1.943,60.0,42.0,1.97,45.0,40.8,364,26.0,55.0,63,36821.5005216933,31087.4,1789.0100031077702,PQ65/60
0.124,80,35.1,1.653,34.8,25.0,5.46,26.0,23.5,231,14.3,32.0,29,10665.3225173195,10047.4,148.799665913418,PQ35/35
0.113,250,40.5,1.501,30.3,20.0,4.29,28.0,28.0,275,14.9,37.0,22,8830.63595183462,3945.55,99.0053942977593,PQ40/30
0.105,30,20.5,0.516,20.2,14.3,0.74,14.0,12.5,323,8.8,18.0,42,403.568085054424,839.96,327.238189863626,PQ20/20
0.078,30,32.0,1.897,30.4,21.3,2.91,22.0,19.0,584,13.4,27.5,20,1158.5381696561099,2124.8900000000003,55.5674404171628,PQ32/30
0.113,600,65.0,0.951,60.0,42.0,3.49,45.0,40.8,277,26.0,55.0,16,4047.58972224207,10978.6,208.5011841127,PQ65/60
0.2,200,40.5,1.432,39.8,29.5,14.96,28.0,28.0,85,14.9,37.0,11,7695.02277743163,2927.59,26.2439966606107,PQ40/40
0.087,80,35.1,1.501,34.8,25.0,3.47,26.0,23.5,469,14.3,32.0,14,705.407634195989,2005.85,37.3457859947124,PQ35/35
0.088,80,26.5,2.326,20.2,11.5,1.18,19.0,15.5,457,12.0,22.5,59,7952.37935843833,623.624,313.700818683409,PQ26/20
0.124,150,65.0,0.91,60.0,42.0,1.4,45.0,40.8,116,26.0,55.0,62,2470.46788367844,7851.03,3255.55113419577,PQ65/60
0.112,10,32.0,1.641,30.4,21.3,7.2,22.0,19.0,280,13.4,27.5,13,4419.30742242963,2648.6,26.3398724383868,PQ32/30
0.081,400,32.0,1.851,20.5,11.5,3.35,22.0,19.0,538,13.4,27.5,17,7520.97527653032,1083.18,39.1450020411821,PQ32/20
0.092,120,16.4,0.609,11.6,6.7,1.71,11.2,9.6,419,7.0,14.4,11,261.852768142949,88.9914,12.6509008337546,PQ16/11.6
0.103,60,26.5,1.201,20.2,11.5,1.15,19.0,15.5,334,12.0,22.5,59,6577.356106953041,1435.8999999999999,546.833896556733,PQ26/20
0.081,80,32.0,1.543,30.4,21.3,1.58,22.0,19.0,542,13.4,27.5,29,1183.2121573198299,1503.35,137.675910113549,PQ32/30
0.2,10,32.0,0.573,30.4,21.3,7.15,22.0,19.0,37,13.4,27.5,10,1015.0823472273,293.547,36.8444994241176,PQ32/30
0.084,500,32.0,0.084,30.4,21.3,0.76,22.0,19.0,95,13.4,27.5,13,5.71350396393466,709.84,323.802316839044,PQ32/30
0.084,150,20.5,1.791,16.2,10.3,2.68,14.0,12.5,501,8.8,18.0,19,2539.93565533528,360.891,23.844659965978,PQ20/16
0.077,250,20.5,0.205,16.2,10.3,1.03,14.0,12.5,314,8.8,18.0,12,51.513144769434,447.021,58.4479830135667,PQ20/16
0.122,40,26.5,2.44,24.8,16.1,3.97,19.0,15.5,238,12.0,22.5,59,36569.8282419199,5745.92,313.774516217264,PQ26/25
0.093,20,20.5,1.15,16.2,10.3,2.78,14.0,12.5,405,8.8,18.0,12,369.034247758199,205.786,13.6331833011339,PQ20/16
0.084,30,32.0,2.119,20.5,11.5,2.14,22.0,19.0,506,13.4,27.5,28,1486.98871662905,817.232,95.00467500310491,PQ32/20
0.089,50,16.4,1.415,11.6,6.7,1.14,11.2,9.6,450,7.0,14.4,36,1522.34742189963,125.321,67.5960695238405,PQ16/11.6
0.163,180,65.0,1.648,60.0,42.0,3.28,45.0,40.8,110,26.0,55.0,43,14016.074584083,6948.43,953.352719366974,PQ65/60
0.099,250,40.5,2.486,30.3,20.0,5.83,28.0,28.0,359,14.9,37.0,25,22423.501191265997,7196.01,86.3472447657489,PQ40/30
0.106,40,20.5,1.68,16.2,10.3,2.87,14.0,12.5,317,8.8,18.0,34,4803.18122441226,1013.16,80.4062533148708,PQ20/16
0.2,350,65.0,0.97,60.0,42.0,8.2,45.0,40.8,85,26.0,55.0,15,9999.12313518882,9496.51,180.690989224963,PQ65/60
0.117,180,50.0,2.22,40.0,26.1,14.0,32.0,31.5,258,20.0,44.0,9,5159.661546204,6544.31,20.2181685943204,PQ50/40
0.076,200,40.5,1.308,30.3,20.0,0.64,28.0,28.0,504,14.9,37.0,61,2319.24273338757,1526.99,848.727492146216,PQ40/30
0.1,10,16.4,2.435,11.6,6.7,3.97,11.2,9.6,356,7.0,14.4,35,5010.32746712538,596.706,40.4199353856654,PQ16/11.6
0.107,400,50.0,2.178,50.0,36.1,5.21,32.5,31.5,310,20.0,44.0,26,25683.1337196822,15185.7,175.353916670447,PQ50/50
0.122,400,32.0,0.304,30.4,21.3,3.05,22.0,19.0,130,13.4,27.5,9,191.758110802805,1007.45,51.2715732283789,PQ32/30
0.122,30,50.0,1.951,40.0,26.1,18.92,32.0,31.5,238,20.0,44.0,9,10122.6766798107,16285.6,22.4577447150273,PQ50/40
0.133,30,20.5,0.15,20.2,14.3,1.41,14.0,12.5,199,8.8,18.0,10,35.6549359946547,688.276,53.2297052362547,PQ20/20
0.2,20,32.0,1.749,20.5,11.5,3.5,22.0,19.0,76,13.4,27.5,57,12237.4067623854,887.228,461.601690554547,PQ32/20
0.077,200,16.4,1.527,11.6,6.7,3.7,11.2,9.6,599,7.0,14.4,12,2292.10244609362,219.875,7.0472497438342,PQ16/11.6
0.078,150,20.5,1.133,16.2,10.3,2.41,14.0,12.5,575,8.8,18.0,14,896.903615042251,413.695,18.7984188618588,PQ20/16
0.091,30,32.0,1.224,20.5,11.5,2.95,22.0,19.0,423,13.4,27.5,12,485.184480758213,486.994,27.5001122879927,PQ32/20
0.09,10,50.0,1.318,40.0,26.1,5.17,32.0,31.5,437,20.0,44.0,8,3240.97710438457,2699.89,24.3915831740347,PQ50/40
0.164,80,65.0,1.829,60.0,42.0,2.76,45.0,40.8,132,26.0,55.0,57,15093.2319647217,10292.5,1538.63043610011,PQ65/60
0.11,150,32.0,2.461,30.4,21.3,5.44,22.0,19.0,291,13.4,27.5,28,19743.4159552671,4412.27,88.8601467971812,PQ32/30
0.124,400,32.0,0.718,30.4,21.3,7.88,22.0,19.0,231,13.4,27.5,8,3006.28857918455,3745.09,19.490468465086,PQ32/30
0.09,150,20.5,1.04,16.2,10.3,2.74,14.0,12.5,436,8.8,18.0,12,751.9679268160951,279.44,14.7963451289446,PQ20/16
0.123,120,32.0,1.247,20.5,11.5,5.86,22.0,19.0,235,13.4,27.5,20,12243.277664639,3735.47,75.2424077036526,PQ32/20
0.065,350,26.5,0.771,24.8,16.1,0.86,19.0,15.5,493,12.0,22.5,28,640.3577465172921,643.374,181.564159647923,PQ26/25
0.063,400,40.5,0.646,30.3,20.0,0.69,28.0,28.0,491,14.9,37.0,27,219.060220210466,950.214,296.143667095518,PQ40/30
0.069,400,32.0,0.847,30.4,21.3,1.0,22.0,19.0,444,13.4,27.5,24,457.148870067254,669.757,152.885361255558,PQ32/30
0.108,100,50.0,2.362,50.0,36.1,1.73,32.5,31.5,305,20.0,44.0,84,23847.3250304988,15027.8,1718.08967860432,PQ50/50
0.127,60,26.5,0.542,20.2,11.5,1.13,19.0,15.5,218,12.0,22.5,41,2179.51460415928,1422.49,520.875421522387,PQ26/20
0.108,20,16.4,2.199,11.6,6.7,2.9,11.2,9.6,300,7.0,14.4,45,7009.56160220574,475.71799999999996,72.976229304978,PQ16/11.6
0.186,50,32.0,1.797,20.5,11.5,7.43,22.0,19.0,102,13.4,27.5,23,12062.0322585463,975.892,73.51706456006441,PQ32/20
0.084,500,26.5,1.736,24.8,16.1,5.72,19.0,15.5,504,12.0,22.5,9,3650.82429511234,880.366,9.62862582119423,PQ26/25
0.089,400,32.0,1.487,20.5,11.5,4.44,22.0,19.0,445,13.4,27.5,10,2822.92169597828,634.989,16.2526594778256,PQ32/20
0.081,100,32.0,0.285,30.4,21.3,0.51,22.0,19.0,60,13.4,27.5,64,38.3357482790558,443.916,2748.3484770254304,PQ32/30
0.118,60,20.5,1.182,16.2,10.3,3.48,14.0,12.5,254,8.8,18.0,21,2610.80182455218,666.512,40.868359347113,PQ20/16
0.076,400,50.0,2.145,40.0,26.1,1.77,32.0,31.5,593,20.0,44.0,36,9243.68174771528,5268.03,332.356928896241,PQ50/40
0.086,400,32.0,1.498,30.4,21.3,2.45,22.0,19.0,472,13.4,27.5,18,3038.50065353541,1131.31,54.244594854586,PQ32/30
0.1,200,50.0,1.176,50.0,36.1,4.51,32.5,31.5,354,20.0,44.0,16,2523.23579027515,13237.8,108.458889564595,PQ50/50
0.133,180,26.5,0.74,20.2,11.5,7.0,19.0,15.5,199,12.0,22.5,9,2698.05748961232,1332.6499999999999,19.1810990897648,PQ26/20
0.087,180,20.5,0.717,20.2,14.3,1.44,14.0,12.5,461,8.8,18.0,16,457.172075409282,358.438,36.2960723334686,PQ20/20
0.091,350,32.0,2.388,30.4,21.3,3.76,22.0,19.0,426,13.4,27.5,18,5854.02052211861,1096.96,37.5811823117683,PQ32/30
0.121,80,32.0,1.624,20.5,11.5,4.92,22.0,19.0,243,13.4,27.5,28,15449.1038030988,3428.91,118.484917730288,PQ32/20
0.129,300,40.5,0.829,39.8,29.5,12.96,28.0,28.0,211,14.9,37.0,6,1663.14211689432,6772.0,12.013602002289598,PQ40/40
0.095,150,32.0,1.763,20.5,11.5,3.48,22.0,19.0,388,13.4,27.5,31,18506.5818158388,3596.57,135.582471758251,PQ32/20
0.097,250,32.0,0.425,30.4,21.3,3.28,22.0,19.0,376,13.4,27.5,8,338.87409875414795,2918.64,30.3195465472297,PQ32/30
0.127,30,35.1,1.515,34.8,25.0,1.07,26.0,23.5,218,14.3,32.0,128,12541.1836158632,7397.4,3100.9266943277103,PQ35/35
0.131,60,26.5,2.442,20.2,11.5,7.32,19.0,15.5,205,12.0,22.5,31,33112.6406620689,2844.16,83.1276733619834,PQ26/20
0.06,500,16.4,0.258,11.6,6.7,1.15,11.2,9.6,481,7.0,14.4,7,31.028030615011698,83.9125,10.6200806711142,PQ16/11.6
0.144,20,20.5,0.454,20.2,14.3,0.88,14.0,12.5,171,8.8,18.0,46,499.079972778761,686.691,437.22838015657,PQ20/20
0.117,20,20.5,1.661,20.2,14.3,1.61,14.0,12.5,259,8.8,18.0,60,3391.60882506081,972.811,262.66471622071003,PQ20/20
0.114,400,40.5,1.214,39.8,29.5,7.21,28.0,28.0,271,14.9,37.0,10,2880.13754765547,4008.88,24.6266783162527,PQ40/40
0.159,600,50.0,0.977,50.0,36.1,13.0,32.5,31.5,140,20.0,44.0,7,4999.32713574383,6624.22,24.1880236281847,PQ50/50
0.2,60,26.5,0.25,24.8,16.1,1.86,19.0,15.5,83,12.0,22.5,17,299.502061383423,654.937,176.963587540011,PQ26/25
0.077,40,16.4,1.318,11.6,6.7,1.24,11.2,9.6,591,7.0,14.4,33,1142.80165842081,237.256,60.2105452481352,PQ16/11.6
0.2,50,26.5,0.926,20.2,11.5,5.28,19.0,15.5,69,12.0,22.5,20,2936.75378647115,441.99,78.3293643776673,PQ26/20
0.102,300,65.0,0.799,60.0,42.0,4.17,45.0,40.8,341,26.0,55.0,12,1308.2190911341102,17714.2,136.014204205803,PQ65/60
0.118,350,40.5,1.235,39.8,29.5,5.01,28.0,28.0,252,14.9,37.0,15,3995.28193315594,3750.69,54.7001956245376,PQ40/40
0.093,60,32.0,2.281,30.4,21.3,0.8,22.0,19.0,406,13.4,27.5,81,4187.813265590061,981.6080000000001,788.742717367217,PQ32/30
0.123,50,40.5,1.995,30.3,20.0,5.87,28.0,28.0,232,14.9,37.0,31,10242.6975498286,8898.22,157.452638578434,PQ40/30
0.2,400,50.0,0.515,40.0,26.1,10.99,32.0,31.5,68,20.0,44.0,6,1155.29636231106,2515.07,30.5094240655432,PQ50/40
0.2,50,35.1,2.025,34.8,25.0,8.26,26.0,23.5,60,14.3,32.0,29,7233.28298945926,1620.35,127.203603675949,PQ35/35
0.106,50,20.5,1.46,16.2,10.3,2.99,14.0,12.5,316,8.8,18.0,30,4544.49270421588,1094.14,70.2795293181121,PQ20/16
0.077,40,35.1,2.292,34.8,25.0,3.57,26.0,23.5,600,14.3,32.0,20,1616.55604714156,3680.75,54.9531366913479,PQ35/35
0.082,20,26.5,2.456,20.2,11.5,1.16,19.0,15.5,522,12.0,22.5,67,3127.0573542529896,947.746,386.265624139028,PQ26/20
0.078,350,20.5,0.781,20.2,14.3,3.95,14.0,12.5,585,8.8,18.0,6,379.130200478129,495.628,4.76246132251949,PQ20/20
0.064,500,40.5,0.596,30.3,20.0,1.42,28.0,28.0,334,14.9,37.0,25,458.883868721225,3110.23,271.662808432037,PQ40/30
0.1,10,20.5,1.355,20.2,14.3,2.21,14.0,12.5,354,8.8,18.0,37,1631.5752839706802,1680.1699999999998,117.21928863032299,PQ20/20
0.113,60,26.5,0.487,20.2,11.5,1.31,19.0,15.5,274,12.0,22.5,21,414.563824814272,703.59,149.88295733238,PQ26/20
0.145,500,65.0,1.546,60.0,42.0,6.68,45.0,40.8,167,26.0,55.0,21,27060.2749477262,16822.6,239.659935500661,PQ65/60
0.086,250,20.5,0.888,20.2,14.3,2.66,14.0,12.5,482,8.8,18.0,10,556.3474875042181,365.014,11.9403935060505,PQ20/20
0.098,200,26.5,1.879,24.8,16.1,6.5,19.0,15.5,365,12.0,22.5,17,12228.889961290999,3111.43,32.2271235778997,PQ26/25
0.09,50,50.0,0.991,50.0,36.1,1.86,32.5,31.5,431,20.0,44.0,17,292.255741751355,3074.73,140.75297385252298,PQ50/50
0.107,40,50.0,1.992,40.0,26.1,6.71,32.0,31.5,309,20.0,44.0,19,4365.42960462865,11806.1,98.3745595257147,PQ50/40
0.096,250,35.1,1.856,34.8,25.0,10.71,26.0,23.5,385,14.3,32.0,11,6943.09319042906,9463.31,19.5728488054238,PQ35/35
0.2,60,35.1,2.283,34.8,25.0,12.99,26.0,23.5,48,14.3,32.0,20,5113.49920003779,1056.82,55.178422773117305,PQ35/35
0.113,120,26.5,1.936,20.2,11.5,4.2,19.0,15.5,274,12.0,22.5,26,13418.4452403769,1225.86,71.1264084626419,PQ26/20
0.098,250,32.0,1.709,30.4,21.3,4.38,22.0,19.0,367,13.4,27.5,22,11093.6939354583,4301.51,73.0708834223862,PQ32/30
0.093,350,20.5,0.542,20.2,14.3,2.49,14.0,12.5,407,8.8,18.0,7,227.329726825283,247.568,8.7263031906653,PQ20/20
0.184,60,32.0,0.681,30.4,21.3,3.29,22.0,19.0,104,13.4,27.5,20,1263.3344070353,1087.27,127.36218290429599,PQ32/30
0.1,200,26.5,1.442,20.2,11.5,4.49,19.0,15.5,356,12.0,22.5,19,10950.5469967505,1972.3500000000001,48.6573264066883,PQ26/20
0.105,300,65.0,0.904,60.0,42.0,1.69,45.0,40.8,319,26.0,55.0,31,3401.76621130628,13381.3,817.009102571553,PQ65/60
0.05,400,40.5,1.585,39.8,29.5,0.54,28.0,28.0,414,14.9,37.0,84,806.714778349773,1451.3400000000001,1412.85888199545,PQ40/40
0.151,200,50.0,1.505,40.0,26.1,5.85,32.0,31.5,155,20.0,44.0,23,14773.5587278467,6900.05,181.105740146966,PQ50/40
0.184,40,32.0,1.584,20.5,11.5,4.01,22.0,19.0,104,13.4,27.5,36,10725.7557244141,860.417,199.859144884609,PQ32/20
0.091,200,26.5,1.849,20.2,11.5,4.61,19.0,15.5,428,12.0,22.5,12,2809.2749853270698,497.461,15.7421682499462,PQ26/20
0.102,250,50.0,1.878,50.0,36.1,3.37,32.5,31.5,340,20.0,44.0,33,13940.192702225999,14514.8,317.019311597607,PQ50/50
0.2,60,40.5,1.649,39.8,29.5,6.37,28.0,28.0,32,14.9,37.0,31,1770.54020016709,588.746,187.065436153385,PQ40/40
0.082,200,50.0,0.485,50.0,36.1,0.92,32.5,31.5,161,20.0,44.0,46,246.051089385785,5390.45,1880.84518849316,PQ50/50
0.094,300,26.5,0.237,24.8,16.1,1.0,19.0,15.5,384,12.0,22.5,15,294.500678198379,1732.3,143.848480646527,PQ26/25
0.139,180,65.0,2.481,60.0,42.0,5.08,45.0,40.8,182,26.0,55.0,46,56924.3814139023,27569.0,783.603265037284,PQ65/60
0.199,100,32.0,0.173,20.5,11.5,1.99,22.0,19.0,49,13.4,27.5,11,65.0127390263265,243.703,127.550048142414,PQ32/20
0.081,600,40.5,1.749,39.8,29.5,2.5,28.0,28.0,540,14.9,37.0,22,5268.69350137949,3262.51,89.995913063402,PQ40/40
0.136,250,32.0,0.244,30.4,21.3,2.36,22.0,19.0,191,13.4,27.5,10,308.884185798759,2258.54,76.6685521782951,PQ32/30
0.083,200,26.5,1.782,24.8,16.1,1.82,19.0,15.5,517,12.0,22.5,30,5395.91798182422,1010.2800000000001,104.732841926249,PQ26/25
0.198,500,107.0,1.924,87.0,56.0,12.37,70.0,72.5,90,41.0,93.7,20,58123.5047830721,45120.5,417.016563804068,PQ107/87
0.2,10,20.5,1.647,20.2,14.3,3.59,14.0,12.5,46,8.8,18.0,54,2409.15341891661,246.309,214.158512512877,PQ20/20
0.2,40,50.0,2.258,40.0,26.1,16.91,32.0,31.5,24,20.0,44.0,17,4386.99675327132,683.03,71.2258066982792,PQ50/40
0.111,80,32.0,2.431,30.4,21.3,2.76,22.0,19.0,284,13.4,27.5,53,18206.3208169411,3887.36,321.401727062715,PQ32/30
0.128,300,40.5,1.799,30.3,20.0,14.06,28.0,28.0,216,14.9,37.0,12,18642.5657576234,7850.29,25.5702144357771,PQ40/30
0.139,60,32.0,1.094,20.5,11.5,3.92,22.0,19.0,182,13.4,27.5,27,6851.69259501775,2385.81,153.119009633627,PQ32/20
0.103,500,40.5,1.983,30.3,20.0,8.73,28.0,28.0,335,14.9,37.0,13,14939.1156519862,5200.700000000001,27.7893740093534,PQ40/30
0.118,600,50.0,2.219,40.0,26.1,15.6,32.0,31.5,255,20.0,44.0,9,18212.7097154268,8530.630000000001,20.2172568141048,PQ50/40
0.127,600,65.0,2.147,60.0,42.0,14.46,45.0,40.8,220,26.0,55.0,14,44802.8030317764,36099.5,81.55513029188,PQ65/60
0.072,500,40.5,0.516,30.3,20.0,1.16,28.0,28.0,364,14.9,37.0,28,784.5972544120369,3986.85,384.820126613623,PQ40/30
0.158,60,32.0,2.242,20.5,11.5,7.5,22.0,19.0,142,13.4,27.5,26,20240.9747800636,1567.97,78.2033643530584,PQ32/20
0.114,80,26.5,1.794,24.8,16.1,3.03,19.0,15.5,273,12.0,22.5,38,12226.2436265704,2243.19,167.160812083951,PQ26/25
0.105,350,32.0,0.375,30.4,21.3,2.66,22.0,19.0,216,13.4,27.5,13,571.933630093318,2895.79,89.2830390750756,PQ32/30
0.2,150,50.0,1.869,50.0,36.1,11.31,32.5,31.5,73,20.0,44.0,19,12609.6094965003,4774.13,105.615710361054,PQ50/50
0.079,80,16.4,1.22,11.6,6.7,1.71,11.2,9.6,569,7.0,14.4,21,1123.46864090183,185.32399999999998,25.9853744448798,PQ16/11.6
0.112,30,26.5,1.058,20.2,11.5,1.56,19.0,15.5,282,12.0,22.5,40,2040.52430420453,1120.32,279.655579029875,PQ26/20
0.106,400,40.5,1.138,30.3,20.0,5.01,28.0,28.0,315,14.9,37.0,13,4154.42244381954,3405.91,43.1361100336626,PQ40/30
0.104,100,26.5,1.652,20.2,11.5,3.81,19.0,15.5,326,12.0,22.5,27,10916.85959404,2033.61,87.6138669554613,PQ26/20
0.16,80,65.0,1.173,60.0,42.0,2.18,45.0,40.8,137,26.0,55.0,51,6776.237719306429,11539.0,1777.94113221334,PQ65/60
0.102,200,32.0,1.949,20.5,11.5,5.07,22.0,19.0,340,13.4,27.5,24,24236.0695502874,3112.7,74.7969447407175,PQ32/20
0.099,30,16.4,0.978,11.6,6.7,1.93,11.2,9.6,359,7.0,14.4,31,1838.73504565635,504.936,67.9163474012147,PQ16/11.6
0.11,30,26.5,0.477,24.8,16.1,2.89,19.0,15.5,292,12.0,22.5,10,231.574414140339,1188.15,34.7886210368328,PQ26/25
0.13,50,32.0,1.858,30.4,21.3,6.05,22.0,19.0,210,13.4,27.5,26,7760.8160458433,4656.96,95.5895554783416,PQ32/30
0.138,10,26.5,2.482,20.2,11.5,2.4,19.0,15.5,184,12.0,22.5,97,19210.3375479217,2402.42,801.895154338353,PQ26/20
0.124,350,40.5,0.286,39.8,29.5,2.74,28.0,28.0,231,14.9,37.0,9,257.767630443853,4043.66,65.5343871858647,PQ40/40
0.153,300,65.0,1.43,60.0,42.0,5.78,45.0,40.8,151,26.0,55.0,24,18630.4688551898,16015.0,333.821088438904,PQ65/60
0.078,80,20.5,2.395,20.2,14.3,2.21,14.0,12.5,587,8.8,18.0,31,3125.71477704478,839.427,52.4745600102974,PQ20/20
0.085,50,16.4,0.399,11.6,6.7,1.04,11.2,9.6,494,7.0,14.4,11,52.5379930080304,82.6631,18.0481826671175,PQ16/11.6
0.108,120,20.5,0.515,20.2,14.3,3.21,14.0,12.5,302,8.8,18.0,10,405.24112721222,809.79,18.592588668271897,PQ20/20
0.2,300,65.0,2.15,60.0,42.0,13.5,45.0,40.8,36,26.0,55.0,18,7194.67955186668,2081.89,134.688121751821,PQ65/60
0.096,500,35.1,1.375,34.8,25.0,7.77,26.0,23.5,382,14.3,32.0,10,5321.0028312595,5725.58,20.4278934373447,PQ35/35
0.084,150,32.0,1.54,30.4,21.3,2.04,22.0,19.0,500,13.4,27.5,23,1717.44970727857,1385.52,86.702140406997,PQ32/30
0.164,300,40.5,1.311,39.8,29.5,13.65,28.0,28.0,132,14.9,37.0,9,5706.75560388316,3637.19,18.8093058432942,PQ40/40
0.2,150,50.0,2.467,40.0,26.1,15.35,32.0,31.5,23,20.0,44.0,19,3604.3432714674,548.421,82.8963079072638,PQ50/40
0.11,180,26.5,1.926,24.8,16.1,7.51,19.0,15.5,290,12.0,22.5,16,12207.5231936518,2431.3,27.9822262946459,PQ26/25
0.2,150,35.1,1.005,34.8,25.0,13.22,26.0,23.5,75,14.3,32.0,9,2653.6525714438703,1669.36,21.2732627565227,PQ35/35
0.084,100,20.5,2.304,20.2,14.3,2.75,14.0,12.5,506,8.8,18.0,27,3985.80597476273,851.883,41.0400565304692,PQ20/20
0.2,120,50.0,1.68,50.0,36.1,15.32,32.5,31.5,42,20.0,44.0,13,2682.99319305504,1783.0,53.8398886029488,PQ50/50
0.099,120,50.0,1.496,40.0,26.1,1.0,32.0,31.5,358,20.0,44.0,92,16147.4987697847,12077.8,2909.73865982243,PQ50/40
0.14,400,50.0,1.785,40.0,26.1,11.86,32.0,31.5,181,20.0,44.0,14,27110.6694096439,11070.6,58.3742639777075,PQ50/40
0.126,30,26.5,1.043,24.8,16.1,1.04,19.0,15.5,222,12.0,22.5,90,7618.14485663726,2805.7400000000002,1460.53487328272,PQ26/25
0.082,120,16.4,1.158,11.6,6.7,2.13,11.2,9.6,523,7.0,14.4,17,1356.25774189749,182.441,17.7897196180999,PQ16/11.6
0.088,150,32.0,2.079,30.4,21.3,5.89,22.0,19.0,457,13.4,27.5,11,1697.57995965947,1486.5600000000002,15.649509127871799,PQ32/30
0.148,150,26.5,0.482,24.8,16.1,3.36,19.0,15.5,161,12.0,22.5,13,1223.04571930439,1154.76,58.3457960692135,PQ26/25
0.1,100,26.5,1.552,20.2,11.5,3.37,19.0,15.5,351,12.0,22.5,26,7707.83401544477,1755.95,85.6316768853914,PQ26/20
0.2,60,32.0,0.626,30.4,21.3,3.47,22.0,19.0,75,13.4,27.5,22,1355.06307047575,1049.63,165.499401444453,PQ32/30
0.107,200,32.0,1.65,20.5,11.5,4.57,22.0,19.0,307,13.4,27.5,22,15478.5912992486,2259.05,72.1693541347606,PQ32/20
0.2,180,40.5,0.379,39.8,29.5,5.08,28.0,28.0,76,14.9,37.0,9,361.422853833001,1416.66,51.7775307364455,PQ40/40
0.139,60,26.5,2.487,20.2,11.5,6.86,19.0,15.5,182,12.0,22.5,34,37822.9509360761,2372.45,98.4123273916394,PQ26/20
0.142,80,50.0,2.275,40.0,26.1,18.27,32.0,31.5,176,20.0,44.0,11,8739.3431921122,10429.0,29.6244653528301,PQ50/40
0.2,60,20.5,0.261,20.2,14.3,3.32,14.0,12.5,86,8.8,18.0,9,155.875360742376,300.616,26.7601097959614,PQ20/20
0.175,300,40.5,0.603,30.3,20.0,7.32,28.0,28.0,115,14.9,37.0,7,1053.70120228107,1135.78,21.1197120097972,PQ40/30
0.096,350,26.5,0.965,24.8,16.1,4.63,19.0,15.5,386,12.0,22.5,12,4206.8071085949,2314.72,27.6703077515702,PQ26/25
0.163,400,65.0,1.09,60.0,42.0,7.26,45.0,40.8,133,26.0,55.0,14,7792.467548310109,10150.6,142.53501840854,PQ65/60
0.087,50,20.5,1.518,20.2,14.3,0.81,14.0,12.5,468,8.8,18.0,54,1500.40404017146,422.86,228.060446655402,PQ20/20
0.087,120,20.5,1.714,20.2,14.3,2.03,14.0,12.5,462,8.8,18.0,24,1882.70525817612,429.9,40.9853558641787,PQ20/20
0.168,10,20.5,1.268,20.2,14.3,1.59,14.0,12.5,125,8.8,18.0,76,3543.6552440073797,780.372,521.271862328336,PQ20/20
0.16,80,26.5,1.724,24.8,16.1,7.69,19.0,15.5,138,12.0,22.5,19,10040.0027650866,1288.97,43.1710068324495,PQ26/25
0.149,300,50.0,2.065,50.0,36.1,9.18,32.5,31.5,160,20.0,44.0,19,23705.1093383091,9718.619999999999,97.6763291368633,PQ50/50
0.186,60,32.0,0.358,30.4,21.3,1.72,22.0,19.0,102,13.4,27.5,20,337.924435351567,804.406,220.033746042083,PQ32/30
0.127,180,40.5,1.585,30.3,20.0,6.07,28.0,28.0,218,14.9,37.0,24,16607.0407942562,7126.24,113.004777896436,PQ40/30
0.093,60,16.4,1.233,11.6,6.7,1.89,11.2,9.6,406,7.0,14.4,20,893.703342923131,113.506,23.3793763767873,PQ16/11.6
0.095,60,40.5,1.513,30.3,20.0,3.58,28.0,28.0,390,14.9,37.0,24,2472.48962191278,5753.36,117.101491922127,PQ40/30
0.128,80,32.0,1.798,30.4,21.3,6.21,22.0,19.0,215,13.4,27.5,26,12109.1282158,5528.2,98.0700772000638,PQ32/30
0.102,50,40.5,2.058,30.3,20.0,6.52,28.0,28.0,336,14.9,37.0,19,4012.12017836271,6100.87,57.7048985710779,PQ40/30
0.16,100,32.0,0.54,20.5,11.5,2.44,22.0,19.0,138,13.4,27.5,20,1823.46495058278,938.042,153.551624828382,PQ32/20
0.079,180,20.5,2.107,20.2,14.3,3.44,14.0,12.5,560,8.8,18.0,18,3254.72011308355,759.745,19.5889404265369,PQ20/20
0.126,20,20.5,1.918,16.2,10.3,3.13,14.0,12.5,221,8.8,18.0,58,13375.8528568827,1950.19,210.088494496143,PQ20/16
0.113,80,32.0,1.832,20.5,11.5,2.47,22.0,19.0,278,13.4,27.5,45,15528.8457848967,1946.12,276.80865857817,PQ32/20
0.079,250,40.5,2.085,30.3,20.0,1.89,28.0,28.0,563,14.9,37.0,31,4592.6436158037295,2084.77,151.754649677718,PQ40/30
0.101,150,26.5,2.146,24.8,16.1,6.29,19.0,15.5,343,12.0,22.5,22,17795.918362403,3782.63,48.4611301215457,PQ26/25
0.094,500,35.1,1.134,34.8,25.0,5.24,26.0,23.5,399,14.3,32.0,13,5352.93987681375,6582.03,40.2164589567304,PQ35/35
0.095,250,20.5,0.321,16.2,10.3,3.18,14.0,12.5,390,8.8,18.0,6,218.052426008519,745.4159999999999,9.9077739970845,PQ20/16
0.09,180,20.5,1.701,20.2,14.3,3.29,14.0,12.5,431,8.8,18.0,15,1812.04027107448,395.401,16.1026011317916,PQ20/20
0.081,250,26.5,1.566,24.8,16.1,5.71,19.0,15.5,537,12.0,22.5,8,1354.74989209026,893.614,8.277317162378349,PQ26/25
0.141,150,50.0,1.067,40.0,26.1,9.56,32.0,31.5,177,20.0,44.0,10,2791.3686171047,7600.67,45.4820991163202,PQ50/40
0.093,200,35.1,0.683,34.8,25.0,2.13,26.0,23.5,412,14.3,32.0,10,185.80943918408,946.828,35.8935141958534,PQ35/35
0.102,40,20.5,1.974,16.2,10.3,2.43,14.0,12.5,338,8.8,18.0,47,8310.87300196797,1220.01,134.731652342568,PQ20/16
0.2,180,50.0,1.149,40.0,26.1,12.36,32.0,31.5,59,20.0,44.0,12,4112.15897817303,2686.88,61.6096806749176,PQ50/40
0.145,80,32.0,2.193,20.5,11.5,7.4,22.0,19.0,168,13.4,27.5,28,32200.2446245493,2597.94,92.3832262526555,PQ32/20
0.108,300,32.0,0.351,30.4,21.3,2.04,22.0,19.0,273,13.4,27.5,11,308.913107289836,1643.92,67.5629630509273,PQ32/30
0.149,30,20.5,1.282,20.2,14.3,3.79,14.0,12.5,159,8.8,18.0,32,4395.1217283347505,1194.31,91.5405055095953,PQ20/20
0.127,400,40.5,0.783,30.3,20.0,6.71,28.0,28.0,218,14.9,37.0,10,3387.55499980566,4169.03,34.655139387515405,PQ40/30
0.141,250,32.0,0.182,30.4,21.3,1.77,22.0,19.0,170,13.4,27.5,9,112.964850947939,1270.81,80.051080345342,PQ32/30
0.2,20,32.0,2.473,20.5,11.5,4.57,22.0,19.0,63,13.4,27.5,62,17300.0755731212,734.072,410.066783182011,PQ32/20
0.125,250,32.0,0.754,20.5,11.5,5.43,22.0,19.0,226,13.4,27.5,12,4839.33498501537,2317.11,41.436781580847,PQ32/20
0.122,30,40.5,1.959,30.3,20.0,1.08,28.0,28.0,237,14.9,37.0,157,23861.3152323902,7927.47,4095.9000135658202,PQ40/30
0.149,50,26.5,2.216,24.8,16.1,5.08,19.0,15.5,160,12.0,22.5,37,19074.1092014307,1921.81,133.586858253875,PQ26/25
0.083,100,26.5,2.474,20.2,11.5,1.51,19.0,15.5,509,12.0,22.5,49,8974.22300546555,775.042,205.240240310993,PQ26/20
0.185,50,40.5,1.282,39.8,29.5,3.31,28.0,28.0,103,14.9,37.0,35,3373.0924004641597,2110.16,289.498740204237,PQ40/40
0.081,500,26.5,1.516,20.2,11.5,5.27,19.0,15.5,539,12.0,22.5,9,3899.8523373366697,785.702,10.4707787986447,PQ26/20
0.114,50,35.1,2.462,34.8,25.0,2.95,26.0,23.5,271,14.3,32.0,54,11515.769637623,6174.22,379.536277647213,PQ35/35
0.2,80,40.5,2.436,39.8,29.5,14.79,28.0,28.0,68,14.9,37.0,20,11702.3775665239,3087.92,58.0749061377779,PQ40/40
0.119,60,20.5,0.125,16.2,10.3,1.07,14.0,12.5,249,8.8,18.0,11,40.0540430617329,805.059,75.9081943526747,PQ20/16
0.082,150,20.5,1.206,16.2,10.3,3.17,14.0,12.5,531,8.8,18.0,11,796.920319289282,345.965,11.029185966790202,PQ20/16
0.078,100,32.0,2.244,20.5,11.5,3.58,22.0,19.0,579,13.4,27.5,20,3646.3235113298,1477.53,46.2158237837963,PQ32/20
0.2,300,50.0,1.254,40.0,26.1,17.56,32.0,31.5,52,20.0,44.0,9,4418.18613365099,2083.84,32.2343872663864,PQ50/40
0.096,50,32.0,2.394,30.4,21.3,1.3,22.0,19.0,382,13.4,27.5,114,25449.5431740295,7174.0,1505.53658533137,PQ32/30
0.097,60,20.5,1.831,16.2,10.3,3.37,14.0,12.5,373,8.8,18.0,35,9946.75397083832,1843.41,79.48258034328359,PQ20/16
0.083,10,32.0,1.899,20.5,11.5,6.78,22.0,19.0,507,13.4,27.5,8,4229.26994837237,801.879,8.49075902786391,PQ32/20
0.174,350,40.5,1.17,39.8,29.5,14.19,28.0,28.0,117,14.9,37.0,8,4999.32069685158,3009.31,16.2287810113292,PQ40/40
0.091,350,35.1,0.739,34.8,25.0,2.11,26.0,23.5,399,14.3,32.0,21,2254.38798936479,5260.14,148.356131237774,PQ35/35
0.092,400,26.5,2.408,24.8,16.1,6.1,19.0,15.5,414,12.0,22.5,12,6974.34775491626,772.3449999999999,13.1111885184284,PQ26/25
0.177,50,26.5,1.838,20.2,11.5,6.61,19.0,15.5,113,12.0,22.5,24,11548.5924999447,710.131,63.3361392279527,PQ26/20
0.113,250,20.5,0.098,20.2,14.3,0.94,14.0,12.5,277,8.8,18.0,6,13.1728876737059,293.651,27.5056293115177,PQ20/20
0.09,500,26.5,1.423,20.2,11.5,5.01,19.0,15.5,439,12.0,22.5,8,2545.71354223389,399.243,8.71579293971546,PQ26/20
0.095,350,50.0,2.395,40.0,26.1,4.69,32.0,31.5,390,20.0,44.0,33,45502.3308554956,20486.1,255.874611832308,PQ50/40
0.078,180,50.0,1.308,50.0,36.1,4.77,32.5,31.5,586,20.0,44.0,8,497.611630204495,4899.71,24.8659593381744,PQ50/50
0.185,50,26.5,1.186,24.8,16.1,4.47,19.0,15.5,103,12.0,22.5,25,5087.99454052395,828.683,101.389656833609,PQ26/25
0.122,40,40.5,0.162,30.3,20.0,0.72,28.0,28.0,236,14.9,37.0,21,49.207315387861,3366.58,589.494513343989,PQ40/30
0.117,300,40.5,2.196,39.8,29.5,6.48,28.0,28.0,257,14.9,37.0,20,12873.744531686001,5225.91,62.6600686874705,PQ40/40
0.078,350,32.0,2.492,20.5,11.5,3.18,22.0,19.0,586,13.4,27.5,24,15799.4832031363,1419.41,61.0292013277634,PQ32/20
0.2,40,40.5,2.07,30.3,20.0,5.86,28.0,28.0,73,14.9,37.0,42,12898.639498247001,2120.8,280.965356410452,PQ40/30
0.132,200,20.5,0.212,20.2,14.3,3.0,14.0,12.5,202,8.8,18.0,6,119.265659061329,612.495,14.1881776415328,PQ20/20
0.182,120,40.5,2.039,30.3,20.0,13.69,28.0,28.0,107,14.9,37.0,13,9263.688627850759,1944.52,27.2229286326242,PQ40/30
0.174,60,20.5,0.285,16.2,10.3,2.26,14.0,12.5,116,8.8,18.0,11,166.71176131624497,212.468,36.9832633087054,PQ20/16
0.2,250,107.0,1.977,87.0,56.0,16.6,70.0,72.5,63,41.0,93.7,15,12228.5812411231,22322.3,229.315726280308,PQ107/87
0.2,350,65.0,2.305,60.0,42.0,18.65,45.0,40.8,84,26.0,55.0,14,38765.3637618465,10271.1,77.0397576283379,PQ65/60
0.089,200,20.5,1.035,20.2,14.3,2.1,14.0,12.5,447,8.8,18.0,14,734.533640678915,298.853,20.7259276945045,PQ20/20
0.168,180,50.0,1.316,50.0,36.1,8.72,32.5,31.5,125,20.0,44.0,13,4395.48389579452,5087.45,65.4467435932722,PQ50/50
0.104,300,35.1,2.425,34.8,25.0,13.05,26.0,23.5,329,14.3,32.0,12,14921.6077655956,8819.07,18.9552499205556,PQ35/35
0.099,180,32.0,1.635,20.5,11.5,3.71,22.0,19.0,363,13.4,27.5,27,17365.601036981003,3093.64,109.476415440389,PQ32/20
0.077,600,32.0,1.513,30.4,21.3,3.1,22.0,19.0,597,13.4,27.5,15,4302.93894891087,1947.62,37.4016366808147,PQ32/30
0.129,80,107.0,0.928,87.0,56.0,6.22,70.0,72.5,213,41.0,93.7,13,1619.8053805571599,60526.0,327.915266445783,PQ107/87
0.151,20,32.0,1.571,20.5,11.5,7.6,22.0,19.0,155,13.4,27.5,18,4137.31818030094,1582.02,50.3525148388395,PQ32/20
0.145,150,107.0,1.759,87.0,56.0,14.27,70.0,72.5,168,41.0,93.7,11,5683.08790026612,52785.4,135.952770881355,PQ107/87
0.155,120,35.1,1.563,34.8,25.0,6.74,26.0,23.5,146,14.3,32.0,21,8858.01221870969,3639.76,81.4808337123754,PQ35/35
0.084,250,26.5,0.936,24.8,16.1,1.21,19.0,15.5,415,12.0,22.5,23,983.837494531552,444.483,104.252165079817,PQ26/25
0.05,400,50.0,1.332,40.0,26.1,0.63,32.0,31.5,478,20.0,44.0,68,1034.24671935196,3455.51,1746.75612390449,PQ50/40
0.124,120,32.0,0.449,30.4,21.3,1.98,22.0,19.0,229,13.4,27.5,20,876.717748340286,3076.76,181.055482144743,PQ32/30
0.114,40,40.5,1.953,30.3,20.0,1.08,28.0,28.0,270,14.9,37.0,108,10308.7229952637,3866.54,1938.83513188065,PQ40/30
0.095,200,32.0,1.937,30.4,21.3,4.77,22.0,19.0,394,13.4,27.5,26,17407.0737023091,7365.700000000001,92.4308457774072,PQ32/30
0.2,60,40.5,0.97,39.8,29.5,4.18,28.0,28.0,44,14.9,37.0,30,1174.05497197891,950.709,265.109099758825,PQ40/40
0.176,40,26.5,2.044,24.8,16.1,6.37,19.0,15.5,114,12.0,22.5,28,10799.0246733388,1063.53,81.6977921107064,PQ26/25
0.101,100,50.0,2.19,40.0,26.1,3.22,32.0,31.5,345,20.0,44.0,43,14188.0014877336,14653.1,466.444471167097,PQ50/40
0.08,120,40.5,2.467,30.3,20.0,1.59,28.0,28.0,545,14.9,37.0,45,4666.63459078525,2365.73,281.301910934491,PQ40/30
0.152,600,65.0,1.657,60.0,42.0,8.96,45.0,40.8,145,26.0,55.0,16,23299.9268442096,11791.1,131.40233428787099,PQ65/60
0.102,30,40.5,1.515,39.8,29.5,8.62,28.0,28.0,340,14.9,37.0,10,2651.65335409115,6201.42,20.7422229396185,PQ40/40
0.111,100,26.5,1.756,20.2,11.5,5.64,19.0,15.5,285,12.0,22.5,20,9649.55343408457,1770.53,45.704136056972295,PQ26/20
0.083,180,32.0,1.204,30.4,21.3,0.93,22.0,19.0,452,13.4,27.5,41,1888.866476172,1118.96,335.046241828867,PQ32/30
0.094,350,26.5,1.188,24.8,16.1,6.17,19.0,15.5,399,12.0,22.5,11,5633.06614183879,2701.33,19.5926753169386,PQ26/25
0.135,150,50.0,0.443,50.0,36.1,3.47,32.5,31.5,195,20.0,44.0,12,492.18289960064897,8998.62,138.402417181624,PQ50/50
0.143,200,26.5,0.5,24.8,16.1,4.26,19.0,15.5,173,12.0,22.5,10,1206.78231236156,1137.9,33.4509619061485,PQ26/25
0.091,400,50.0,1.152,40.0,26.1,2.18,32.0,31.5,425,20.0,44.0,17,1672.93872036691,2618.77,123.12088738854,PQ50/40
0.097,20,20.5,0.315,20.2,14.3,0.9,14.0,12.5,373,8.8,18.0,21,89.5913344941352,872.125,123.768299416709,PQ20/20
0.093,300,32.0,2.264,30.4,21.3,4.09,22.0,19.0,405,13.4,27.5,16,4203.17294354628,1032.74,30.9563291944925,PQ32/30
0.119,20,32.0,1.945,20.5,11.5,3.78,22.0,19.0,250,13.4,27.5,47,11888.4938001741,4708.01,287.540114597774,PQ32/20
0.091,40,20.5,1.947,16.2,10.3,0.93,14.0,12.5,430,8.8,18.0,60,2578.93388717862,292.041,222.07500395645698,PQ20/16
0.2,120,35.1,0.268,34.8,25.0,3.8,26.0,23.5,87,14.3,32.0,8,164.935150455412,1137.15,50.931921195872604,PQ35/35
0.112,80,16.4,0.518,11.6,6.7,2.48,11.2,9.6,283,7.0,14.4,13,607.803177955946,259.311,20.2336209812482,PQ16/11.6
0.104,100,32.0,0.547,30.4,21.3,0.8,22.0,19.0,325,13.4,27.5,40,938.715266223561,2143.78,611.476808288719,PQ32/30
0.106,400,65.0,2.094,60.0,42.0,4.89,45.0,40.8,313,26.0,55.0,25,19155.7090197834,19519.5,265.128297899503,PQ65/60
0.097,500,40.5,1.283,39.8,29.5,4.79,28.0,28.0,372,14.9,37.0,17,7469.024410109099,8746.380000000001,68.1347872293781,PQ40/40
0.109,250,65.0,1.501,60.0,42.0,1.18,45.0,40.8,299,26.0,55.0,74,18884.8798490716,15012.3,3046.45989904317,PQ65/60
0.168,40,32.0,1.421,30.4,21.3,3.78,22.0,19.0,125,13.4,27.5,35,5732.406990279041,1969.0,214.175458529599,PQ32/30
0.167,40,40.5,1.542,30.3,20.0,3.37,28.0,28.0,127,14.9,37.0,44,7457.634910276,2914.91,388.24106262628,PQ40/30
0.155,200,35.1,1.368,34.8,25.0,8.88,26.0,23.5,147,14.3,32.0,14,7723.17553492251,3449.85,40.218358815849,PQ35/35
0.11,500,50.0,2.078,50.0,36.1,7.77,32.5,31.5,291,20.0,44.0,17,19879.4318273936,13919.800000000001,77.7650267870502,PQ50/50
0.082,300,26.5,1.2,24.8,16.1,6.26,19.0,15.5,525,12.0,22.5,6,871.355238606134,900.103,5.7795191489749,PQ26/25
0.2,50,26.5,0.196,20.2,11.5,1.35,19.0,15.5,34,12.0,22.5,17,36.1980527781829,79.2007,220.645732628064,PQ26/20
0.092,400,26.5,2.197,24.8,16.1,6.92,19.0,15.5,421,12.0,22.5,9,4046.83711702526,629.13,7.94435233250485,PQ26/25
0.108,150,35.1,1.393,34.8,25.0,3.84,26.0,23.5,304,14.3,32.0,21,3736.05418167534,4041.88,89.15846863595249,PQ35/35
0.2,80,50.0,1.964,50.0,36.1,5.82,32.5,31.5,21,20.0,44.0,39,1720.72111523912,508.639,428.03924808737895,PQ50/50
0.137,10,35.1,0.905,34.8,25.0,7.93,26.0,23.5,189,14.3,32.0,11,3395.84416465383,5059.89,34.5564948239317,PQ35/35
0.08,120,16.4,1.305,11.6,6.7,2.19,11.2,9.6,545,7.0,14.4,18,1644.5066404674799,190.538,18.0708723077506,PQ16/11.6
0.129,100,26.5,1.523,24.8,16.1,5.68,19.0,15.5,213,12.0,22.5,23,12296.2577084096,2763.21,70.0544729368609,PQ26/25
0.091,250,26.5,0.865,20.2,11.5,1.64,19.0,15.5,426,12.0,22.5,15,928.713424854254,315.303,46.6059202373863,PQ26/20
0.1,300,107.0,1.685,87.0,56.0,2.75,70.0,72.5,352,41.0,93.7,38,11953.591408579101,77490.3,1680.02065894157,PQ107/87
0.165,350,50.0,1.475,50.0,36.1,18.26,32.5,31.5,129,20.0,44.0,7,5713.89048784585,5726.29,17.3143792279331,PQ50/50
0.184,500,65.0,0.693,60.0,42.0,10.6,45.0,40.8,104,26.0,55.0,6,1660.2726996557599,5238.349999999999,38.470674064017196,PQ65/60
0.138,250,50.0,1.93,50.0,36.1,6.67,32.5,31.5,184,20.0,44.0,26,26198.6934681806,14132.5,192.826247263224,PQ50/50
0.092,600,32.0,1.888,30.4,21.3,7.51,22.0,19.0,416,13.4,27.5,8,3700.77892391368,1247.71,8.924054314935079,PQ32/30
0.095,80,20.5,1.138,16.2,10.3,2.77,14.0,12.5,393,8.8,18.0,26,4106.8540880466,1536.64,64.56516339361819,PQ20/16
0.084,300,50.0,1.746,50.0,36.1,7.93,32.5,31.5,500,20.0,44.0,7,1130.15272968129,5322.41,15.108260446495,PQ50/50
0.137,30,16.4,0.468,11.6,6.7,1.62,11.2,9.6,187,7.0,14.4,25,687.160254768317,273.797,81.5588011220257,PQ16/11.6
0.2,10,20.5,1.062,20.2,14.3,2.73,14.0,12.5,78,8.8,18.0,50,2614.52151988314,635.397,259.490011925644,PQ20/20
0.088,350,26.5,2.371,20.2,11.5,5.31,19.0,15.5,456,12.0,22.5,13,7454.63177514941,583.542,14.9825801520671,PQ26/20
0.098,120,20.5,0.801,20.2,14.3,2.89,14.0,12.5,367,8.8,18.0,17,1529.7790112998998,1396.47,37.4936678913735,PQ20/20
0.11,150,40.5,1.764,39.8,29.5,2.28,28.0,28.0,294,14.9,37.0,46,10171.2418385066,5880.26,390.877712405195,PQ40/40
0.141,120,32.0,0.968,30.4,21.3,4.94,22.0,19.0,178,13.4,27.5,18,4003.05200741868,2994.82,77.2157479235548,PQ32/30
0.093,50,26.5,1.782,24.8,16.1,0.56,19.0,15.5,405,12.0,22.5,90,3348.9762235157,522.387,942.593544777705,PQ26/25
0.147,60,26.5,2.019,24.8,16.1,6.13,19.0,15.5,164,12.0,22.5,29,16377.650237074999,2119.42,88.50020131574101,PQ26/25
0.134,120,32.0,1.321,30.4,21.3,4.76,22.0,19.0,197,13.4,27.5,25,9713.45167298946,4001.3,115.806078416799,PQ32/30
0.081,350,32.0,0.284,30.4,21.3,1.17,22.0,19.0,312,13.4,27.5,15,125.19496418749502,1792.38,150.835197074224,PQ32/30
0.103,350,26.5,1.106,20.2,11.5,7.0,19.0,15.5,330,12.0,22.5,9,4972.434776700369,1381.41,13.6383033422548,PQ26/20
0.112,600,50.0,2.059,40.0,26.1,11.34,32.0,31.5,280,20.0,44.0,11,17315.4841293752,8709.13,32.0797169118346,PQ50/40
0.2,20,107.0,1.233,87.0,56.0,19.29,70.0,72.5,61,41.0,93.7,8,9701.81485221392,17360.0,97.38658338399509,PQ107/87
0.158,150,35.1,0.696,34.8,25.0,3.79,26.0,23.5,141,14.3,32.0,17,1918.23915022333,2367.61,102.332624153967,PQ35/35
0.149,20,20.5,0.729,16.2,10.3,1.68,14.0,12.5,159,8.8,18.0,38,1294.426853172,551.674,198.886888055321,PQ20/16
0.105,350,40.5,2.169,39.8,29.5,10.62,28.0,28.0,319,14.9,37.0,12,8949.74568534254,7614.17,22.776036057394,PQ40/40
0.142,100,50.0,1.189,50.0,36.1,2.48,32.5,31.5,176,20.0,44.0,42,6573.88631941292,9427.939999999999,741.58670153705,PQ50/50
0.2,150,35.1,0.23,34.8,25.0,4.62,26.0,23.5,56,14.3,32.0,6,64.8282805408594,564.183,32.6782418178497,PQ35/35
0.165,50,16.4,0.187,11.6,6.7,2.26,11.2,9.6,129,7.0,14.4,8,79.7876879470609,136.35,18.4648184300211,PQ16/11.6
0.13,100,32.0,1.738,20.5,11.5,5.14,22.0,19.0,208,13.4,27.5,30,24727.4148011012,2976.45,128.561676426945,PQ32/20
0.083,20,40.5,2.275,39.8,29.5,6.46,28.0,28.0,514,14.9,37.0,10,3102.07433708914,2742.42,15.2499895093048,PQ40/40
0.148,500,65.0,1.43,60.0,42.0,17.21,45.0,40.8,162,26.0,55.0,8,10510.1791440417,17865.2,37.0904778835298,PQ65/60
0.168,250,40.5,1.641,39.8,29.5,11.18,28.0,28.0,125,14.9,37.0,13,9265.92390374066,3288.04,33.0254128809919,PQ40/40
0.137,250,26.5,0.228,24.8,16.1,2.33,19.0,15.5,130,12.0,22.5,9,152.330748870224,632.184,53.7538692738893,PQ26/25
0.077,80,32.0,1.178,30.4,21.3,1.38,22.0,19.0,599,13.4,27.5,26,686.9422968139461,1670.08,137.16255421659,PQ32/30
0.166,120,26.5,0.854,24.8,16.1,6.93,19.0,15.5,128,12.0,22.5,11,2540.82707006374,911.406,25.7567064964892,PQ26/25
0.103,120,40.5,2.354,39.8,29.5,12.53,28.0,28.0,331,14.9,37.0,11,4462.3680335295,8574.72,17.9958541781514,PQ40/40
0.124,10,32.0,0.357,20.5,11.5,2.01,22.0,19.0,229,13.4,27.5,17,420.260422021642,2427.3799999999997,159.450708773825,PQ32/20
0.107,80,26.5,1.157,24.8,16.1,1.42,19.0,15.5,306,12.0,22.5,46,4906.53679937867,1583.47,350.000742612698,PQ26/25
0.107,30,40.5,0.381,39.8,29.5,1.3,28.0,28.0,310,14.9,37.0,17,115.519729231847,2717.94,183.017100141043,PQ40/40
0.112,350,32.0,1.082,30.4,21.3,5.36,22.0,19.0,281,13.4,27.5,12,3939.67693983853,2339.5,31.311256992827,PQ32/30
0.172,150,40.5,1.845,39.8,29.5,9.17,28.0,28.0,119,14.9,37.0,19,11511.2706168706,3823.86,64.5187220868611,PQ40/40
0.146,10,16.4,1.228,11.6,6.7,1.65,11.2,9.6,165,7.0,14.4,67,4349.907122029,366.451,263.297163059456,PQ16/11.6
0.092,200,32.0,1.689,20.5,11.5,1.79,22.0,19.0,415,13.4,27.5,27,4355.27457905301,526.399,106.567457180213,PQ32/20
0.079,500,20.5,0.668,16.2,10.3,3.46,14.0,12.5,565,8.8,18.0,6,499.373272438977,350.792,5.32395928676092,PQ20/16
0.104,250,50.0,0.691,40.0,26.1,1.45,32.0,31.5,326,20.0,44.0,30,2550.60200079184,7729.29,590.515790492098,PQ50/40
0.108,150,35.1,1.361,34.8,25.0,5.37,26.0,23.5,300,14.3,32.0,16,3258.02930493683,4911.75,52.7380385031897,PQ35/35
0.099,300,65.0,1.4,60.0,42.0,1.54,45.0,40.8,362,26.0,55.0,58,18678.895140334,26407.5,1982.2903271979,PQ65/60
0.2,60,40.5,1.733,39.8,29.5,7.06,28.0,28.0,33,14.9,37.0,30,2095.89988514872,676.394,168.79442545223,PQ40/40
0.18,50,26.5,1.0,20.2,11.5,4.1,19.0,15.5,109,12.0,22.5,23,4275.574933552331,649.237,97.0555940237158,PQ26/20
0.2,250,50.0,1.762,50.0,36.1,19.06,32.5,31.5,53,20.0,44.0,11,6414.50202641984,2827.81,37.114433793426,PQ50/50
0.054,600,35.1,1.517,34.8,25.0,1.39,26.0,23.5,589,14.3,32.0,33,1716.25998240246,2535.09,205.766222640658,PQ35/35
0.105,30,20.5,0.906,16.2,10.3,0.93,14.0,12.5,321,8.8,18.0,56,1787.86829522937,738.393,360.748227056053,PQ20/16
0.082,60,26.5,1.727,20.2,11.5,2.87,19.0,15.5,525,12.0,22.5,18,1314.77645731402,706.314,37.5162985322395,PQ26/20
0.127,150,32.0,0.176,20.5,11.5,1.19,22.0,19.0,95,13.4,27.5,18,90.356595146534,740.6819999999999,336.40661809198303,PQ32/20
0.089,100,26.5,1.919,24.8,16.1,1.39,19.0,15.5,450,12.0,22.5,39,3455.41208571345,663.2829999999999,166.625351492065,PQ26/25
0.126,80,35.1,2.186,34.8,25.0,12.26,26.0,23.5,222,14.3,32.0,16,9681.65415077957,9298.06,36.5143782889514,PQ35/35
0.123,400,107.0,1.327,87.0,56.0,5.0,70.0,72.5,233,41.0,93.7,24,13371.3080695281,89402.2,822.133721858687,PQ107/87
0.081,60,20.5,1.886,20.2,14.3,1.17,14.0,12.5,537,8.8,18.0,50,2823.1446755788897,762.698,165.024925159021,PQ20/20
0.169,600,50.0,0.568,50.0,36.1,11.53,32.5,31.5,68,20.0,44.0,6,778.52741162616,2817.01,28.039137883764,PQ50/50
0.099,50,20.5,1.353,16.2,10.3,2.58,14.0,12.5,357,8.8,18.0,33,4409.33559870801,1399.68,90.45615916227099,PQ20/16
0.2,20,32.0,1.621,20.5,11.5,7.99,22.0,19.0,54,13.4,27.5,25,4150.34300287679,560.387,94.5932055442918,PQ32/20
0.081,50,26.5,2.182,20.2,11.5,0.68,19.0,15.5,532,12.0,22.5,91,6023.52836551984,693.771,787.504035431891,PQ26/20
0.096,50,32.0,1.759,30.4,21.3,5.34,22.0,19.0,382,13.4,27.5,21,3836.86070790407,6481.08,65.0422750477162,PQ32/30
0.085,60,26.5,0.243,24.8,16.1,0.56,19.0,15.5,493,12.0,22.5,14,23.0006076817374,460.838,122.537968021588,PQ26/25
0.2,60,107.0,2.437,87.0,56.0,18.97,70.0,72.5,31,41.0,93.7,15,6597.688742953071,5507.7,192.627746419334,PQ107/87
0.08,50,26.5,2.182,24.8,16.1,2.08,19.0,15.5,553,12.0,22.5,32,2280.1179898271,1253.81,101.102055003784,PQ26/25
0.115,100,16.4,0.526,11.6,6.7,3.71,11.2,9.6,267,7.0,14.4,9,566.866435197463,245.762,9.57582251775875,PQ16/11.6
0.084,250,20.5,1.332,16.2,10.3,3.5,14.0,12.5,505,8.8,18.0,11,1509.90840430202,328.297,10.169819921443501,PQ20/16
0.101,500,32.0,1.199,20.5,11.5,7.06,22.0,19.0,343,13.4,27.5,10,8928.61261445723,2190.58,19.4373821834526,PQ32/20
0.086,500,26.5,0.761,20.2,11.5,2.4,19.0,15.5,462,12.0,22.5,9,805.81019231931,341.306,18.7052596601904,PQ26/20
0.2,10,16.4,0.847,11.6,6.7,3.03,11.2,9.6,28,7.0,14.4,35,530.669752991593,27.6356,97.5446224689315,PQ16/11.6
0.11,250,26.5,1.722,24.8,16.1,7.67,19.0,15.5,291,12.0,22.5,14,12134.3532867017,2305.46,23.4585613233371,PQ26/25
0.2,10,32.0,1.312,30.4,21.3,1.58,22.0,19.0,49,13.4,27.5,97,2034.16996646432,608.427,1753.77140731949,PQ32/30
0.146,600,107.0,1.459,87.0,56.0,6.28,70.0,72.5,99,41.0,93.7,28,17929.3940063417,40540.4,1033.34996659808,PQ107/87
0.078,300,20.5,1.322,20.2,14.3,3.3,14.0,12.5,576,8.8,18.0,12,1621.6621967614499,634.383,12.5587803991606,PQ20/20
0.137,100,32.0,1.204,30.4,21.3,7.23,22.0,19.0,187,13.4,27.5,15,4234.28747738255,3491.83,44.90643843821471,PQ32/30
0.099,20,20.5,1.039,16.2,10.3,0.89,14.0,12.5,357,8.8,18.0,69,2015.5252716058399,1030.61,489.809652787543,PQ20/16
0.115,60,50.0,2.448,40.0,26.1,5.59,32.0,31.5,265,20.0,44.0,27,7250.832173386149,9038.17,168.281047518181,PQ50/40
0.125,400,65.0,2.49,60.0,42.0,17.74,45.0,40.8,227,26.0,55.0,13,36101.0950874473,39492.5,62.4222480324286,PQ65/60
0.125,50,40.5,1.434,39.8,29.5,4.23,28.0,28.0,225,14.9,37.0,30,3858.0223678067,8820.19,194.91330572939,PQ40/40
0.096,60,20.5,2.217,20.2,14.3,3.27,14.0,12.5,379,8.8,18.0,40,10638.0903469088,2408.5200000000004,92.9416222808505,PQ20/20
0.137,100,32.0,1.8,20.5,11.5,5.76,22.0,19.0,189,13.4,27.5,27,22885.892032886597,2349.63,101.185347225659,PQ32/20
0.077,250,20.5,1.439,20.2,14.3,3.56,14.0,12.5,598,8.8,18.0,12,1610.34999686622,697.345,11.7550207282692,PQ20/20
0.074,400,35.1,0.375,34.8,25.0,1.46,26.0,23.5,24,14.3,32.0,31,32.616358860605395,142.048,573.427145160127,PQ35/35
0.112,60,16.4,0.166,11.6,6.7,0.99,11.2,9.6,280,7.0,14.4,10,35.4829609060928,152.424,31.8865974449607,PQ16/11.6
0.083,400,40.5,2.397,39.8,29.5,2.16,28.0,28.0,516,14.9,37.0,32,7785.60321772331,2951.66,150.21858833663,PQ40/40
0.113,600,40.5,1.155,30.3,20.0,12.3,28.0,28.0,275,14.9,37.0,6,3676.7542760149,3564.28,9.07894934876234,PQ40/30
0.078,200,20.5,0.733,16.2,10.3,1.42,14.0,12.5,580,8.8,18.0,16,633.026067557673,380.31399999999996,35.0550016891364,PQ20/16
0.118,300,26.5,0.415,20.2,11.5,2.81,19.0,15.5,254,12.0,22.5,9,717.668134210837,707.55,31.6561817276965,PQ26/20
0.079,120,20.5,1.252,16.2,10.3,1.41,14.0,12.5,567,8.8,18.0,26,1554.46151383437,410.121,59.7598810387247,PQ20/16
0.08,300,20.5,1.544,20.2,14.3,3.89,14.0,12.5,555,8.8,18.0,12,2263.03591994375,665.564,11.1273718972308,PQ20/20
0.078,100,32.0,1.999,20.5,11.5,0.88,22.0,19.0,585,13.4,27.5,69,8691.54489354023,1248.2,605.3100900823521,PQ32/20
0.084,400,26.5,1.832,24.8,16.1,4.11,19.0,15.5,497,12.0,22.5,13,4332.90071712547,835.998,19.238158611623,PQ26/25
0.155,150,32.0,1.188,30.4,21.3,7.18,22.0,19.0,146,13.4,27.5,15,5914.9221496546,2212.62,45.4103823001604,PQ32/30
0.16,150,32.0,1.096,30.4,21.3,7.41,22.0,19.0,137,13.4,27.5,14,5173.14666675585,2124.0899999999997,42.2251062679,PQ32/30
0.084,120,16.4,1.13,11.6,6.7,1.94,11.2,9.6,503,7.0,14.4,17,1147.20188433147,140.15800000000002,18.1472251360353,PQ16/11.6
0.098,200,26.5,1.084,20.2,11.5,3.33,19.0,15.5,368,12.0,22.5,19,6158.72311324889,1778.31,61.8333937010565,PQ26/20
0.163,500,50.0,0.476,50.0,36.1,6.52,32.5,31.5,133,20.0,44.0,7,1021.76266049169,4822.88,44.2961232261789,PQ50/50
0.2,400,65.0,1.617,60.0,42.0,13.73,45.0,40.8,72,26.0,55.0,14,18415.7755590456,7371.15,102.696667916064,PQ65/60
0.091,350,40.5,2.305,30.3,20.0,3.21,28.0,28.0,423,14.9,37.0,21,5642.641762388869,1440.8799999999999,64.5533984217719,PQ40/30
0.12,120,32.0,0.852,30.4,21.3,2.46,22.0,19.0,244,13.4,27.5,30,4474.30226517781,4308.63,238.126436836856,PQ32/30
0.2,300,107.0,1.968,87.0,56.0,11.15,70.0,72.5,21,41.0,93.7,21,2398.74546639343,2583.22,451.125819048593,PQ107/87
0.12,500,40.5,0.835,30.3,20.0,10.68,28.0,28.0,246,14.9,37.0,7,3756.20670718434,5992.65,16.103007344515298,PQ40/30
0.13,120,32.0,1.156,30.4,21.3,3.98,22.0,19.0,209,13.4,27.5,26,7608.797737587281,4086.7699999999995,139.402346479867,PQ32/30
0.08,100,20.5,1.369,16.2,10.3,3.56,14.0,12.5,550,8.8,18.0,12,894.093976122561,481.242,11.8348600564894,PQ20/16
0.056,400,20.5,0.421,20.2,14.3,0.93,14.0,12.5,533,8.8,18.0,14,68.7107802598978,328.439,43.053660511014805,PQ20/20
0.2,60,35.1,1.255,34.8,25.0,5.49,26.0,23.5,66,14.3,32.0,27,3773.05618882658,1462.15,160.29744493941402,PQ35/35
0.116,300,32.0,0.26,20.5,11.5,1.25,22.0,19.0,256,13.4,27.5,12,284.886780050546,715.546,105.078031653294,PQ32/20
0.124,40,26.5,2.153,24.8,16.1,2.65,19.0,15.5,229,12.0,22.5,69,26362.3935455416,3661.36,475.218655459541,PQ26/25
0.098,250,40.5,1.247,39.8,29.5,2.24,28.0,28.0,365,14.9,37.0,32,5479.46655594907,6402.650000000001,246.95946170171902,PQ40/40
0.11,600,40.5,1.656,30.3,20.0,9.8,28.0,28.0,290,14.9,37.0,10,10298.7295092972,3913.82,18.935367544842,PQ40/30
0.2,30,26.5,0.555,24.8,16.1,2.21,19.0,15.5,73,12.0,22.5,29,866.8046733240769,534.531,257.526054993282,PQ26/25
0.2,250,65.0,2.29,60.0,42.0,12.66,45.0,40.8,53,26.0,55.0,21,17579.759504475303,4702.759999999999,174.209951754373,PQ65/60
0.123,180,35.1,1.521,34.8,25.0,8.72,26.0,23.5,235,14.3,32.0,15,8407.4861211732,7430.03,42.5261573016846,PQ35/35
0.2,10,20.5,1.045,20.2,14.3,2.27,14.0,12.5,46,8.8,18.0,55,1042.88128214765,200.672,317.76140815518403,PQ20/20
0.09,120,20.5,1.227,16.2,10.3,1.95,14.0,12.5,439,8.8,18.0,20,1380.32540711894,314.665,35.9459385213447,PQ20/16
0.077,350,32.0,2.233,30.4,21.3,2.82,22.0,19.0,588,13.4,27.5,24,7738.2610098123305,2289.45,70.418032549253,PQ32/30
0.156,40,20.5,0.204,16.2,10.3,1.17,14.0,12.5,145,8.8,18.0,16,94.56011945881811,327.76800000000003,104.729822708153,PQ20/16
0.084,300,26.5,2.308,20.2,11.5,3.5,19.0,15.5,501,12.0,22.5,19,8747.17184238014,669.777,32.7370473587349,PQ26/20
0.104,80,32.0,2.375,20.5,11.5,4.24,22.0,19.0,328,13.4,27.5,33,17219.2233685223,2733.32,120.091779537453,PQ32/20
0.079,180,20.5,1.273,20.2,14.3,2.06,14.0,12.5,561,8.8,18.0,20,1758.4481961382098,720.514,35.9428000766782,PQ20/20
0.132,10,32.0,1.526,20.5,11.5,2.49,22.0,19.0,202,13.4,27.5,52,4479.63351553982,2378.19,430.077243114117,PQ32/20
0.085,500,26.5,1.13,24.8,16.1,5.01,19.0,15.5,485,12.0,22.5,7,1368.54431073455,738.031,8.26572634090017,PQ26/25
0.157,120,50.0,1.193,40.0,26.1,3.91,32.0,31.5,143,20.0,44.0,28,7327.90316652797,5742.85,324.86569778408096,PQ50/40
0.125,200,26.5,0.412,20.2,11.5,6.66,19.0,15.5,225,12.0,22.5,6,838.1952477784,1923.24,14.174553100461301,PQ26/20
0.117,300,40.5,1.181,30.3,20.0,5.78,28.0,28.0,258,14.9,37.0,12,3276.73490185228,2583.35,35.679646023956096,PQ40/30
0.178,60,20.5,0.121,20.2,14.3,1.2,14.0,12.5,112,8.8,18.0,9,20.649058846903202,195.28,51.865851798786,PQ20/20
0.098,500,32.0,0.545,20.5,11.5,5.24,22.0,19.0,369,13.4,27.5,6,1148.93711983535,1748.31,13.688469624617001,PQ32/20
0.088,500,26.5,0.885,20.2,11.5,4.02,19.0,15.5,458,12.0,22.5,7,1149.9753388705,488.043,9.9614364565831,PQ26/20
0.108,30,20.5,1.869,16.2,10.3,3.51,14.0,12.5,305,8.8,18.0,32,4657.64132455206,1091.25,65.3110185789917,PQ20/16
0.105,180,32.0,1.969,20.5,11.5,7.57,22.0,19.0,323,13.4,27.5,16,14745.8466146078,2735.91,32.9688689211371,PQ32/20
0.138,80,26.5,1.927,24.8,16.1,6.01,19.0,15.5,186,12.0,22.5,28,18982.0639473322,2551.27,85.6629878684997,PQ26/25
0.077,20,32.0,0.943,30.4,21.3,0.78,22.0,19.0,599,13.4,27.5,34,245.283610461958,1199.47,280.948812767,PQ32/30
0.09,60,20.5,2.472,16.2,10.3,2.67,14.0,12.5,437,8.8,18.0,27,2769.50557897268,354.859,36.8817644941766,PQ20/16
0.079,200,20.5,1.907,20.2,14.3,3.84,14.0,12.5,560,8.8,18.0,16,3250.24497152871,922.052,16.7467827693977,PQ20/20
0.095,500,32.0,0.148,20.5,11.5,1.28,22.0,19.0,136,13.4,27.5,10,37.1592097264453,561.032,120.829560137946,PQ32/20
0.078,200,20.5,1.083,16.2,10.3,2.04,14.0,12.5,576,8.8,18.0,16,1259.92359159992,423.421,25.4602987633181,PQ20/16
0.2,60,35.1,2.381,34.8,25.0,9.93,26.0,23.5,35,14.3,32.0,27,3930.2625882162697,587.552,97.4102378576711,PQ35/35
0.148,600,65.0,2.08,60.0,42.0,10.85,45.0,40.8,161,26.0,55.0,17,44653.6993946455,17118.2,123.339094313623,PQ65/60
0.12,250,50.0,1.806,40.0,26.1,17.82,32.0,31.5,245,20.0,44.0,9,10878.7325353115,17181.9,23.8886205646833,PQ50/40
0.2,30,40.5,1.34,39.8,29.5,2.29,28.0,28.0,61,14.9,37.0,71,3910.6652163006997,1750.3899999999999,1150.88379612298,PQ40/40
0.125,30,20.5,2.011,20.2,14.3,3.47,14.0,12.5,227,8.8,18.0,49,11909.0201657862,2246.66,150.709816676571,PQ20/20
0.094,350,32.0,1.886,30.4,21.3,4.42,22.0,19.0,401,13.4,27.5,13,3266.07975124485,1033.52,23.5885298999227,PQ32/30
0.086,100,20.5,0.771,20.2,14.3,1.58,14.0,12.5,479,8.8,18.0,15,280.052489195375,356.594,30.0788103665162,PQ20/20
0.106,300,50.0,0.966,40.0,26.1,2.06,32.0,31.5,316,20.0,44.0,29,5604.131925856391,7921.05,415.193545298086,PQ50/40
0.194,150,40.5,0.816,39.8,29.5,8.56,28.0,28.0,94,14.9,37.0,12,2745.77099934044,3269.28,48.7056165861886,PQ40/40
0.2,40,32.0,1.086,30.4,21.3,5.11,22.0,19.0,49,13.4,27.5,27,1762.00424703121,683.833,158.258436742782,PQ32/30
0.132,80,40.5,1.609,30.3,20.0,2.82,28.0,28.0,204,14.9,37.0,53,17497.9503819886,6551.58,544.8487270858479,PQ40/30
0.074,600,40.5,0.376,30.3,20.0,0.66,28.0,28.0,455,14.9,37.0,17,117.200049109199,731.398,185.922686169906,PQ40/30
0.157,30,32.0,2.247,30.4,21.3,4.67,22.0,19.0,144,13.4,27.5,42,10963.1698357845,2804.23,214.716888329976,PQ32/30
0.156,50,40.5,0.717,30.3,20.0,10.1,28.0,28.0,145,14.9,37.0,6,698.259558192455,1833.27,13.4183140353071,PQ40/30
0.092,150,16.4,1.098,11.6,6.7,3.32,11.2,9.6,413,7.0,14.4,10,844.771673353711,105.322,6.430106948503,PQ16/11.6
0.083,50,16.4,1.628,11.6,6.7,2.4,11.2,9.6,515,7.0,14.4,21,1388.07224927542,203.533,20.4633498386597,PQ16/11.6
0.116,150,40.5,1.744,30.3,20.0,2.75,28.0,28.0,261,14.9,37.0,36,9430.9157743541,2972.67,235.669017117967,PQ40/30
0.102,100,20.5,0.366,16.2,10.3,1.16,14.0,12.5,340,8.8,18.0,18,308.274979750937,545.055,79.6436448951043,PQ20/16
0.155,120,40.5,2.03,30.3,20.0,7.4,28.0,28.0,146,14.9,37.0,24,15976.8292335834,3460.83,93.1820547797785,PQ40/30
0.132,200,50.0,1.273,50.0,36.1,3.63,32.5,31.5,204,20.0,44.0,34,14684.3845507178,16544.7,459.89306791535,PQ50/50
0.078,300,40.5,0.783,30.3,20.0,1.33,28.0,28.0,276,14.9,37.0,36,1072.86710597122,2653.54,448.686777524072,PQ40/30
0.098,80,20.5,1.619,16.2,10.3,3.7,14.0,12.5,366,8.8,18.0,26,6805.40521292626,1377.83,48.4996011565059,PQ20/16
0.109,50,40.5,1.652,30.3,20.0,2.07,28.0,28.0,296,14.9,37.0,48,4538.46178332351,4226.68,437.36231479519296,PQ40/30
0.1,120,26.5,2.271,24.8,16.1,4.3,19.0,15.5,353,12.0,22.5,33,22347.4577039675,3750.09,104.083168071528,PQ26/25
0.151,30,32.0,1.283,30.4,21.3,4.78,22.0,19.0,154,13.4,27.5,26,3330.69159235713,3031.72,128.208413083084,PQ32/30
0.123,100,26.5,1.97,24.8,16.1,6.45,19.0,15.5,235,12.0,22.5,26,21821.2413044835,3692.39,72.6005685167975,PQ26/25
0.143,200,32.0,0.629,20.5,11.5,6.71,22.0,19.0,173,13.4,27.5,9,2550.70194000242,1748.22,27.2352266384801,PQ32/20
0.116,200,26.5,0.861,20.2,11.5,4.96,19.0,15.5,262,12.0,22.5,10,2045.0538992334,845.828,20.8101547397614,PQ26/20
0.138,40,32.0,0.426,20.5,11.5,0.86,22.0,19.0,185,13.4,27.5,46,1107.7410847055999,1599.1299999999999,999.005571080819,PQ32/20
0.08,250,32.0,1.82,20.5,11.5,2.02,22.0,19.0,556,13.4,27.5,26,6240.35936023463,947.676,92.9058935195478,PQ32/20
0.114,500,40.5,0.902,39.8,29.5,4.79,28.0,28.0,271,14.9,37.0,11,2100.88843139929,3240.56,37.6638994630328,PQ40/40
0.116,200,35.1,1.805,34.8,25.0,4.68,26.0,23.5,263,14.3,32.0,24,10425.1565315131,4387.02,95.12754280341011,PQ35/35
0.086,20,50.0,2.418,40.0,26.1,1.51,32.0,31.5,480,20.0,44.0,51,1960.0018580830701,4621.03,606.263533178875,PQ50/40
0.146,30,32.0,0.417,30.4,21.3,0.84,22.0,19.0,166,13.4,27.5,47,537.194678071892,1995.74,1065.44957470086,PQ32/30
0.2,20,20.5,0.464,16.2,10.3,2.94,14.0,12.5,73,8.8,18.0,19,413.53317155864397,248.057,72.6243300848242,PQ20/16
0.117,30,20.5,0.534,16.2,10.3,1.81,14.0,12.5,257,8.8,18.0,17,249.260622147972,384.693,51.4624334358092,PQ20/16
0.162,20,26.5,1.867,20.2,11.5,2.34,19.0,15.5,134,12.0,22.5,70,14041.4783564923,1019.97,531.665367761453,PQ26/20
0.135,250,40.5,2.411,30.3,20.0,12.97,28.0,28.0,193,14.9,37.0,16,29409.4606084996,6121.62,36.2364699402789,PQ40/30
0.176,120,35.1,0.409,34.8,25.0,2.59,26.0,23.5,43,14.3,32.0,18,145.101165005071,371.252,179.419624970221,PQ35/35
0.2,350,65.0,0.759,60.0,42.0,16.15,45.0,40.8,71,26.0,55.0,6,1869.07316096208,6321.47,35.6327300188728,PQ65/60
0.081,80,20.5,1.671,16.2,10.3,1.59,14.0,12.5,538,8.8,18.0,32,2338.05344945489,476.384,71.5810994979141,PQ20/16
0.184,200,40.5,1.545,39.8,29.5,11.63,28.0,28.0,104,14.9,37.0,12,6376.41117163391,2371.9,29.4542851194265,PQ40/40
0.134,30,26.5,0.649,24.8,16.1,4.43,19.0,15.5,198,12.0,22.5,14,862.399628692712,2166.67,52.5196559575134,PQ26/25
0.083,80,20.5,2.434,20.2,14.3,1.68,14.0,12.5,509,8.8,18.0,41,3914.96582382847,629.769,90.5948497478891,PQ20/20
0.094,350,26.5,1.275,24.8,16.1,7.8,19.0,15.5,399,12.0,22.5,10,6701.17222718639,3295.94,15.2911301626685,PQ26/25
0.094,50,50.0,2.112,50.0,36.1,7.99,32.5,31.5,400,20.0,44.0,15,4077.60879400531,18675.6,59.7712223462885,PQ50/50
0.104,150,26.5,1.038,24.8,16.1,7.09,19.0,15.5,327,12.0,22.5,9,1934.2143780247102,2108.37,14.6571761054106,PQ26/25
0.2,20,35.1,0.065,34.8,25.0,1.0,26.0,23.5,78,14.3,32.0,8,9.7683005739453,626.776,165.932300182477,PQ35/35
0.2,200,65.0,0.895,60.0,42.0,8.74,45.0,40.8,58,26.0,55.0,13,2126.5886891266,4586.839999999999,145.312063900269,PQ65/60
0.115,150,26.5,1.359,20.2,11.5,4.46,19.0,15.5,268,12.0,22.5,19,8146.40558206289,1309.86,51.135834465136,PQ26/20
0.2,350,50.0,1.129,40.0,26.1,18.31,32.0,31.5,27,20.0,44.0,7,871.4795402101571,455.926,21.2661471333513,PQ50/40
0.2,20,32.0,0.19,30.4,21.3,1.45,22.0,19.0,47,13.4,27.5,16,42.8719082676145,292.684,244.463043989335,PQ32/30
0.122,300,35.1,1.324,34.8,25.0,9.86,26.0,23.5,237,14.3,32.0,12,8882.12473715129,7730.89,30.3203551863921,PQ35/35
0.093,150,20.5,2.206,20.2,14.3,3.66,14.0,12.5,405,8.8,18.0,17,2575.23159089631,383.188,16.8491598107481,PQ20/20
0.09,500,107.0,0.423,87.0,56.0,2.45,70.0,72.5,130,41.0,93.7,15,135.48774826172598,18443.3,861.983865274262,PQ107/87
0.089,250,26.5,1.849,24.8,16.1,2.55,19.0,15.5,441,12.0,22.5,21,4355.987835814421,667.177,49.813608500232,PQ26/25
0.193,30,40.5,1.48,30.3,20.0,11.4,28.0,28.0,95,14.9,37.0,16,4726.983437363389,3154.7200000000003,53.0353865827572,PQ40/30
0.182,500,50.0,1.079,40.0,26.1,15.74,32.0,31.5,107,20.0,44.0,6,4883.121853488759,2854.82,16.2165309350329,PQ50/40
0.2,180,40.5,0.689,30.3,20.0,13.66,28.0,28.0,36,14.9,37.0,6,376.770916782426,339.844,13.8843384613731,PQ40/30
0.188,20,32.0,2.468,30.4,21.3,5.84,22.0,19.0,100,13.4,27.5,50,18996.0887897727,3249.8,282.904545658555,PQ32/30
0.111,120,20.5,0.733,16.2,10.3,3.79,14.0,12.5,287,8.8,18.0,11,923.411107080966,530.085,16.5833697917145,PQ20/16
0.186,60,40.5,0.693,39.8,29.5,3.27,28.0,28.0,102,14.9,37.0,20,796.696206408388,1675.1499999999999,154.376188692535,PQ40/40
0.096,20,16.4,1.845,11.6,6.7,1.47,11.2,9.6,386,7.0,14.4,71,7343.39835357127,617.969,210.623237564995,PQ16/11.6
0.095,60,20.5,1.295,20.2,14.3,2.67,14.0,12.5,388,8.8,18.0,28,2830.29963183175,1733.17,69.5429971078602,PQ20/20
0.096,80,26.5,1.449,20.2,11.5,1.68,19.0,15.5,379,12.0,22.5,54,13511.1512199339,2579.17,391.259245956236,PQ26/20
0.096,10,16.4,1.867,11.6,6.7,1.44,11.2,9.6,384,7.0,14.4,80,5479.713316513939,779.928,264.859804182404,PQ16/11.6
0.14,300,35.1,1.564,34.8,25.0,12.79,26.0,23.5,181,14.3,32.0,11,11639.3482499983,5312.04,22.3645826527316,PQ35/35
0.156,120,40.5,1.706,39.8,29.5,7.2,28.0,28.0,145,14.9,37.0,22,9080.10157239242,4982.5,91.81674480846499,PQ40/40
0.198,200,50.0,2.38,40.0,26.1,19.95,32.0,31.5,90,20.0,44.0,14,36873.07269153171,6443.13,46.3097106319244,PQ50/40
0.12,10,16.4,2.36,11.6,6.7,2.59,11.2,9.6,244,7.0,14.4,78,14325.384614726101,839.414,206.314810849719,PQ16/11.6
0.067,300,50.0,2.046,50.0,36.1,0.65,32.5,31.5,481,20.0,44.0,89,4484.48513117182,4038.61,2155.66176140813,PQ50/50
0.169,60,40.5,1.855,30.3,20.0,9.66,28.0,28.0,124,14.9,37.0,17,5771.33389658127,2505.72,50.1081682747839,PQ40/30
0.12,10,20.5,0.99,16.2,10.3,3.95,14.0,12.5,245,8.8,18.0,22,1830.04923681192,1411.5800000000002,51.8366955911644,PQ20/16
0.2,30,50.0,1.769,40.0,26.1,2.79,32.0,31.5,65,20.0,44.0,74,9424.043783500521,3007.64,1643.19822687205,PQ50/40
0.111,300,40.5,1.026,39.8,29.5,3.49,28.0,28.0,286,14.9,37.0,18,2912.37089902543,4320.61,91.015405552742,PQ40/40
0.2,30,40.5,1.662,39.8,29.5,2.48,28.0,28.0,49,14.9,37.0,76,3677.79050978005,1131.87,1116.89493779307,PQ40/40
0.163,120,40.5,1.122,30.3,20.0,10.2,28.0,28.0,133,14.9,37.0,10,2617.40835020311,2326.57,25.833937220479797,PQ40/30
0.121,250,35.1,0.413,34.8,25.0,3.82,26.0,23.5,242,14.3,32.0,10,676.067693311529,5114.69,54.8634777073732,PQ35/35
0.149,250,65.0,2.224,60.0,42.0,5.18,45.0,40.8,159,26.0,55.0,40,54930.114385557405,19743.7,646.409989540566,PQ65/60
0.084,10,20.5,1.602,20.2,14.3,0.64,14.0,12.5,499,8.8,18.0,77,742.101428532722,588.472,444.746203856264,PQ20/20
0.089,50,20.5,2.029,20.2,14.3,1.32,14.0,12.5,443,8.8,18.0,45,2160.90355319914,475.187,126.152238875362,PQ20/20
0.091,60,20.5,2.427,20.2,14.3,1.65,14.0,12.5,427,8.8,18.0,46,4082.30741430636,595.048,114.32961034963499,PQ20/20
0.084,250,20.5,0.808,16.2,10.3,3.49,14.0,12.5,502,8.8,18.0,7,418.67456791729103,286.722,6.19241005503778,PQ20/16
0.2,10,35.1,2.303,34.8,25.0,2.41,26.0,23.5,86,14.3,32.0,108,12605.2899229657,3048.6499999999996,1599.19209079023,PQ35/35
0.085,100,107.0,2.383,87.0,56.0,6.78,70.0,72.5,489,41.0,93.7,10,2056.63178613814,20755.5,87.0712936137642,PQ107/87
0.134,150,40.5,1.735,30.3,20.0,6.07,28.0,28.0,198,14.9,37.0,25,15877.8216117263,5501.089999999999,114.216783826723,PQ40/30
0.101,40,20.5,2.499,20.2,14.3,3.71,14.0,12.5,343,8.8,18.0,42,10594.7553930442,2499.82,93.1567399962428,PQ20/20
0.145,150,50.0,2.138,50.0,36.1,6.19,32.5,31.5,167,20.0,44.0,33,27653.0183677649,14721.1,286.817684615544,PQ50/50
0.102,20,20.5,2.18,16.2,10.3,1.59,14.0,12.5,339,8.8,18.0,79,8302.38622955335,1264.6299999999999,350.143835303987,PQ20/16
0.193,20,50.0,0.41,40.0,26.1,4.99,32.0,31.5,95,20.0,44.0,10,494.124563335233,3774.34,103.323972770415,PQ50/40
0.157,50,26.5,2.046,20.2,11.5,6.22,19.0,15.5,143,12.0,22.5,28,15611.303690618399,1102.62,78.768425805685,PQ26/20
0.162,150,65.0,2.088,60.0,42.0,10.13,45.0,40.8,135,26.0,55.0,20,16682.9850841512,15662.9,170.183481169763,PQ65/60
0.118,40,26.5,1.841,24.8,16.1,3.71,19.0,15.5,255,12.0,22.5,30,4900.60865228329,1730.54,102.025704779113,PQ26/25
0.118,30,20.5,1.532,16.2,10.3,1.8,14.0,12.5,255,8.8,18.0,48,3970.33276835315,600.705,172.755899255691,PQ20/16
0.09,100,20.5,2.022,20.2,14.3,2.14,14.0,12.5,433,8.8,18.0,28,2679.2381919197,472.36699999999996,49.001847685264096,PQ20/20
0.2,60,32.0,1.242,20.5,11.5,7.56,22.0,19.0,77,13.4,27.5,21,9129.773915726631,1051.1399999999999,83.3053707693955,PQ32/20
0.089,80,26.5,1.211,24.8,16.1,2.1,19.0,15.5,447,12.0,22.5,18,729.179476417139,666.441,51.6208111940452,PQ26/25
0.2,20,20.5,0.594,16.2,10.3,3.0,14.0,12.5,75,8.8,18.0,24,813.2782705824519,289.66999999999996,94.0418582108207,PQ20/16
0.073,500,40.5,0.819,39.8,29.5,0.98,28.0,28.0,456,14.9,37.0,24,434.30548736497,1211.62,193.770777936633,PQ40/40
0.128,180,40.5,1.876,39.8,29.5,5.71,28.0,28.0,214,14.9,37.0,28,16821.3548017653,8712.96,138.355485825225,PQ40/40
0.121,20,20.5,1.622,20.2,14.3,2.02,14.0,12.5,241,8.8,18.0,68,7565.48568411776,2229.44,343.928738230557,PQ20/20
0.062,400,20.5,0.085,16.2,10.3,1.18,14.0,12.5,82,8.8,18.0,9,5.22625148653697,197.269,71.69552165911931,PQ20/16
0.097,10,16.4,1.583,11.6,6.7,2.57,11.2,9.6,378,7.0,14.4,37,2638.2194616942,657.121,65.0650325824705,PQ16/11.6
0.2,30,40.5,1.855,39.8,29.5,2.83,28.0,28.0,63,14.9,37.0,76,7484.0688918222395,2016.45,1028.60185607924,PQ40/40
0.107,50,32.0,2.399,20.5,11.5,1.68,22.0,19.0,309,13.4,27.5,82,25196.1738198716,2306.4,735.273104448775,PQ32/20
0.156,10,20.5,1.665,20.2,14.3,1.84,14.0,12.5,145,8.8,18.0,86,6518.36375621506,1187.76,539.033396417381,PQ20/20
0.146,30,16.4,0.707,11.6,6.7,3.09,11.2,9.6,165,7.0,14.4,22,1715.2750110858199,339.011,44.7421798631495,PQ16/11.6
0.126,100,50.0,2.024,40.0,26.1,14.52,32.0,31.5,224,20.0,44.0,13,10050.1440532987,17469.4,45.4672843137346,PQ50/40
0.133,200,32.0,1.202,30.4,21.3,7.9,22.0,19.0,201,13.4,27.5,14,7976.95596332909,4201.2,39.173712266646,PQ32/30
0.115,50,32.0,1.992,30.4,21.3,5.62,22.0,19.0,266,13.4,27.5,20,3381.187907816,2619.48,53.4915288280814,PQ32/30
0.097,600,35.1,2.48,34.8,25.0,11.65,26.0,23.5,372,14.3,32.0,12,22326.0501170715,7825.85,18.6275963370985,PQ35/35
0.115,20,65.0,1.569,60.0,42.0,10.15,45.0,40.8,265,26.0,55.0,9,5584.73299105588,12340.4,43.4535172359253,PQ65/60
0.094,350,32.0,0.708,30.4,21.3,7.3,22.0,19.0,400,13.4,27.5,6,1000.1664687027101,4075.7,11.0826380380174,PQ32/30
0.119,600,65.0,1.482,60.0,42.0,5.19,45.0,40.8,250,26.0,55.0,26,37788.7411031344,34746.1,380.487701288926,PQ65/60
0.079,180,107.0,2.419,87.0,56.0,7.04,70.0,72.5,564,41.0,93.7,10,1950.04895151827,28772.6,85.9910811892084,PQ107/87
0.1,200,50.0,0.531,40.0,26.1,0.6,32.0,31.5,356,20.0,44.0,56,2284.22980956472,8364.5,2580.21277131814,PQ50/40
0.099,20,16.4,1.464,11.6,6.7,3.24,11.2,9.6,358,7.0,14.4,27,2532.24948021064,571.679,36.9821906620059,PQ16/11.6
0.071,300,26.5,0.225,24.8,16.1,1.04,19.0,15.5,34,12.0,22.5,25,15.3822796786519,97.8467,419.873264054501,PQ26/25
0.088,150,20.5,1.722,20.2,14.3,2.82,14.0,12.5,459,8.8,18.0,19,2328.98526045173,547.341,25.6006006595217,PQ20/20
0.094,350,32.0,1.753,20.5,11.5,3.13,22.0,19.0,401,13.4,27.5,16,4893.82247618587,502.997,36.280785257184306,PQ32/20
0.085,500,26.5,0.909,24.8,16.1,3.22,19.0,15.5,484,12.0,22.5,8,839.355812930719,515.376,12.912192411165801,PQ26/25
0.088,80,20.5,0.958,16.2,10.3,1.93,14.0,12.5,458,8.8,18.0,15,422.688814434546,263.618,24.7284276418836,PQ20/16
0.096,80,40.5,1.868,30.3,20.0,2.4,28.0,28.0,381,14.9,37.0,48,9221.39064981327,7708.66,396.956948968712,PQ40/30
0.096,40,40.5,0.705,30.3,20.0,3.91,28.0,28.0,382,14.9,37.0,11,600.2997328350001,4567.5,45.7002451108082,PQ40/30
0.091,300,32.0,1.211,30.4,21.3,3.58,22.0,19.0,422,13.4,27.5,10,876.061686272952,820.06,19.846780377374003,PQ32/30
0.093,60,26.5,1.397,24.8,16.1,4.08,19.0,15.5,409,12.0,22.5,10,516.713881782536,507.307,14.1881253731583,PQ26/25
0.2,200,40.5,1.18,39.8,29.5,12.81,28.0,28.0,85,14.9,37.0,11,5650.08488036686,2850.64,30.5107390832965,PQ40/40
0.095,150,32.0,0.452,30.4,21.3,0.66,22.0,19.0,393,13.4,27.5,39,888.63429618106,2604.9,683.508444923161,PQ32/30
0.08,150,16.4,0.295,11.6,6.7,0.76,11.2,9.6,550,7.0,14.4,11,63.696395600474894,87.9119,23.352531618984,PQ16/11.6
0.083,300,26.5,1.502,24.8,16.1,2.04,19.0,15.5,517,12.0,22.5,21,3610.563459503,771.06,58.9437319743587,PQ26/25
0.159,60,40.5,1.741,39.8,29.5,2.53,28.0,28.0,140,14.9,37.0,59,10598.2981185651,3867.3,649.796190043303,PQ40/40
0.09,150,107.0,0.965,87.0,56.0,2.23,70.0,72.5,434,41.0,93.7,13,290.944459035002,13457.5,316.37660488111,PQ107/87
0.079,500,35.1,1.847,34.8,25.0,2.85,26.0,23.5,564,14.3,32.0,20,5469.41557215132,2818.27,64.8629785734151,PQ35/35
0.2,350,107.0,1.835,87.0,56.0,6.77,70.0,72.5,73,41.0,93.7,35,44839.8773130102,30323.899999999998,1329.1769156047,PQ107/87
0.121,80,32.0,2.266,20.5,11.5,4.52,22.0,19.0,241,13.4,27.5,43,42722.7719937117,4000.78,212.037458555781,PQ32/20
0.088,120,32.0,2.274,20.5,11.5,3.27,22.0,19.0,452,13.4,27.5,20,3442.36739724423,715.968,45.7087700281479,PQ32/20
0.079,10,16.4,2.366,11.6,6.7,0.89,11.2,9.6,560,7.0,14.4,77,1842.10705871233,226.265,200.524293379189,PQ16/11.6
0.098,400,50.0,1.685,50.0,36.1,8.58,32.5,31.5,365,20.0,44.0,12,7123.51170939433,16806.899999999998,45.7128232964311,PQ50/50
0.108,100,50.0,2.491,50.0,36.1,1.35,32.5,31.5,304,20.0,44.0,106,28631.6264727349,12903.6,2625.44605083083,PQ50/50
0.098,350,32.0,2.163,30.4,21.3,7.78,22.0,19.0,369,13.4,27.5,16,18293.2713265123,5239.73,32.1010386097078,PQ32/30
0.118,80,20.5,0.676,16.2,10.3,2.77,14.0,12.5,253,8.8,18.0,15,823.90910524266,492.947,32.9361218819563,PQ20/16
0.2,40,26.5,0.503,24.8,16.1,2.35,19.0,15.5,53,12.0,22.5,26,512.004102109844,324.594,225.174011384956,PQ26/25
0.121,30,50.0,1.552,50.0,36.1,12.68,32.5,31.5,242,20.0,44.0,11,5794.0594757195,20765.5,41.0466042839729,PQ50/50
0.077,500,32.0,1.687,20.5,11.5,4.81,22.0,19.0,589,13.4,27.5,10,3972.4033070382097,994.974,14.6282030070097,PQ32/20
0.079,400,32.0,1.894,30.4,21.3,5.57,22.0,19.0,563,13.4,27.5,10,2687.91564917005,1768.2,13.9126072541238,PQ32/30
0.11,120,20.5,0.7,20.2,14.3,3.48,14.0,12.5,293,8.8,18.0,13,1014.7692494049,984.129,24.4546928033029,PQ20/20
0.2,20,40.5,0.687,39.8,29.5,8.58,28.0,28.0,51,14.9,37.0,10,975.5078433932471,963.116,38.9122680339756,PQ40/40
0.15,500,50.0,0.371,40.0,26.1,5.92,32.0,31.5,58,20.0,44.0,8,242.31605709749098,1679.52,72.1691554845621,PQ50/40
0.126,20,26.5,1.405,20.2,11.5,5.79,19.0,15.5,221,12.0,22.5,22,4256.04142738847,2459.02,66.672283647476,PQ26/20
0.085,300,26.5,2.291,20.2,11.5,7.37,19.0,15.5,489,12.0,22.5,9,4241.00629787612,647.562,7.39114736832786,PQ26/20
0.107,20,16.4,2.263,11.6,6.7,3.3,11.2,9.6,307,7.0,14.4,40,6494.48762339138,477.71799999999996,56.2632526600507,PQ16/11.6
0.082,300,32.0,2.055,30.4,21.3,2.75,22.0,19.0,521,13.4,27.5,24,6523.08022667169,2045.75,75.152217238448,PQ32/30
0.086,50,16.4,1.529,11.6,6.7,1.15,11.2,9.6,479,7.0,14.4,39,1901.07636954711,149.556,74.3505720206516,PQ16/11.6
0.14,300,50.0,1.485,50.0,36.1,6.09,32.5,31.5,179,20.0,44.0,21,14220.1062597973,10462.7,154.935874300891,PQ50/50
0.078,300,16.4,0.772,11.6,6.7,3.44,11.2,9.6,577,7.0,14.4,7,647.380621743847,181.774,4.21080207294409,PQ16/11.6
0.173,30,40.5,2.441,39.8,29.5,2.48,28.0,28.0,118,14.9,37.0,83,13721.1591832913,3375.23,998.2473687989,PQ40/40
0.126,180,40.5,0.967,30.3,20.0,4.02,28.0,28.0,224,14.9,37.0,22,5940.98749484975,5744.73,141.12802158226,PQ40/30
0.086,180,26.5,2.474,20.2,11.5,2.63,19.0,15.5,475,12.0,22.5,29,10174.808094402999,740.62,71.8897144793868,PQ26/20
0.08,60,20.5,1.591,16.2,10.3,0.91,14.0,12.5,555,8.8,18.0,49,2085.66520129619,397.884,174.503567637207,PQ20/16
0.079,350,26.5,2.325,20.2,11.5,4.39,19.0,15.5,563,12.0,22.5,16,9411.35240754134,918.461,23.0799904782092,PQ26/20
0.083,20,16.4,1.377,11.6,6.7,0.71,11.2,9.6,508,7.0,14.4,57,966.900560659093,159.443,173.301182471066,PQ16/11.6
0.141,120,35.1,2.443,34.8,25.0,14.43,26.0,23.5,177,14.3,32.0,15,14590.9991690912,6397.12,29.465821846086097,PQ35/35
0.177,10,32.0,1.019,20.5,11.5,0.66,22.0,19.0,113,13.4,27.5,135,4094.54919900445,750.24,4063.57345347508,PQ32/20
0.093,350,32.0,1.465,30.4,21.3,2.43,22.0,19.0,411,13.4,27.5,17,2268.25023194952,763.252,49.2306465216293,PQ32/30
0.086,300,26.5,1.622,20.2,11.5,7.23,19.0,15.5,479,12.0,22.5,7,2145.86409128431,654.681,5.97974436954884,PQ26/20
0.166,200,40.5,2.363,39.8,29.5,13.79,28.0,28.0,128,14.9,37.0,16,20042.5591692525,4997.1,38.014581479138,PQ40/40
0.139,100,20.5,0.323,16.2,10.3,3.82,14.0,12.5,183,8.8,18.0,8,314.125675884466,632.237,17.553490714780402,PQ20/16
0.098,80,26.5,1.153,24.8,16.1,1.43,19.0,15.5,364,12.0,22.5,50,6385.03019054203,2779.21,414.782173696192,PQ26/25
0.117,80,65.0,2.475,60.0,42.0,1.57,45.0,40.8,259,26.0,55.0,100,25239.5758530141,18737.4,3708.62775699054,PQ65/60
0.194,120,65.0,2.199,60.0,42.0,13.15,45.0,40.8,94,26.0,55.0,20,22411.7241708814,14143.9,163.348125152786,PQ65/60
0.138,120,40.5,1.72,30.3,20.0,6.45,28.0,28.0,185,14.9,37.0,25,14294.349729961,5782.4400000000005,114.992293209613,PQ40/30
0.097,500,40.5,1.758,30.3,20.0,7.64,28.0,28.0,377,14.9,37.0,13,11590.2671392508,5755.59,30.5312486023774,PQ40/30
0.16,50,50.0,1.683,40.0,26.1,9.45,32.0,31.5,138,20.0,44.0,16,4529.15400502775,5961.72,80.0032110994918,PQ50/40
0.099,180,20.5,0.475,20.2,14.3,3.48,14.0,12.5,358,8.8,18.0,8,357.303513338608,907.5029999999999,12.7277666752317,PQ20/20
0.088,150,20.5,1.341,16.2,10.3,2.48,14.0,12.5,453,8.8,18.0,17,1637.85970906201,340.893,24.1422909532999,PQ20/16
0.166,200,26.5,0.488,20.2,11.5,7.65,19.0,15.5,128,12.0,22.5,6,1083.43760128096,669.237,12.2249968103416,PQ26/20
0.152,60,32.0,1.639,20.5,11.5,3.91,22.0,19.0,152,13.4,27.5,36,15027.6087468354,1508.15,194.407407704206,PQ32/20
0.078,250,40.5,2.436,30.3,20.0,5.91,28.0,28.0,580,14.9,37.0,13,3524.73201477986,3317.8,23.7024185550842,PQ40/30
0.106,40,40.5,1.341,39.8,29.5,8.93,28.0,28.0,314,14.9,37.0,9,1890.65212172512,5716.84,18.4616017654866,PQ40/40
0.2,50,50.0,0.401,40.0,26.1,3.19,32.0,31.5,81,20.0,44.0,16,402.594446385114,3135.68,269.710727219766,PQ50/40
0.14,100,40.5,2.415,30.3,20.0,5.9,28.0,28.0,180,14.9,37.0,36,27992.5920120143,5693.38,183.202465861215,PQ40/30
0.112,250,32.0,1.172,20.5,11.5,4.5,22.0,19.0,282,13.4,27.5,15,6293.94669508039,1431.75,44.5797468966969,PQ32/20
0.105,150,40.5,0.893,39.8,29.5,2.38,28.0,28.0,321,14.9,37.0,22,1292.0177248124,4409.82,151.741517850353,PQ40/40
0.065,350,40.5,0.385,39.8,29.5,0.82,28.0,28.0,35,14.9,37.0,55,33.7248070871106,320.09,1906.7667415211101,PQ40/40
0.078,80,20.5,2.123,20.2,14.3,1.31,14.0,12.5,583,8.8,18.0,46,3570.20105564359,748.484,127.142403423154,PQ20/20
0.2,400,65.0,2.25,60.0,42.0,18.92,45.0,40.8,31,26.0,55.0,14,6632.68266046205,1799.03,78.5624623908735,PQ65/60
0.094,200,26.5,2.12,24.8,16.1,5.94,19.0,15.5,397,12.0,22.5,22,21209.9489761927,4384.85,48.938323229431994,PQ26/25
0.151,150,32.0,0.896,20.5,11.5,5.11,22.0,19.0,154,13.4,27.5,15,4914.40832332608,1185.68,55.9020438008927,PQ32/20
0.074,200,20.5,0.191,20.2,14.3,0.73,14.0,12.5,376,8.8,18.0,16,46.1529246169145,771.316,110.18628172674201,PQ20/20
0.085,100,16.4,0.516,11.6,6.7,0.78,11.2,9.6,485,7.0,14.4,19,222.61164938143,88.417,43.351081899561805,PQ16/11.6
0.121,200,40.5,0.837,39.8,29.5,3.81,28.0,28.0,241,14.9,37.0,19,2779.01295804272,7007.18,119.492270436152,PQ40/40
0.106,100,32.0,1.235,30.4,21.3,3.42,22.0,19.0,313,13.4,27.5,21,2572.49488478137,2907.36,86.2061204253266,PQ32/30
0.13,180,40.5,1.042,39.8,29.5,3.97,28.0,28.0,210,14.9,37.0,25,6171.28392798165,7830.9,173.803800794616,PQ40/40
0.151,60,50.0,1.753,50.0,36.1,15.82,32.5,31.5,154,20.0,44.0,10,4250.49205152789,9789.61,30.7760028495323,PQ50/50
0.2,40,40.5,2.187,30.3,20.0,14.35,28.0,28.0,62,14.9,37.0,18,6355.32289846949,1602.87,49.4496344525553,PQ40/30
0.146,60,26.5,1.16,20.2,11.5,5.56,19.0,15.5,165,12.0,22.5,20,6163.45605808459,1530.18,64.705709956399,PQ26/20
0.096,50,16.4,0.277,11.6,6.7,0.53,11.2,9.6,382,7.0,14.4,31,228.55586838923,314.24600000000004,195.850161004242,PQ16/11.6
0.164,100,40.5,1.192,30.3,20.0,4.04,28.0,28.0,131,14.9,37.0,25,4817.45559439458,1956.12,153.863808216557,PQ40/30
0.138,60,40.5,1.147,30.3,20.0,1.52,28.0,28.0,184,14.9,37.0,64,6698.74426705118,3556.2200000000003,1039.63897576699,PQ40/30
0.105,600,40.5,2.112,39.8,29.5,9.41,28.0,28.0,322,14.9,37.0,13,15240.9530119366,7301.75,27.256325600775,PQ40/40
0.103,500,40.5,1.347,30.3,20.0,6.98,28.0,28.0,335,14.9,37.0,12,7865.4537343659,5212.7,32.1207453829707,PQ40/30
0.2,80,40.5,1.137,30.3,20.0,10.28,28.0,28.0,86,14.9,37.0,13,3676.55394493737,2041.5,43.2347758699151,PQ40/30
0.108,180,40.5,2.289,39.8,29.5,3.91,28.0,28.0,301,14.9,37.0,35,14949.7526260975,7355.2,186.042945599694,PQ40/40
0.2,10,26.5,2.156,20.2,11.5,3.18,19.0,15.5,69,12.0,22.5,84,14216.2373870393,755.473,678.138032493785,PQ26/20
0.095,350,26.5,0.682,24.8,16.1,3.35,19.0,15.5,389,12.0,22.5,12,2192.03309053994,2149.66,36.966858385076,PQ26/25
0.077,250,32.0,1.499,30.4,21.3,1.47,22.0,19.0,600,13.4,27.5,33,4338.09349585021,2230.9199999999996,182.13003743321198,PQ32/30
0.082,60,50.0,1.143,40.0,26.1,5.18,32.0,31.5,528,20.0,44.0,7,665.269912840287,3729.4900000000002,21.020223918611,PQ50/40
0.153,350,50.0,1.868,40.0,26.1,16.41,32.0,31.5,151,20.0,44.0,11,21929.8843210422,8939.769999999999,34.7303360395399,PQ50/40
0.142,120,32.0,1.046,30.4,21.3,7.76,22.0,19.0,176,13.4,27.5,12,3077.19396128137,2817.44,32.2325763398493,PQ32/30
0.077,10,107.0,1.703,87.0,56.0,1.76,70.0,72.5,590,41.0,93.7,30,4080.41197092785,31797.7,1037.26262745042,PQ107/87
0.114,120,65.0,1.923,60.0,42.0,19.12,45.0,40.8,271,26.0,55.0,6,3381.07890729555,15140.6,16.3666200269979,PQ65/60
0.16,150,50.0,2.412,50.0,36.1,8.3,32.5,31.5,138,20.0,44.0,26,24362.726170317997,9442.39,162.079025270149,PQ50/50
0.139,400,65.0,1.169,60.0,42.0,4.62,45.0,40.8,44,26.0,55.0,29,1725.1774329703999,2355.73,576.765162198077,PQ65/60
0.084,300,32.0,0.643,30.4,21.3,1.14,22.0,19.0,506,13.4,27.5,17,452.00269649873496,883.536,96.3622521462792,PQ32/30
0.119,300,50.0,1.812,50.0,36.1,9.51,32.5,31.5,250,20.0,44.0,18,21912.4204821397,27248.8,97.0802061399448,PQ50/50
0.123,60,32.0,1.492,20.5,11.5,5.5,22.0,19.0,232,13.4,27.5,25,10549.0937440354,3737.92,101.31756478925999,PQ32/20
0.124,20,35.1,0.998,34.8,25.0,1.28,26.0,23.5,228,14.3,32.0,72,2467.83568447056,6757.19,1367.61097939094,PQ35/35
0.113,200,40.5,2.236,39.8,29.5,5.38,28.0,28.0,274,14.9,37.0,26,12932.6171956209,6913.86,104.535802292079,PQ40/40
0.121,120,35.1,1.762,34.8,25.0,7.64,26.0,23.5,242,14.3,32.0,21,11623.8446274349,9939.24,74.30061416748,PQ35/35
0.092,500,40.5,1.287,30.3,20.0,4.22,28.0,28.0,421,14.9,37.0,9,1241.86553420773,1059.34,18.724271405457902,PQ40/30
0.099,10,32.0,2.174,20.5,11.5,5.2,22.0,19.0,358,13.4,27.5,25,6728.17010741836,3219.9399999999996,74.1849998104538,PQ32/20
0.081,180,32.0,0.575,30.4,21.3,0.89,22.0,19.0,262,13.4,27.5,41,551.61640337327,1820.16,616.005606027187,PQ32/30
0.149,20,26.5,2.21,20.2,11.5,4.27,19.0,15.5,159,12.0,22.5,47,14469.7315172624,1619.5,207.909073378561,PQ26/20
0.084,500,26.5,1.458,24.8,16.1,3.56,19.0,15.5,505,12.0,22.5,12,3414.5133374347897,771.738,19.7313664215118,PQ26/25
0.103,180,35.1,2.101,34.8,25.0,3.84,26.0,23.5,334,14.3,32.0,35,19038.4162517317,8019.33,180.041888013322,PQ35/35
0.131,500,50.0,1.381,40.0,26.1,9.58,32.0,31.5,205,20.0,44.0,13,17769.2534786562,11307.9,62.0712869832903,PQ50/40
0.085,80,20.5,1.712,20.2,14.3,1.34,14.0,12.5,484,8.8,18.0,36,1850.11815643319,459.228,92.3087714801344,PQ20/20
0.106,180,32.0,1.543,20.5,11.5,4.09,22.0,19.0,312,13.4,27.5,24,14530.0644857564,2525.62,90.7738624300629,PQ32/20
0.198,50,32.0,1.172,20.5,11.5,6.42,22.0,19.0,90,13.4,27.5,22,8242.4773326416,1181.79,95.9151063495971,PQ32/20
0.081,600,32.0,2.298,30.4,21.3,5.85,22.0,19.0,544,13.4,27.5,12,7445.53427965357,2058.78,17.2168553157615,PQ32/30
0.084,200,20.5,0.863,20.2,14.3,1.53,14.0,12.5,497,8.8,18.0,16,577.585546893272,325.357,31.2761752984717,PQ20/20
0.084,80,40.5,1.986,30.3,20.0,7.32,28.0,28.0,499,14.9,37.0,8,1129.42412047038,1865.81,10.5122732835429,PQ40/30
0.106,60,26.5,0.766,24.8,16.1,2.44,19.0,15.5,314,12.0,22.5,18,769.169429295957,1421.13,75.40161901533999,PQ26/25
0.2,80,50.0,1.013,50.0,36.1,3.94,32.5,31.5,31,20.0,44.0,32,892.961663156796,905.125,491.101099934616,PQ50/50
0.082,250,20.5,0.782,20.2,14.3,2.26,14.0,12.5,524,8.8,18.0,10,395.115652223694,356.199,13.2222773872438,PQ20/20
0.2,120,50.0,0.521,40.0,26.1,2.98,32.0,31.5,36,20.0,44.0,21,337.205476274201,665.411,369.86973672776,PQ50/40
0.101,40,50.0,1.766,40.0,26.1,10.4,32.0,31.5,344,20.0,44.0,10,3963.29611597028,10822.0,30.0105885386792,PQ50/40
0.081,50,32.0,1.191,30.4,21.3,2.94,22.0,19.0,544,13.4,27.5,13,482.693015801849,1586.83,33.9830342377494,PQ32/30
0.087,500,26.5,1.797,20.2,11.5,5.73,19.0,15.5,466,12.0,22.5,10,6079.18919519985,683.135,11.2003063665426,PQ26/20
0.185,180,32.0,0.632,30.4,21.3,6.85,22.0,19.0,103,13.4,27.5,8,1030.0950019838099,780.6999999999999,21.6838978259479,PQ32/30
0.122,10,35.1,1.162,34.8,25.0,3.21,26.0,23.5,237,14.3,32.0,31,2420.68723182811,6466.98,224.411223470473,PQ35/35
0.088,80,32.0,2.161,30.4,21.3,6.35,22.0,19.0,453,13.4,27.5,11,1429.46107037355,1644.11,15.171036805796401,PQ32/30
0.112,10,20.5,1.851,20.2,14.3,3.12,14.0,12.5,279,8.8,18.0,38,2916.35861089272,1537.01,96.7770732259995,PQ20/20
0.109,80,32.0,1.557,30.4,21.3,1.67,22.0,19.0,295,13.4,27.5,57,9028.66613465958,3375.27,527.680937538086,PQ32/30
0.125,60,65.0,2.277,60.0,42.0,6.31,45.0,40.8,227,26.0,55.0,33,13142.2760305828,36416.0,431.708593739234,PQ65/60
0.195,50,65.0,2.233,60.0,42.0,12.45,45.0,40.8,93,26.0,55.0,23,14957.6132811886,16668.3,213.314602831375,PQ65/60
0.155,200,50.0,1.935,50.0,36.1,13.7,32.5,31.5,147,20.0,44.0,13,11726.4132278632,10007.2,48.1214395790072,PQ50/50
0.2,180,40.5,0.902,30.3,20.0,10.83,28.0,28.0,87,14.9,37.0,10,3965.36430267806,1973.75,30.8636649889458,PQ40/30
0.103,30,20.5,2.158,16.2,10.3,2.82,14.0,12.5,334,8.8,18.0,47,8535.42282559031,1454.96,125.16305223656799,PQ20/16
0.135,20,20.5,2.198,20.2,14.3,3.88,14.0,12.5,195,8.8,18.0,53,12768.5974181276,2301.7799999999997,164.477458917036,PQ20/20
0.089,400,26.5,2.191,24.8,16.1,6.21,19.0,15.5,446,12.0,22.5,11,5821.0523794396,900.83,11.8999073741311,PQ26/25
0.087,120,20.5,2.214,20.2,14.3,2.65,14.0,12.5,468,8.8,18.0,24,3102.2848136229204,529.171,33.4954270514897,PQ20/20
0.115,60,32.0,1.539,30.4,21.3,4.44,22.0,19.0,266,13.4,27.5,22,3141.8521838659103,3048.31,79.4038897809571,PQ32/30
0.087,100,26.5,2.213,24.8,16.1,1.39,19.0,15.5,470,12.0,22.5,51,7351.78572405039,1065.43,253.76249678697098,PQ26/25
0.2,250,50.0,0.891,50.0,36.1,8.83,32.5,31.5,84,20.0,44.0,12,4360.05114206647,4691.3099999999995,76.7804662462079,PQ50/50
0.085,500,40.5,0.336,39.8,29.5,1.97,28.0,28.0,144,14.9,37.0,15,89.2531355139335,1908.1,158.865129562672,PQ40/40
0.116,120,40.5,2.421,30.3,20.0,4.01,28.0,28.0,261,14.9,37.0,37,16607.1691982798,4427.42,192.889197516287,PQ40/30
0.077,40,26.5,1.302,20.2,11.5,2.55,19.0,15.5,598,12.0,22.5,16,705.103255655208,887.8439999999999,37.5767969276344,PQ26/20
0.2,80,50.0,2.065,40.0,26.1,7.86,32.0,31.5,23,20.0,44.0,30,2231.56177316774,460.438,238.364219080487,PQ50/40
0.077,600,26.5,1.777,24.8,16.1,5.17,19.0,15.5,589,12.0,22.5,11,6220.53116064054,1445.54,14.1109067292611,PQ26/25
0.106,60,20.5,1.593,20.2,14.3,3.3,14.0,12.5,315,8.8,18.0,28,4203.69736276156,1343.21,59.0735184815707,PQ20/20
0.142,200,32.0,0.696,20.5,11.5,6.79,22.0,19.0,175,13.4,27.5,9,2573.08984868643,1461.83,24.9591676652458,PQ32/20
0.16,350,50.0,0.302,40.0,26.1,3.04,32.0,31.5,66,20.0,44.0,12,231.721011307586,1725.19,194.359368263498,PQ50/40
0.092,100,32.0,1.167,30.4,21.3,1.52,22.0,19.0,419,13.4,27.5,22,601.108541708239,737.2109999999999,98.8825682281335,PQ32/30
0.098,250,20.5,0.084,20.2,14.3,1.51,14.0,12.5,32,8.8,18.0,7,3.7646070696461997,42.172399999999996,43.0147271847929,PQ20/20
0.084,150,20.5,1.065,16.2,10.3,2.26,14.0,12.5,497,8.8,18.0,15,970.589230723304,370.64,22.675296316302198,PQ20/16
0.087,400,26.5,1.403,20.2,11.5,3.35,19.0,15.5,462,12.0,22.5,12,2961.31480810607,454.868,19.854791187493902,PQ26/20
0.077,40,16.4,2.368,11.6,6.7,1.19,11.2,9.6,596,7.0,14.4,59,4889.325376306279,270.09499999999997,117.646716915338,PQ16/11.6
0.086,350,20.5,0.416,20.2,14.3,1.66,14.0,12.5,481,8.8,18.0,8,153.203198390611,292.545,14.2064162800299,PQ20/20
0.085,600,35.1,1.177,34.8,25.0,5.55,26.0,23.5,485,14.3,32.0,6,725.798009283914,1290.09,8.317466106427169,PQ35/35
0.082,120,35.1,1.263,34.8,25.0,3.75,26.0,23.5,527,14.3,32.0,10,448.042008991449,1752.38,21.8368805715625,PQ35/35
0.083,500,32.0,0.856,30.4,21.3,1.63,22.0,19.0,509,13.4,27.5,15,1015.15659959544,886.185,59.2008270226873,PQ32/30
0.084,250,20.5,0.556,20.2,14.3,2.39,14.0,12.5,503,8.8,18.0,7,159.415931744506,309.833,8.54489094571103,PQ20/20
0.108,600,50.0,2.133,40.0,26.1,10.52,32.0,31.5,304,20.0,44.0,13,24936.0465505993,11919.1,43.5675963201409,PQ50/40
0.151,250,40.5,2.086,30.3,20.0,14.08,28.0,28.0,155,14.9,37.0,13,19333.6043890864,3956.87,26.751673150629998,PQ40/30
0.2,30,26.5,2.257,24.8,16.1,7.26,19.0,15.5,65,12.0,22.5,35,11217.538839434,761.742,117.730964250088,PQ26/25
0.095,300,26.5,0.349,24.8,16.1,1.25,19.0,15.5,310,12.0,22.5,16,387.338187319141,1020.48,116.683945591863,PQ26/25
0.155,50,20.5,0.668,20.2,14.3,3.88,14.0,12.5,146,8.8,18.0,16,1014.2163801194,688.597,38.5040084844235,PQ20/20
0.102,30,26.5,0.772,20.2,11.5,3.02,19.0,15.5,336,12.0,22.5,16,754.157825570266,1577.26,58.4690483945494,PQ26/20
0.116,80,32.0,0.635,20.5,11.5,1.06,22.0,19.0,262,13.4,27.5,35,1449.31061207116,1018.53,408.125255980868,PQ32/20
0.14,100,20.5,0.389,20.2,14.3,3.42,14.0,12.5,181,8.8,18.0,11,505.784046994586,889.351,28.440951123757202,PQ20/20
0.139,30,26.5,0.226,24.8,16.1,0.66,19.0,15.5,183,12.0,22.5,30,123.618893855523,1036.81,601.685381036181,PQ26/25
0.092,600,40.5,1.729,30.3,20.0,9.2,28.0,28.0,414,14.9,37.0,6,2018.2418047338201,1494.32,6.59035905541728,PQ40/30
0.077,50,50.0,2.288,40.0,26.1,4.38,32.0,31.5,596,20.0,44.0,16,1912.64516349935,6010.93,62.3671355748097,PQ50/40
0.124,350,40.5,1.009,39.8,29.5,11.22,28.0,28.0,228,14.9,37.0,8,3190.79347833547,7446.81,18.2469026363992,PQ40/40
0.13,100,50.0,1.286,40.0,26.1,1.82,32.0,31.5,208,20.0,44.0,67,17519.419493079902,12786.9,1748.73027507834,PQ50/40
0.125,30,20.5,1.8,20.2,14.3,3.39,14.0,12.5,227,8.8,18.0,47,10380.2424802313,2367.93,151.435738593634,PQ20/20
0.112,250,26.5,0.622,20.2,11.5,3.86,19.0,15.5,281,12.0,22.5,10,1551.33582668369,1031.09,27.4804341502525,PQ26/20
0.122,300,40.5,0.937,39.8,29.5,4.17,28.0,28.0,239,14.9,37.0,20,5837.35505048909,7888.89,120.977086744393,PQ40/40
0.175,300,107.0,2.383,87.0,56.0,4.94,70.0,72.5,88,41.0,93.7,56,70065.67601366,36351.2,2735.72071030606,PQ107/87
0.101,500,32.0,1.228,20.5,11.5,7.94,22.0,19.0,346,13.4,27.5,9,8369.1223315482,2176.1400000000003,15.4394869158276,PQ32/20
0.103,50,16.4,0.69,11.6,6.7,1.56,11.2,9.6,331,7.0,14.4,25,1035.50561684761,303.237,58.9166119653553,PQ16/11.6
0.081,200,26.5,0.94,20.2,11.5,1.18,19.0,15.5,542,12.0,22.5,24,1592.34524761391,586.585,111.250047430404,PQ26/20
0.2,10,65.0,1.737,60.0,42.0,7.92,45.0,40.8,78,26.0,55.0,28,8158.52462825765,10586.8,387.535961854495,PQ65/60
0.082,350,32.0,0.812,30.4,21.3,1.61,22.0,19.0,525,13.4,27.5,16,857.515913196269,1203.87,70.32954646095381,PQ32/30
0.113,50,65.0,1.568,60.0,42.0,14.37,45.0,40.8,276,26.0,55.0,7,3944.2280037005203,17115.8,26.2990731006306,PQ65/60
0.104,300,65.0,1.427,60.0,42.0,7.51,45.0,40.8,326,26.0,55.0,12,4191.98524760636,21470.7,83.51400517128569,PQ65/60
0.086,150,32.0,1.74,30.4,21.3,2.4,22.0,19.0,473,13.4,27.5,23,2302.75583148481,1489.21,78.67831827454839,PQ32/30
0.079,10,20.5,2.466,16.2,10.3,1.6,14.0,12.5,559,8.8,18.0,44,1556.66354991747,518.988,97.96751496086179,PQ20/16
0.077,150,26.5,2.103,24.8,16.1,1.53,19.0,15.5,590,12.0,22.5,40,6341.41550480436,1229.91,162.734827933253,PQ26/25
0.2,30,26.5,1.256,20.2,11.5,4.81,19.0,15.5,56,12.0,22.5,33,4351.267646313379,439.791,164.855491322725,PQ26/20
0.077,350,35.1,1.898,34.8,25.0,6.26,26.0,23.5,599,14.3,32.0,9,1842.38669950982,2882.3,12.862205313356,PQ35/35
0.127,250,40.5,2.315,39.8,29.5,12.21,28.0,28.0,218,14.9,37.0,18,27795.8630489548,13687.0,48.8641966632045,PQ40/40
0.077,200,26.5,0.888,20.2,11.5,0.92,19.0,15.5,588,12.0,22.5,31,2005.6161299716,788.196,194.726836798394,PQ26/20
0.172,40,26.5,1.387,20.2,11.5,7.09,19.0,15.5,119,12.0,22.5,18,5017.26691047351,818.891,45.1507170886298,PQ26/20
0.117,150,26.5,0.807,24.8,16.1,2.18,19.0,15.5,259,12.0,22.5,21,2150.24594948312,985.327,98.2792060412793,PQ26/25
0.081,20,32.0,0.654,30.4,21.3,1.33,22.0,19.0,542,13.4,27.5,15,184.951215349142,1042.24,73.9831043971989,PQ32/30
0.124,180,40.5,1.084,30.3,20.0,7.94,28.0,28.0,231,14.9,37.0,12,3908.04844535318,5676.74,38.2662079736808,PQ40/30
0.097,60,107.0,1.92,87.0,56.0,4.34,70.0,72.5,373,41.0,93.7,26,4071.77207629636,78712.7,704.660456959877,PQ107/87
0.088,20,16.4,1.528,11.6,6.7,1.55,11.2,9.6,457,7.0,14.4,29,733.355666517596,138.236,41.132593543912,PQ16/11.6
0.079,10,26.5,2.067,24.8,16.1,1.95,19.0,15.5,572,12.0,22.5,33,1718.87088757204,1380.72,112.308765988673,PQ26/25
0.17,50,65.0,2.449,60.0,42.0,19.38,45.0,40.8,122,26.0,55.0,11,7531.54358701088,10714.9,45.2933678398167,PQ65/60
0.104,400,65.0,2.418,60.0,42.0,13.93,45.0,40.8,329,26.0,55.0,10,10595.587800977899,22244.1,37.7728812465037,PQ65/60
0.141,100,32.0,1.427,30.4,21.3,6.98,22.0,19.0,177,13.4,27.5,19,7687.44448801061,3747.58,62.9514569763819,PQ32/30
0.164,300,65.0,2.149,60.0,42.0,7.23,45.0,40.8,131,26.0,55.0,28,44082.2738090591,13872.2,325.992535363319,PQ65/60
0.084,600,32.0,2.302,30.4,21.3,5.86,22.0,19.0,504,13.4,27.5,12,7439.59793805998,1803.87,17.188422147013704,PQ32/30
0.148,120,40.5,0.169,39.8,29.5,1.32,28.0,28.0,156,14.9,37.0,11,37.400566854504,1577.98,152.694985212593,PQ40/40
0.132,350,40.5,0.334,39.8,29.5,2.05,28.0,28.0,202,14.9,37.0,15,645.173532904606,3973.15,159.719155468922,PQ40/40
0.081,200,20.5,1.178,20.2,14.3,3.73,14.0,12.5,543,8.8,18.0,10,874.719321737431,614.542,9.54832734913635,PQ20/20
0.196,10,107.0,1.014,87.0,56.0,11.68,70.0,72.5,92,41.0,93.7,10,9196.34738447254,27712.2,180.03379427929102,PQ107/87
0.108,50,20.5,1.619,16.2,10.3,3.48,14.0,12.5,303,8.8,18.0,29,5402.4402643905,1103.59,60.3401620015564,PQ20/16
0.086,20,20.5,2.047,20.2,14.3,1.39,14.0,12.5,476,8.8,18.0,45,1209.2120699787702,609.1370000000001,125.285518720819,PQ20/20
0.108,40,20.5,1.91,20.2,14.3,2.4,14.0,12.5,300,8.8,18.0,47,6559.97230864489,1445.72,144.430467447802,PQ20/20
0.096,300,50.0,0.439,50.0,36.1,0.84,32.5,31.5,195,20.0,44.0,44,643.169991261573,6723.19,1873.31558222788,PQ50/50
0.092,200,20.5,1.234,16.2,10.3,3.81,14.0,12.5,421,8.8,18.0,10,1110.84781033997,271.965,8.93902482299233,PQ20/16
0.107,180,26.5,0.931,20.2,11.5,2.91,19.0,15.5,307,12.0,22.5,19,4230.84129155725,1259.81,70.28979311767169,PQ26/20
0.08,10,20.5,1.432,16.2,10.3,1.3,14.0,12.5,553,8.8,18.0,34,692.963535674066,483.087,91.5979524325269,PQ20/16
0.125,500,65.0,1.582,60.0,42.0,6.95,45.0,40.8,227,26.0,55.0,20,25835.9859932189,27343.3,213.336849789139,PQ65/60
0.097,350,20.5,0.355,16.2,10.3,3.34,14.0,12.5,378,8.8,18.0,6,332.522035971272,635.337,9.08304842761751,PQ20/16
0.115,100,26.5,2.457,20.2,11.5,5.64,19.0,15.5,268,12.0,22.5,25,17224.8371862523,1360.01,53.7590960728838,PQ26/20
0.119,180,26.5,0.977,20.2,11.5,7.55,19.0,15.5,248,12.0,22.5,12,7240.92464095987,2776.19,26.93978655715,PQ26/20
0.181,250,50.0,1.259,40.0,26.1,7.71,32.0,31.5,108,20.0,44.0,14,7342.22614163448,2944.83,77.6931059435709,PQ50/40
0.169,150,32.0,0.463,20.5,11.5,4.32,22.0,19.0,124,13.4,27.5,10,1089.34873885107,799.774,43.8958414681361,PQ32/20
0.089,120,20.5,0.769,20.2,14.3,0.92,14.0,12.5,448,8.8,18.0,24,435.82504015794,262.773,77.1725024659451,PQ20/20
0.2,120,40.5,1.419,39.8,29.5,9.13,28.0,28.0,74,14.9,37.0,18,5780.27305519285,2283.57,70.81428143263011,PQ40/40
0.129,20,20.5,1.457,20.2,14.3,1.99,14.0,12.5,211,8.8,18.0,67,7051.23478236826,1986.76,363.239132078411,PQ20/20
0.079,600,26.5,1.657,24.8,16.1,4.41,19.0,15.5,563,12.0,22.5,11,4638.196949364839,1016.56,14.9360145742975,PQ26/25
0.162,80,32.0,1.381,20.5,11.5,7.28,22.0,19.0,135,13.4,27.5,17,7813.0239437019,1259.59,49.9890346937711,PQ32/20
0.084,200,26.5,1.08,24.8,16.1,2.16,19.0,15.5,498,12.0,22.5,16,1219.85978088645,811.129,44.7793488973448,PQ26/25
0.105,350,40.5,2.005,39.8,29.5,11.57,28.0,28.0,323,14.9,37.0,10,6448.765109707941,6990.9,16.7678656922595,PQ40/40
0.097,600,32.0,0.957,30.4,21.3,6.97,22.0,19.0,376,13.4,27.5,8,3418.6182946263,3576.14,15.37188209757,PQ32/30
0.124,80,26.5,1.116,24.8,16.1,6.33,19.0,15.5,228,12.0,22.5,17,5235.18576957522,3598.21,49.300770764757,PQ26/25
0.144,200,40.5,1.394,39.8,29.5,6.41,28.0,28.0,170,14.9,37.0,19,7668.69567796674,5077.04,79.8253529354576,PQ40/40
0.2,350,65.0,2.465,60.0,42.0,19.42,45.0,40.8,53,26.0,55.0,15,20719.0680444378,5087.59,83.8754564008815,PQ65/60
0.14,20,20.5,1.712,16.2,10.3,3.08,14.0,12.5,180,8.8,18.0,51,9196.63297608132,1178.0600000000002,178.372879396436,PQ20/16
0.119,300,40.5,0.324,30.3,20.0,2.57,28.0,28.0,249,14.9,37.0,11,490.491124679374,3974.85,88.6753107998336,PQ40/30
0.2,20,65.0,1.956,60.0,42.0,19.72,45.0,40.8,36,26.0,55.0,12,9276.73080568624,2367.01,64.6140030693198,PQ65/60
0.116,600,40.5,1.628,30.3,20.0,12.28,28.0,28.0,263,14.9,37.0,8,8468.7781188673,3414.7599999999998,12.2862486091677,PQ40/30
0.079,120,32.0,1.077,20.5,11.5,0.95,22.0,19.0,565,13.4,27.5,36,1872.91044152815,1006.44,275.671825965866,PQ32/20
0.198,120,65.0,2.257,60.0,42.0,5.41,45.0,40.8,90,26.0,55.0,47,46654.7827533125,11336.9,883.4030384144339,PQ65/60
0.098,40,20.5,0.808,16.2,10.3,1.28,14.0,12.5,366,8.8,18.0,37,1314.7948396002,936.338,173.06803711576,PQ20/16
0.107,40,26.5,2.181,24.8,16.1,1.92,19.0,15.5,307,12.0,22.5,64,11083.9033393269,2195.92,404.763867934169,PQ26/25
0.093,300,32.0,2.242,30.4,21.3,4.09,22.0,19.0,410,13.4,27.5,17,5154.49645048181,1253.93,35.2158561929757,PQ32/30
0.116,180,32.0,2.239,30.4,21.3,7.23,22.0,19.0,263,13.4,27.5,18,11596.998086867,2963.38,39.5168928262276,PQ32/30
0.096,500,107.0,2.452,87.0,56.0,9.59,70.0,72.5,382,41.0,93.7,15,15058.258681854,91726.5,191.378379845169,PQ107/87
0.181,10,32.0,1.737,30.4,21.3,6.59,22.0,19.0,108,13.4,27.5,25,4024.47355951504,1766.02,93.1565981949165,PQ32/30
0.086,150,20.5,0.486,20.2,14.3,1.44,14.0,12.5,477,8.8,18.0,10,102.334125749245,252.28400000000002,19.4809656148316,PQ20/20
0.117,180,32.0,1.417,30.4,21.3,4.82,22.0,19.0,257,13.4,27.5,18,5480.81778851859,2503.73,56.7049114689652,PQ32/30
0.094,100,20.5,1.02,16.2,10.3,2.75,14.0,12.5,400,8.8,18.0,22,3079.08301495987,1272.8,50.5549908870152,PQ20/16
0.095,10,35.1,0.655,34.8,25.0,1.87,26.0,23.5,389,14.3,32.0,21,773.848617718491,4699.0,163.999983613036,PQ35/35
0.101,120,20.5,1.263,20.2,14.3,3.95,14.0,12.5,347,8.8,18.0,18,3273.90502602208,1304.06,29.3098362750803,PQ20/20
0.092,400,32.0,0.806,20.5,11.5,1.92,22.0,19.0,419,13.4,27.5,13,1217.63208673318,484.601,45.8785431765244,PQ32/20
0.082,50,16.4,1.437,11.6,6.7,1.04,11.2,9.6,523,7.0,14.4,42,1946.35224442528,187.389,90.8616508085898,PQ16/11.6
0.2,30,50.0,1.272,50.0,36.1,15.46,32.5,31.5,69,20.0,44.0,10,3016.89676454116,4066.53,39.803579304302005,PQ50/50
0.161,60,32.0,2.156,20.5,11.5,7.54,22.0,19.0,136,13.4,27.5,26,20326.0006184296,1600.43,80.7772249286932,PQ32/20
0.097,50,26.5,1.89,24.8,16.1,7.82,19.0,15.5,374,12.0,22.5,14,3619.10989211006,3130.06,21.7584375794289,PQ26/25
0.084,400,20.5,0.566,20.2,14.3,2.95,14.0,12.5,498,8.8,18.0,6,231.576119836687,336.75,6.186341987270009,PQ20/20
0.135,400,65.0,2.285,60.0,42.0,7.8,45.0,40.8,193,26.0,55.0,26,53974.977098832,25073.2,267.480009719964,PQ65/60
0.183,60,32.0,0.861,30.4,21.3,2.84,22.0,19.0,105,13.4,27.5,26,1985.06937214794,900.671,177.163969483505,PQ32/30
0.092,350,26.5,2.498,20.2,11.5,6.02,19.0,15.5,418,12.0,22.5,13,9450.85341626813,619.416,14.3291972930023,PQ26/20
0.123,40,40.5,1.655,39.8,29.5,10.44,28.0,28.0,235,14.9,37.0,14,4087.4999328009903,10441.3,38.0350648422435,PQ40/40
0.108,40,40.5,1.859,39.8,29.5,11.62,28.0,28.0,303,14.9,37.0,10,3565.2368353825,7323.89,17.7532019429204,PQ40/40
0.081,50,16.4,1.372,11.6,6.7,2.38,11.2,9.6,534,7.0,14.4,18,907.652656709408,204.684,17.3330001374286,PQ16/11.6
0.093,300,32.0,1.712,30.4,21.3,2.4,22.0,19.0,412,13.4,27.5,21,3554.23205625889,948.824,66.42111497021371,PQ32/30
0.102,40,40.5,1.386,30.3,20.0,0.84,28.0,28.0,340,14.9,37.0,105,6123.04824358312,5756.4,2403.4934623080703,PQ40/30
0.096,500,50.0,0.993,40.0,26.1,2.3,32.0,31.5,385,20.0,44.0,25,7426.8381538987,9710.22,301.455959881148,PQ50/40
0.071,600,26.5,0.28,24.8,16.1,1.78,19.0,15.5,159,12.0,22.5,14,93.81352243777489,894.599,108.582657613516,PQ26/25
0.083,200,50.0,1.991,40.0,26.1,0.98,32.0,31.5,512,20.0,44.0,62,7789.855412513521,4159.77,1047.19292791249,PQ50/40
0.081,40,20.5,2.342,16.2,10.3,1.02,14.0,12.5,539,8.8,18.0,70,4545.38261822204,568.778,259.261728380607,PQ20/16
0.157,250,65.0,1.749,60.0,42.0,4.26,45.0,40.8,144,26.0,55.0,35,25758.43409843,11579.6,601.84963188023,PQ65/60
0.079,80,40.5,2.251,39.8,29.5,0.62,28.0,28.0,566,14.9,37.0,108,4968.05764745362,3632.31,1793.64551958956,PQ40/40
0.154,10,26.5,2.105,20.2,11.5,1.38,19.0,15.5,148,12.0,22.5,148,22309.0780140715,1656.93,2148.40132176835,PQ26/20
0.097,180,32.0,0.66,30.4,21.3,6.66,22.0,19.0,377,13.4,27.5,6,518.905631387835,3340.85,11.7505803692585,PQ32/30
0.137,50,26.5,0.844,24.8,16.1,2.31,19.0,15.5,188,12.0,22.5,33,3182.3861029282702,1890.6799999999998,234.020846356756,PQ26/25
0.1,40,20.5,2.172,16.2,10.3,3.18,14.0,12.5,354,8.8,18.0,42,10119.4886686659,1628.3600000000001,99.4280481015127,PQ20/16
0.105,250,32.0,1.529,30.4,21.3,5.19,22.0,19.0,320,13.4,27.5,17,7333.12560231132,3331.41,47.6629004226343,PQ32/30
0.094,400,50.0,0.526,40.0,26.1,1.81,32.0,31.5,224,20.0,44.0,25,1163.71239572085,8027.55,519.077275866374,PQ50/40
0.09,150,20.5,0.246,16.2,10.3,1.24,14.0,12.5,440,8.8,18.0,6,22.8896977541985,139.956,12.4656721056948,PQ20/16
0.126,30,20.5,1.325,16.2,10.3,3.07,14.0,12.5,224,8.8,18.0,37,5559.58557697886,1299.34,115.63064095646,PQ20/16
0.091,30,20.5,1.14,16.2,10.3,3.61,14.0,12.5,423,8.8,18.0,9,342.082628878498,212.877,7.72270441492022,PQ20/16
0.082,150,40.5,1.397,30.3,20.0,3.48,28.0,28.0,529,14.9,37.0,12,716.366313373385,1728.34,31.1992307214836,PQ40/30
0.11,400,32.0,1.024,30.4,21.3,6.38,22.0,19.0,290,13.4,27.5,10,3711.74926038909,2750.87,22.741330420893302,PQ32/30
0.077,20,107.0,2.315,87.0,56.0,1.58,70.0,72.5,598,41.0,93.7,45,2853.97229482687,36244.2,1805.2947682089998,PQ107/87
0.155,150,50.0,0.677,40.0,26.1,2.53,32.0,31.5,30,20.0,44.0,31,279.586214152568,478.305,642.982114247307,PQ50/40
0.12,10,26.5,1.668,24.8,16.1,1.88,19.0,15.5,245,12.0,22.5,79,6482.97921886381,4121.86,766.64119114327,PQ26/25
0.169,80,26.5,1.2,20.2,11.5,6.81,19.0,15.5,124,12.0,22.5,17,7490.47357012963,936.294,45.465752582524196,PQ26/20
0.106,60,26.5,0.247,24.8,16.1,1.66,19.0,15.5,312,12.0,22.5,9,61.1961468409273,1066.49,49.9272508063224,PQ26/25
0.092,350,40.5,2.475,39.8,29.5,7.44,28.0,28.0,421,14.9,37.0,10,2629.48847310285,2349.66,14.3210021480149,PQ40/40
0.2,400,65.0,1.963,60.0,42.0,17.62,45.0,40.8,24,26.0,55.0,13,2992.98525559659,1026.58,75.6572977980241,PQ65/60
0.079,60,20.5,1.717,16.2,10.3,1.6,14.0,12.5,572,8.8,18.0,32,1856.23483354401,515.874,69.9839807440032,PQ20/16
0.132,180,50.0,1.934,50.0,36.1,6.27,32.5,31.5,203,20.0,44.0,29,23804.5884663984,19082.8,239.566982586782,PQ50/50
0.086,40,26.5,1.799,24.8,16.1,1.62,19.0,15.5,478,12.0,22.5,32,1198.24828942121,747.918,118.26378510424,PQ26/25
0.124,100,40.5,0.83,30.3,20.0,1.65,28.0,28.0,230,14.9,37.0,47,5342.10201200022,5904.3,729.670661041284,PQ40/30
0.073,600,26.5,0.439,20.2,11.5,2.3,19.0,15.5,284,12.0,22.5,12,427.383612689784,965.619,53.5763891870539,PQ26/20
0.086,500,32.0,1.48,20.5,11.5,3.9,22.0,19.0,474,13.4,27.5,12,4604.63538357954,832.608,23.4934857013372,PQ32/20
0.113,60,20.5,1.37,20.2,14.3,2.62,14.0,12.5,278,8.8,18.0,30,3317.8751120331,949.393,76.2892556460234,PQ20/20
0.2,50,40.5,1.026,30.3,20.0,3.42,28.0,28.0,58,14.9,37.0,35,2188.11811682027,925.809,340.139210342181,PQ40/30
0.151,60,35.1,1.583,34.8,25.0,3.0,26.0,23.5,154,14.3,32.0,45,8636.561015039939,3460.52,370.776738312834,PQ35/35
0.156,600,50.0,0.206,40.0,26.1,3.95,32.0,31.5,51,20.0,44.0,6,47.7942804778451,834.074,67.7715211828103,PQ50/40
0.132,20,107.0,1.08,87.0,56.0,8.43,70.0,72.5,202,41.0,93.7,11,5926.21272259168,55993.3,205.966767784152,PQ107/87
0.104,80,50.0,2.237,50.0,36.1,8.52,32.5,31.5,327,20.0,44.0,16,4800.908123961271,16193.8,65.0164205662492,PQ50/50
0.089,40,16.4,0.957,11.6,6.7,1.58,11.2,9.6,450,7.0,14.4,18,360.14922452320803,111.633,23.3217758502139,PQ16/11.6
0.08,10,65.0,0.372,60.0,42.0,1.72,45.0,40.8,552,26.0,55.0,7,498.782491376968,5604.15,89.3523211040499,PQ65/60
0.2,80,32.0,0.613,30.4,21.3,7.25,22.0,19.0,43,13.4,27.5,10,355.091239160131,347.907,34.7884322780368,PQ32/30
0.075,180,20.5,0.44,16.2,10.3,0.73,14.0,12.5,508,8.8,18.0,19,168.503116191321,252.256,75.8384436279793,PQ20/16
0.191,60,35.1,0.369,34.8,25.0,1.47,26.0,23.5,97,14.3,32.0,31,698.300848961935,1945.8200000000002,581.39437925651,PQ35/35
0.2,300,50.0,1.156,50.0,36.1,16.08,32.5,31.5,81,20.0,44.0,9,6851.84036648815,5615.23,34.8787672788985,PQ50/50
0.151,20,26.5,1.758,24.8,16.1,6.0,19.0,15.5,154,12.0,22.5,27,5562.69048565399,1983.79,85.8406296317101,PQ26/25
0.095,200,32.0,0.853,20.5,11.5,2.79,22.0,19.0,394,13.4,27.5,19,4040.1809178647595,2835.87,93.4214925079439,PQ32/20
0.082,60,16.4,2.307,11.6,6.7,2.29,11.2,9.6,530,7.0,14.4,29,3372.99409151176,198.985,29.073027380650203,PQ16/11.6
0.105,100,65.0,1.875,60.0,42.0,11.16,45.0,40.8,322,26.0,55.0,10,3366.6865553576,20323.2,46.4039950342255,PQ65/60
0.136,100,32.0,1.844,30.4,21.3,5.86,22.0,19.0,191,13.4,27.5,29,18292.8514430181,4834.24,119.531670573831,PQ32/30
0.093,350,32.0,2.146,30.4,21.3,6.2,22.0,19.0,408,13.4,27.5,10,2862.9901219614,1004.95,12.6112264378682,PQ32/30
0.2,200,50.0,1.805,40.0,26.1,17.72,32.0,31.5,71,20.0,44.0,13,15892.5112566221,4472.5599999999995,49.8834323601572,PQ50/40
0.138,50,26.5,1.247,20.2,11.5,3.11,19.0,15.5,186,12.0,22.5,38,10771.2284538103,1914.49,219.99193404882,PQ26/20
0.085,500,35.1,1.628,34.8,25.0,2.89,26.0,23.5,487,14.3,32.0,17,3487.73445321693,1867.12,51.6691665657649,PQ35/35
0.095,400,35.1,1.325,34.8,25.0,8.5,26.0,23.5,390,14.3,32.0,10,5171.50529803638,8157.93,21.0417349215043,PQ35/35
0.103,100,32.0,0.947,20.5,11.5,1.25,22.0,19.0,333,13.4,27.5,46,5602.69845264244,2033.84,500.966925344756,PQ32/20
0.109,100,26.5,1.887,24.8,16.1,5.62,19.0,15.5,295,12.0,22.5,19,6513.73609368476,1914.08,40.1354774151971,PQ26/25
0.098,50,16.4,0.546,11.6,6.7,1.86,11.2,9.6,369,7.0,14.4,19,683.538162162034,476.246,41.3569848390114,PQ16/11.6
0.079,300,32.0,0.871,20.5,11.5,2.4,22.0,19.0,565,13.4,27.5,11,873.486321625282,815.93,30.7610074817622,PQ32/20
0.134,300,50.0,0.725,40.0,26.1,4.05,32.0,31.5,197,20.0,44.0,16,3676.39658790632,7886.71,161.38232686316502,PQ50/40
0.103,120,40.5,2.408,30.3,20.0,3.41,28.0,28.0,331,14.9,37.0,41,16383.1150181909,5927.2,238.04445563084502,PQ40/30
0.192,150,50.0,1.499,50.0,36.1,7.91,32.5,31.5,96,20.0,44.0,22,14171.053508691599,7237.41,168.898396143324,PQ50/50
0.094,180,26.5,1.42,20.2,11.5,5.14,19.0,15.5,400,12.0,22.5,16,7707.70742787373,2284.64,34.9222859002228,PQ26/20
0.094,60,26.5,2.408,24.8,16.1,5.95,19.0,15.5,403,12.0,22.5,12,1540.45377948879,687.944,13.1111753247509,PQ26/25
0.094,20,20.5,2.487,16.2,10.3,1.77,14.0,12.5,400,8.8,18.0,90,14670.9954831985,2408.22,407.72257508836304,PQ20/16
0.173,250,35.1,1.278,34.8,25.0,13.77,26.0,23.5,118,14.3,32.0,8,4397.43579585886,1930.93,13.8657331950924,PQ35/35
0.081,100,20.5,0.729,20.2,14.3,1.09,14.0,12.5,533,8.8,18.0,21,341.15009601093396,439.49,61.677714234472,PQ20/20
0.102,180,40.5,2.343,39.8,29.5,3.33,28.0,28.0,336,14.9,37.0,40,15927.9349013928,8096.04,238.886602662786,PQ40/40
0.157,200,50.0,1.537,40.0,26.1,9.71,32.0,31.5,144,20.0,44.0,14,9461.75941650656,5943.48,65.9351106074413,PQ50/40
0.078,60,40.5,2.099,30.3,20.0,10.54,28.0,28.0,586,14.9,37.0,6,2048.80944633233,2692.17,5.66293289482715,PQ40/30
0.103,180,26.5,0.298,20.2,11.5,1.24,19.0,15.5,239,12.0,22.5,21,542.2601629957891,1486.93,231.236101379536,PQ26/20
0.2,150,50.0,2.365,50.0,36.1,14.13,32.5,31.5,61,20.0,44.0,20,15824.6319589743,4337.64,97.3844207678044,PQ50/50
0.066,350,40.5,0.305,39.8,29.5,0.8,28.0,28.0,303,14.9,37.0,22,51.5510963132825,2346.21,369.77505617225296,PQ40/40
0.097,350,40.5,1.901,30.3,20.0,5.52,28.0,28.0,377,14.9,37.0,21,17624.0241658032,7411.52,74.9548228275012,PQ40/30
0.2,180,50.0,1.352,40.0,26.1,13.06,32.0,31.5,59,20.0,44.0,13,5678.18740247428,2671.49,63.1958002802017,PQ50/40
0.081,120,40.5,1.547,30.3,20.0,0.88,28.0,28.0,538,14.9,37.0,51,2262.06471488899,1754.01,519.740969201836,PQ40/30
0.2,180,50.0,1.164,40.0,26.1,17.83,32.0,31.5,55,20.0,44.0,8,2442.7508694748303,2065.2599999999998,27.0793141938713,PQ50/40
0.122,400,50.0,1.777,40.0,26.1,8.48,32.0,31.5,238,20.0,44.0,19,34437.0978685298,17037.4,107.88528519581301,PQ50/40
0.082,250,32.0,0.477,30.4,21.3,0.92,22.0,19.0,334,13.4,27.5,31,588.464469699246,2253.84,412.510152402777,PQ32/30
0.081,600,32.0,2.094,20.5,11.5,7.41,22.0,19.0,538,13.4,27.5,8,5646.37882837811,913.722,7.828592035358999,PQ32/20
0.084,60,20.5,2.291,20.2,14.3,3.44,14.0,12.5,502,8.8,18.0,20,1735.38587914348,692.6320000000001,22.6302004946556,PQ20/20
0.13,100,26.5,1.291,24.8,16.1,6.12,19.0,15.5,209,12.0,22.5,19,8290.40031524606,2803.14,54.6594774992491,PQ26/25
0.079,30,107.0,0.932,87.0,56.0,1.46,70.0,72.5,562,41.0,93.7,20,628.830374839277,23582.3,771.928865230129,PQ107/87
0.116,100,50.0,2.125,50.0,36.1,1.5,32.5,31.5,262,20.0,44.0,88,20473.4833407588,10938.8,2046.91494042786,PQ50/50
0.082,10,16.4,1.904,11.6,6.7,0.79,11.2,9.6,522,7.0,14.4,74,1381.98451691984,215.713,222.908459898281,PQ16/11.6
0.079,20,20.5,1.387,16.2,10.3,2.28,14.0,12.5,568,8.8,18.0,19,657.126434919024,510.007,29.382460166759,PQ20/16
0.2,20,26.5,1.43,24.8,16.1,6.62,19.0,15.5,60,12.0,22.5,26,3120.70413123489,624.424,94.1542925133631,PQ26/25
0.2,100,50.0,1.351,40.0,26.1,6.74,32.0,31.5,61,20.0,44.0,25,6325.67328894403,2786.5,233.846659367178,PQ50/40
0.138,400,50.0,0.476,50.0,36.1,5.82,32.5,31.5,32,20.0,44.0,10,109.260172419067,669.131,90.53451870424,PQ50/50
0.088,150,26.5,1.881,20.2,11.5,1.57,19.0,15.5,456,12.0,22.5,34,5345.91392852628,493.327,124.619375094738,PQ26/20
0.112,400,40.5,0.317,39.8,29.5,2.37,28.0,28.0,280,14.9,37.0,8,154.412120371249,2277.05,47.3272760653204,PQ40/40
0.2,20,50.0,2.415,40.0,26.1,2.02,32.0,31.5,73,20.0,44.0,138,24966.8044745521,4233.77,4446.81248882815,PQ50/40
0.126,60,35.1,1.356,34.8,25.0,13.05,26.0,23.5,224,14.3,32.0,10,3380.31426243206,8537.62,20.6810953381034,PQ35/35
0.077,150,107.0,0.592,87.0,56.0,1.08,70.0,72.5,600,41.0,93.7,17,136.71862013424902,22316.9,826.453325205566,PQ107/87
0.113,250,20.5,0.254,16.2,10.3,2.53,14.0,12.5,276,8.8,18.0,6,134.44051789555,370.758,12.146812277298801,PQ20/16
0.111,180,65.0,1.539,60.0,42.0,1.48,45.0,40.8,125,26.0,55.0,90,7386.61929842821,8766.25,4417.67032520158,PQ65/60
0.081,120,20.5,1.581,20.2,14.3,1.56,14.0,12.5,538,8.8,18.0,29,2025.4083847543498,550.531,63.760371170426,PQ20/20
0.2,80,50.0,0.295,40.0,26.1,3.89,32.0,31.5,41,20.0,44.0,9,83.8669197706722,682.407,111.582809432408,PQ50/40
0.144,500,107.0,2.167,87.0,56.0,5.42,70.0,72.5,171,41.0,93.7,37,70600.3123463765,65703.3,1291.59884751576,PQ107/87
0.125,200,26.5,0.708,20.2,11.5,5.01,19.0,15.5,225,12.0,22.5,12,3584.3023158093,1634.96,35.4351659439372,PQ26/20
0.134,80,50.0,1.459,50.0,36.1,5.87,32.5,31.5,198,20.0,44.0,23,5355.7144386501,14898.1,188.495744260334,PQ50/50
0.111,40,16.4,1.139,11.6,6.7,2.34,11.2,9.6,287,7.0,14.4,29,2815.63800097352,338.138,52.4893631315305,PQ16/11.6
0.145,50,32.0,2.035,20.5,11.5,5.25,22.0,19.0,169,13.4,27.5,37,24315.5150891501,2621.62,171.614506934009,PQ32/20
0.2,10,32.0,1.3,20.5,11.5,2.25,22.0,19.0,47,13.4,27.5,68,2288.6109050433,351.798,840.949015140697,PQ32/20
0.106,10,20.5,1.469,20.2,14.3,0.75,14.0,12.5,313,8.8,18.0,116,2748.35352737339,1342.27,1080.88157003481,PQ20/20
0.09,500,32.0,0.953,20.5,11.5,3.99,22.0,19.0,436,13.4,27.5,7,1020.5357609784201,478.74699999999996,11.543294492319001,PQ32/20
0.133,80,32.0,0.887,20.5,11.5,7.65,22.0,19.0,200,13.4,27.5,11,2652.60838782906,2496.88,30.3207210535062,PQ32/20
0.16,250,35.1,1.157,34.8,25.0,10.87,26.0,23.5,138,14.3,32.0,10,5346.21774349375,3033.2,23.4586208233323,PQ35/35
0.101,350,35.1,0.677,34.8,25.0,5.04,26.0,23.5,349,14.3,32.0,8,862.766497296428,3874.63,23.1388877602596,PQ35/35
0.142,600,50.0,1.313,40.0,26.1,13.31,32.0,31.5,175,20.0,44.0,9,13746.9894484981,8480.7,31.0072903647057,PQ50/40
0.162,200,35.1,1.834,34.8,25.0,13.14,26.0,23.5,135,14.3,32.0,12,10443.0230209155,3020.3,23.5157104666906,PQ35/35
0.089,60,32.0,1.959,20.5,11.5,0.51,22.0,19.0,447,13.4,27.5,108,6675.52159905676,617.231,1508.6711087630601,PQ32/20
0.118,60,26.5,1.346,24.8,16.1,2.29,19.0,15.5,254,12.0,22.5,34,3980.61358215668,1297.93,169.018063658512,PQ26/25
0.157,400,40.5,0.984,30.3,20.0,14.07,28.0,28.0,144,14.9,37.0,6,3315.48103680882,2173.37,10.3421224854063,PQ40/30
0.124,40,20.5,0.936,20.2,14.3,2.37,14.0,12.5,229,8.8,18.0,37,3544.71336119817,1927.47,157.004790861916,PQ20/20
0.109,400,32.0,0.266,30.4,21.3,3.03,22.0,19.0,93,13.4,27.5,10,93.0454489677588,955.107,71.2152572646672,PQ32/30
0.186,50,35.1,2.268,34.8,25.0,9.78,26.0,23.5,102,14.3,32.0,22,9363.01046686111,2663.58,67.0922147080807,PQ35/35
0.107,250,32.0,1.497,30.4,21.3,4.45,22.0,19.0,309,13.4,27.5,19,7561.21886258643,2918.8,60.5338019471817,PQ32/30
0.164,80,35.1,2.25,34.8,25.0,6.52,26.0,23.5,132,14.3,32.0,31,17250.5106267786,3673.39,134.02950114439201,PQ35/35
0.105,20,20.5,1.211,20.2,14.3,1.78,14.0,12.5,320,8.8,18.0,40,1464.50608220663,1224.13,149.593895609368,PQ20/20
0.103,500,32.0,0.706,20.5,11.5,5.31,22.0,19.0,333,13.4,27.5,8,2732.04239974473,1787.91,19.4669127564581,PQ32/20
0.084,80,26.5,2.478,20.2,11.5,3.4,19.0,15.5,502,12.0,22.5,21,3167.4958913207497,693.408,37.6432678892141,PQ26/20
0.081,350,40.5,2.098,30.3,20.0,4.24,28.0,28.0,535,14.9,37.0,14,3043.85651486901,1941.34,30.8622880851421,PQ40/30
0.087,350,50.0,1.401,40.0,26.1,1.41,32.0,31.5,461,20.0,44.0,32,3932.01524470568,3321.09,371.247530746398,PQ50/40
0.097,40,32.0,0.28,30.4,21.3,1.97,22.0,19.0,373,13.4,27.5,9,96.3814160185162,2639.59,54.978856278687005,PQ32/30
0.101,600,40.5,1.452,39.8,29.5,5.94,28.0,28.0,347,14.9,37.0,15,9667.40453884758,7603.03,48.2332540462209,PQ40/40
0.081,200,16.4,1.417,11.6,6.7,3.73,11.2,9.6,542,7.0,14.4,11,1838.07315214218,175.377,6.30442654895383,PQ16/11.6
0.1,40,20.5,2.161,20.2,14.3,2.3,14.0,12.5,352,8.8,18.0,57,10442.7790265985,2232.41,192.688810941826,PQ20/20
0.112,180,35.1,1.605,34.8,25.0,4.14,26.0,23.5,282,14.3,32.0,25,8435.13051192567,5087.1,113.23585031983899,PQ35/35
0.2,60,35.1,1.128,34.8,25.0,14.33,26.0,23.5,24,14.3,32.0,9,793.080071862435,201.671,19.3881900542916,PQ35/35
0.094,10,16.4,1.663,11.6,6.7,1.45,11.2,9.6,397,7.0,14.4,68,3636.47704014524,707.741,210.690066962583,PQ16/11.6
0.088,10,16.4,1.573,11.6,6.7,0.7,11.2,9.6,452,7.0,14.4,67,846.42384012103,141.12,214.49389296545,PQ16/11.6
0.135,80,50.0,2.402,50.0,36.1,6.11,32.5,31.5,194,20.0,44.0,34,16450.9295774724,16072.399999999998,277.994275691275,PQ50/50
0.194,600,65.0,0.97,60.0,42.0,11.61,45.0,40.8,90,26.0,55.0,10,10081.8394209918,9110.18,80.2957695122781,PQ65/60
0.106,80,32.0,1.951,30.4,21.3,6.67,22.0,19.0,312,13.4,27.5,18,4990.03385812198,4319.98,44.0752156732094,PQ32/30
0.103,300,50.0,2.406,50.0,36.1,3.48,32.5,31.5,333,20.0,44.0,39,28360.2880836776,14240.9,365.021775506401,PQ50/50
0.083,180,26.5,2.11,20.2,11.5,4.51,19.0,15.5,512,12.0,22.5,15,4510.209868319999,888.356,22.0120185240954,PQ26/20
0.079,500,26.5,2.151,20.2,11.5,5.62,19.0,15.5,564,12.0,22.5,11,7394.55952938325,801.053,11.6490905348164,PQ26/20
0.079,120,20.5,2.218,20.2,14.3,3.65,14.0,12.5,563,8.8,18.0,19,2947.46818134,934.854,20.9595234270675,PQ20/20
0.085,50,32.0,1.651,20.5,11.5,2.69,22.0,19.0,492,13.4,27.5,19,1169.15583886326,886.336,53.7969191586553,PQ32/20
0.106,30,16.4,0.344,11.6,6.7,0.54,11.2,9.6,312,7.0,14.4,39,286.036825804288,254.018,257.763208133183,PQ16/11.6
0.079,50,16.4,1.948,11.6,6.7,2.24,11.2,9.6,561,7.0,14.4,28,2548.9933522260403,278.873,31.2818199863072,PQ16/11.6
0.092,600,26.5,1.696,20.2,11.5,7.63,19.0,15.5,414,12.0,22.5,7,4459.55476487746,522.109,5.76288636500935,PQ26/20
0.148,400,40.5,1.054,30.3,20.0,12.06,28.0,28.0,161,14.9,37.0,8,5625.44460607038,3276.57,17.3949218461959,PQ40/30
0.108,200,32.0,0.335,20.5,11.5,0.88,22.0,19.0,305,13.4,27.5,22,625.254250122535,1063.6,282.030430521148,PQ32/20
0.092,250,32.0,0.699,30.4,21.3,1.45,22.0,19.0,420,13.4,27.5,14,343.318831601941,590.824,60.9509811490837,PQ32/30
0.148,250,50.0,2.405,40.0,26.1,10.51,32.0,31.5,161,20.0,44.0,20,36722.7307490245,8824.94,93.6957275735159,PQ50/40
0.101,30,20.5,2.316,16.2,10.3,2.57,14.0,12.5,345,8.8,18.0,58,12472.4419192325,1793.45,179.586807610682,PQ20/16
0.112,180,107.0,1.674,87.0,56.0,7.16,70.0,72.5,283,41.0,93.7,14,3236.97790328552,47291.0,229.329954036524,PQ107/87
0.194,50,32.0,1.007,20.5,11.5,4.21,22.0,19.0,94,13.4,27.5,27,6625.56235693738,1024.69,164.258661704921,PQ32/20
0.2,10,20.5,0.75,20.2,14.3,2.29,14.0,12.5,84,8.8,18.0,42,1332.7103108837,602.804,241.639153232299,PQ20/20
0.088,80,16.4,1.957,11.6,6.7,2.67,11.2,9.6,454,7.0,14.4,23,3111.85879583799,177.75,21.0290859247602,PQ16/11.6
0.117,300,35.1,2.319,34.8,25.0,8.8,26.0,23.5,260,14.3,32.0,16,15846.569618356,4697.16,34.8913941336669,PQ35/35
0.107,200,40.5,1.859,39.8,29.5,2.77,28.0,28.0,311,14.9,37.0,38,11234.9157936773,5936.38,256.30311562974,PQ40/40
0.084,40,16.4,1.063,11.6,6.7,0.67,11.2,9.6,502,7.0,14.4,46,910.842183238723,132.819,139.782724545351,PQ16/11.6
0.127,180,32.0,0.828,30.4,21.3,5.0,22.0,19.0,219,13.4,27.5,15,3562.42817499155,3905.21,60.9436744349648,PQ32/30
0.105,10,20.5,1.956,16.2,10.3,1.24,14.0,12.5,322,8.8,18.0,99,5665.52288557186,1366.84,602.3058413869489,PQ20/16
0.154,400,40.5,1.121,39.8,29.5,13.42,28.0,28.0,149,14.9,37.0,8,5114.36340699913,4423.860000000001,16.8029345270193,PQ40/40
0.1,30,50.0,2.199,40.0,26.1,3.91,32.0,31.5,351,20.0,44.0,35,5398.79428765163,14581.2,307.97639995741,PQ50/40
0.2,200,50.0,1.764,50.0,36.1,13.71,32.5,31.5,38,20.0,44.0,15,3623.5969052350397,1455.75,68.9370436387904,PQ50/50
0.194,60,65.0,1.375,60.0,42.0,13.21,45.0,40.8,94,26.0,55.0,13,4600.59731852194,12618.5,101.302577098937,PQ65/60
0.085,500,40.5,0.491,30.3,20.0,1.74,28.0,28.0,489,14.9,37.0,9,209.435559384488,1098.53,41.4742739260237,PQ40/30
0.2,100,32.0,0.792,30.4,21.3,7.36,22.0,19.0,62,13.4,27.5,13,1480.98946853821,803.039,47.4932165942383,PQ32/30
0.118,50,20.5,1.712,16.2,10.3,3.98,14.0,12.5,254,8.8,18.0,25,4520.43687835949,685.702,42.8463383838254,PQ20/16
0.133,300,50.0,1.465,40.0,26.1,15.93,32.0,31.5,200,20.0,44.0,8,7322.96353875099,10157.5,22.3943932811317,PQ50/40
0.117,150,16.4,0.404,11.6,6.7,3.45,11.2,9.6,258,7.0,14.4,7,342.690343482054,178.31,7.23771556593829,PQ16/11.6
0.152,180,32.0,0.875,20.5,11.5,6.43,22.0,19.0,153,13.4,27.5,12,4854.31333417407,1257.12,36.496263232652495,PQ32/20
0.093,250,32.0,1.886,20.5,11.5,2.49,22.0,19.0,407,13.4,27.5,23,6394.07536043843,625.277,70.582296703779,PQ32/20
0.101,120,35.1,2.427,34.8,25.0,5.21,26.0,23.5,348,14.3,32.0,30,14868.2477426065,9658.67,118.391951782153,PQ35/35
0.078,400,20.5,0.649,16.2,10.3,2.65,14.0,12.5,580,8.8,18.0,7,369.42484664701,289.203,7.416252307681559,PQ20/16
0.106,180,26.5,2.117,24.8,16.1,6.78,19.0,15.5,313,12.0,22.5,18,13834.9976009117,2370.02,32.7923468903829,PQ26/25
0.085,100,16.4,1.559,11.6,6.7,2.42,11.2,9.6,494,7.0,14.4,20,2312.29654500996,185.113,19.261400933967,PQ16/11.6
0.108,200,32.0,2.361,20.5,11.5,7.01,22.0,19.0,300,13.4,27.5,20,24945.2398438305,2353.93,44.3212006524685,PQ32/20
0.184,30,40.5,0.745,30.3,20.0,6.56,28.0,28.0,104,14.9,37.0,10,654.779031240186,1130.29,36.1078238308793,PQ40/30
0.115,60,26.5,0.827,20.2,11.5,4.7,19.0,15.5,266,12.0,22.5,11,912.10681628696,1060.35,26.062328429329398,PQ26/20
0.103,40,16.4,1.71,11.6,6.7,3.91,11.2,9.6,332,7.0,14.4,27,5837.6850967738,575.895,32.4834028353495,PQ16/11.6
0.13,200,40.5,1.638,30.3,20.0,6.93,28.0,28.0,208,14.9,37.0,20,13871.1310291558,5337.12,76.4978324482011,PQ40/30
0.078,100,35.1,0.485,34.8,25.0,0.81,26.0,23.5,577,14.3,32.0,18,83.0494137848826,1359.43,154.832764826404,PQ35/35
0.162,10,20.5,0.597,20.2,14.3,1.2,14.0,12.5,135,8.8,18.0,44,492.002472340969,497.219,319.080121552883,PQ20/20
0.08,250,26.5,2.336,24.8,16.1,2.57,19.0,15.5,546,12.0,22.5,26,7877.97170704619,1071.71,63.1246196127611,PQ26/25
0.097,100,20.5,1.199,16.2,10.3,3.48,14.0,12.5,378,8.8,18.0,20,3666.30654427706,1170.27,36.6665214005564,PQ20/16
0.092,180,40.5,1.365,30.3,20.0,2.32,28.0,28.0,416,14.9,37.0,18,1075.17041104078,1161.64,71.4072388305029,PQ40/30
0.132,120,26.5,0.816,20.2,11.5,6.57,19.0,15.5,204,12.0,22.5,11,2980.93384265649,1602.5,26.372148403355,PQ26/20
0.122,100,35.1,0.79,34.8,25.0,7.3,26.0,23.5,239,14.3,32.0,10,1273.0675557786599,6564.72,31.9129727599239,PQ35/35
0.13,100,50.0,0.974,40.0,26.1,1.45,32.0,31.5,210,20.0,44.0,59,7861.23653009762,9485.480000000001,1708.58120578055,PQ50/40
0.096,50,20.5,1.27,20.2,14.3,1.64,14.0,12.5,383,8.8,18.0,48,4415.55194051042,2006.9,207.575760473911,PQ20/20
0.157,60,40.5,0.64,30.3,20.0,1.12,28.0,28.0,144,14.9,37.0,49,1701.2795245673,1794.02,984.462225070008,PQ40/30
0.2,10,50.0,1.361,40.0,26.1,15.86,32.0,31.5,41,20.0,44.0,10,7749.62346163581,1138.97,37.182596974813194,PQ50/40
0.079,200,20.5,1.404,20.2,14.3,2.82,14.0,12.5,569,8.8,18.0,15,1584.3854344772901,641.4929999999999,18.7163604769162,PQ20/20
0.099,200,26.5,1.876,20.2,11.5,5.28,19.0,15.5,360,12.0,22.5,20,16391.9768682778,1984.81,43.2156429489167,PQ26/20
0.129,250,40.5,2.319,39.8,29.5,10.67,28.0,28.0,213,14.9,37.0,21,33895.58351288769,13674.699999999999,66.3834568286646,PQ40/40
0.092,350,40.5,2.13,39.8,29.5,9.83,28.0,28.0,413,14.9,37.0,7,1668.77856177997,2469.95,7.8462764198237505,PQ40/40
0.088,50,20.5,2.072,16.2,10.3,1.41,14.0,12.5,457,8.8,18.0,45,3052.74234237908,404.47499999999997,118.64718065939,PQ20/16
0.098,250,32.0,1.25,30.4,21.3,3.83,22.0,19.0,370,13.4,27.5,21,7801.0834869058,5189.48,85.3628004944154,PQ32/30
0.168,150,32.0,0.138,20.5,11.5,1.25,22.0,19.0,125,13.4,27.5,10,83.51363883967659,531.393,128.555209141441,PQ32/20
0.2,250,35.1,0.526,34.8,25.0,10.05,26.0,23.5,22,14.3,32.0,6,112.802105131112,121.411,16.1146631590655,PQ35/35
0.082,600,26.5,1.703,24.8,16.1,6.4,19.0,15.5,530,12.0,22.5,8,3875.2519667259,990.813,7.725463305414021,PQ26/25
0.116,120,20.5,0.831,20.2,14.3,3.97,14.0,12.5,264,8.8,18.0,12,1041.26714939154,646.886,18.1337380588101,PQ20/20
0.085,120,32.0,0.372,20.5,11.5,0.58,22.0,19.0,193,13.4,27.5,55,405.631067853288,1350.31,1608.8603274074,PQ32/20
0.126,250,35.1,2.085,34.8,25.0,14.74,26.0,23.5,222,14.3,32.0,13,20233.5390773092,9672.71,25.0027145104093,PQ35/35
0.2,50,40.5,2.254,30.3,20.0,8.27,28.0,28.0,81,14.9,37.0,33,18815.0318929471,2836.72,162.401775741009,PQ40/30
0.131,400,50.0,1.662,50.0,36.1,17.45,32.5,31.5,205,20.0,44.0,9,12515.5297187427,17948.6,26.008368482465002,PQ50/50
0.083,120,16.4,1.535,11.6,6.7,2.76,11.2,9.6,514,7.0,14.4,16,1819.29197058533,159.864,12.4785816087648,PQ16/11.6
0.095,80,20.5,1.527,16.2,10.3,4.0,14.0,12.5,390,8.8,18.0,23,5627.3803613552,1556.28,39.788087399824796,PQ20/16
0.126,300,40.5,1.435,39.8,29.5,7.62,28.0,28.0,222,14.9,37.0,16,9686.88580026506,7792.01,55.4037347325654,PQ40/40
0.191,80,35.1,2.427,34.8,25.0,12.78,26.0,23.5,97,14.3,32.0,23,26816.810170867,4653.16,69.6224259035704,PQ35/35
0.09,500,32.0,1.995,20.5,11.5,5.63,22.0,19.0,435,13.4,27.5,10,5340.93382403238,595.704,12.7340154366266,PQ32/20
0.095,250,35.1,2.272,34.8,25.0,4.32,26.0,23.5,393,14.3,32.0,30,20796.3769267197,8430.35,124.5708172175,PQ35/35
0.089,80,20.5,0.707,16.2,10.3,2.13,14.0,12.5,443,8.8,18.0,10,171.707857043321,212.714,14.1115277765757,PQ20/16
0.147,60,26.5,1.089,20.2,11.5,5.26,19.0,15.5,164,12.0,22.5,19,4861.33789738892,1322.29,61.6103432335407,PQ26/20
0.125,250,40.5,1.841,39.8,29.5,7.74,28.0,28.0,227,14.9,37.0,22,21325.0297235687,11776.2,86.6963604473137,PQ40/40
0.176,180,40.5,1.401,39.8,29.5,12.35,28.0,28.0,114,14.9,37.0,11,5172.98196768461,3157.3,26.7060190282702,PQ40/40
0.177,20,26.5,1.987,20.2,11.5,3.57,19.0,15.5,113,12.0,22.5,50,12180.0592427107,812.808,257.562516249472,PQ26/20
0.134,80,16.4,0.212,11.6,6.7,2.49,11.2,9.6,196,7.0,14.4,8,147.146885058914,281.763,16.4814855135937,PQ16/11.6
0.078,600,32.0,1.688,20.5,11.5,3.67,22.0,19.0,585,13.4,27.5,13,6187.83220925902,955.66,24.6775808340138,PQ32/20
0.099,50,20.5,0.943,20.2,14.3,1.6,14.0,12.5,362,8.8,18.0,38,2195.90885218163,1687.83,164.358843384651,PQ20/20
0.107,30,20.5,0.59,16.2,10.3,0.7,14.0,12.5,311,8.8,18.0,52,837.642483399781,691.401,443.688176725592,PQ20/16
0.077,30,16.4,1.972,11.6,6.7,0.71,11.2,9.6,592,7.0,14.4,79,3303.20672074096,223.983,246.512947204129,PQ16/11.6
0.2,200,50.0,1.053,50.0,36.1,8.71,32.5,31.5,70,20.0,44.0,15,4664.49503122469,4036.8,104.548265663682,PQ50/50
0.138,20,20.5,0.702,16.2,10.3,1.35,14.0,12.5,185,8.8,18.0,47,1530.64539840868,770.631,313.87533137964704,PQ20/16
0.2,30,107.0,1.325,87.0,56.0,11.14,70.0,72.5,76,41.0,93.7,15,4856.190868210189,27160.6,321.818639344043,PQ107/87
0.1,100,107.0,1.63,87.0,56.0,9.77,70.0,72.5,355,41.0,93.7,10,3359.4877841087,70687.7,119.680038887491,PQ107/87
0.173,30,32.0,2.054,20.5,11.5,5.26,22.0,19.0,118,13.4,27.5,35,12617.3989906018,1152.31,152.241235296079,PQ32/20
0.2,60,40.5,1.529,30.3,20.0,6.25,28.0,28.0,65,14.9,37.0,28,5467.93199613171,1327.8700000000001,158.218147339018,PQ40/30
0.132,250,65.0,1.701,60.0,42.0,3.13,45.0,40.8,170,26.0,55.0,48,25021.9458207518,16896.8,1157.73990350792,PQ65/60
0.082,400,107.0,2.488,87.0,56.0,5.45,70.0,72.5,530,41.0,93.7,14,3459.04681643105,29963.0,164.637810943865,PQ107/87
0.134,80,35.1,1.57,34.8,25.0,8.64,26.0,23.5,196,14.3,32.0,17,5774.13743575591,6778.71,53.2188702256488,PQ35/35
0.09,200,26.5,2.117,20.2,11.5,5.17,19.0,15.5,437,12.0,22.5,12,3402.29630716009,526.52,14.048635199193,PQ26/20
0.097,80,20.5,0.938,16.2,10.3,2.25,14.0,12.5,376,8.8,18.0,26,2743.34120530086,1242.1299999999999,75.604947869166,PQ20/16
0.184,50,26.5,1.102,24.8,16.1,4.18,19.0,15.5,104,12.0,22.5,24,3953.40947764759,738.629,99.2359491923502,PQ26/25
0.137,180,50.0,2.225,40.0,26.1,14.95,32.0,31.5,187,20.0,44.0,13,15620.5474478721,11142.099999999999,42.1276211523033,PQ50/40
0.101,300,50.0,0.939,40.0,26.1,2.27,32.0,31.5,198,20.0,44.0,37,4620.34233381406,8813.8,692.837218776246,PQ50/40
0.18,600,107.0,1.624,87.0,56.0,11.39,70.0,72.5,48,41.0,93.7,17,7350.33120746831,10939.6,347.590423948556,PQ107/87
0.102,400,32.0,1.011,20.5,11.5,4.97,22.0,19.0,342,13.4,27.5,12,6399.66139929745,2030.08,32.3154974153303,PQ32/20
0.2,30,35.1,1.533,34.8,25.0,12.94,26.0,23.5,54,14.3,32.0,15,2932.89510475305,1355.47,42.2696818437562,PQ35/35
0.094,10,16.4,2.205,11.6,6.7,1.84,11.2,9.6,400,7.0,14.4,69,5721.0531049415,742.166,171.096035336153,PQ16/11.6
0.2,600,107.0,0.334,87.0,56.0,5.22,70.0,72.5,45,41.0,93.7,8,205.668765052668,6317.22,301.38881638438403,PQ107/87
0.081,60,35.1,0.589,34.8,25.0,0.8,26.0,23.5,543,14.3,32.0,21,93.9672856530993,1158.35,178.99744688056902,PQ35/35
0.101,200,20.5,0.458,20.2,14.3,3.69,14.0,12.5,349,8.8,18.0,8,451.65030934995,1096.13,13.1237054402347,PQ20/20
0.2,180,50.0,1.567,40.0,26.1,12.85,32.0,31.5,70,20.0,44.0,15,11392.5287444191,3696.31,74.5306062893619,PQ50/40
0.081,120,26.5,1.938,24.8,16.1,1.07,19.0,15.5,535,12.0,22.5,54,6226.37460078394,1043.41,317.157660112626,PQ26/25
0.144,400,40.5,0.954,30.3,20.0,13.1,28.0,28.0,171,14.9,37.0,7,4487.62701973519,3928.59,14.4326729514337,PQ40/30
0.101,120,35.1,1.596,34.8,25.0,1.64,26.0,23.5,343,14.3,32.0,55,9142.71822536231,5164.86,549.730340168064,PQ35/35
0.065,500,20.5,0.288,20.2,14.3,1.24,14.0,12.5,516,8.8,18.0,7,32.137708541953195,245.286,14.8296069473125,PQ20/20
0.089,600,32.0,2.323,20.5,11.5,7.11,22.0,19.0,447,13.4,27.5,10,9898.85342652064,837.208,11.2299980628704,PQ32/20
0.084,250,20.5,1.313,20.2,14.3,2.96,14.0,12.5,502,8.8,18.0,13,1418.14637004537,461.891,14.8242488612786,PQ20/20
0.144,60,16.4,0.385,11.6,6.7,3.63,11.2,9.6,170,7.0,14.4,9,341.58922411348505,203.148,12.4746444677921,PQ16/11.6
0.078,80,20.5,0.596,16.2,10.3,1.04,14.0,12.5,587,8.8,18.0,18,214.276639496154,365.205,52.6651946660582,PQ20/16
0.097,40,20.5,0.787,20.2,14.3,0.83,14.0,12.5,376,8.8,18.0,61,1942.07557439987,1638.04,489.802019490621,PQ20/20
0.197,350,40.5,0.684,39.8,29.5,13.0,28.0,28.0,91,14.9,37.0,6,1805.45037412675,2191.62,14.0516946269647,PQ40/40
0.142,100,65.0,2.267,60.0,42.0,11.78,45.0,40.8,174,26.0,55.0,18,12099.0018960222,23619.9,128.984482596324,PQ65/60
0.121,150,26.5,1.294,24.8,16.1,6.42,19.0,15.5,240,12.0,22.5,18,11357.1187111592,3504.54,48.9620333962575,PQ26/25
0.086,10,20.5,1.714,20.2,14.3,2.38,14.0,12.5,480,8.8,18.0,23,1086.85317252812,629.49,37.641306365149504,PQ20/20
0.089,300,26.5,0.503,20.2,11.5,1.24,19.0,15.5,447,12.0,22.5,12,332.348259918204,309.583,47.5575834088239,PQ26/20
0.091,30,26.5,2.06,24.8,16.1,7.68,19.0,15.5,427,12.0,22.5,8,1507.28810943974,717.241,6.62050980388896,PQ26/25
0.147,80,32.0,0.97,20.5,11.5,2.87,22.0,19.0,163,13.4,27.5,29,5986.38023804589,1373.78,195.357246400427,PQ32/20
0.2,60,50.0,1.9,50.0,36.1,15.05,32.5,31.5,45,20.0,44.0,16,3761.24623591937,2544.95,73.9190863210921,PQ50/50
0.078,180,20.5,1.804,16.2,10.3,3.02,14.0,12.5,585,8.8,18.0,17,2820.0075554559,488.134,18.975255517605,PQ20/16
0.105,20,20.5,0.885,20.2,14.3,0.82,14.0,12.5,320,8.8,18.0,62,1042.51482348681,960.7620000000001,460.29879614277,PQ20/20
0.111,20,16.4,1.652,11.6,6.7,3.37,11.2,9.6,287,7.0,14.4,29,3092.93634514489,387.825,38.5637190637663,PQ16/11.6
0.165,200,40.5,0.58,39.8,29.5,3.31,28.0,28.0,129,14.9,37.0,16,1224.55585990253,2167.01,114.364108846005,PQ40/40
0.139,250,50.0,2.218,40.0,26.1,8.56,32.0,31.5,182,20.0,44.0,22,32703.7308988723,9825.25,120.911059404777,PQ50/40
0.084,30,50.0,1.697,40.0,26.1,1.82,32.0,31.5,498,20.0,44.0,27,848.539702784896,3197.0299999999997,226.000657926659,PQ50/40
0.101,80,26.5,1.577,24.8,16.1,2.36,19.0,15.5,349,12.0,22.5,41,9606.61177738499,2941.17,216.061442512689,PQ26/25
0.097,180,40.5,1.796,30.3,20.0,10.73,28.0,28.0,372,14.9,37.0,10,4273.86385242279,6579.5199999999995,17.7768308658029,PQ40/30
0.077,350,16.4,0.294,11.6,6.7,1.42,11.2,9.6,598,7.0,14.4,6,84.12560394894079,108.342,6.96367093656333,PQ16/11.6
0.074,500,20.5,0.5,20.2,14.3,1.89,14.0,12.5,495,8.8,18.0,8,166.46354959452,291.162,12.1903808928492,PQ20/20
0.085,10,50.0,2.227,40.0,26.1,6.93,32.0,31.5,487,20.0,44.0,10,8177.47911608906,4245.08,24.8811475419964,PQ50/40
0.131,20,50.0,0.989,50.0,36.1,7.16,32.5,31.5,205,20.0,44.0,13,2679.81791370501,13807.5,82.5948993107732,PQ50/50
0.086,100,26.5,1.756,24.8,16.1,6.84,19.0,15.5,476,12.0,22.5,8,1034.28886658738,902.415,7.54292406929845,PQ26/25
0.2,50,35.1,2.031,34.8,25.0,9.15,26.0,23.5,45,14.3,32.0,26,4136.6889673901605,946.698,102.027358558917,PQ35/35
0.081,200,16.4,0.399,11.6,6.7,1.31,11.2,9.6,536,7.0,14.4,9,136.836236444882,103.943,12.081841655442,PQ16/11.6
0.091,250,32.0,1.853,20.5,11.5,3.11,22.0,19.0,425,13.4,27.5,18,4828.20687261836,666.251,43.8612615727313,PQ32/20
0.104,60,26.5,1.416,20.2,11.5,1.34,19.0,15.5,329,12.0,22.5,60,9256.29499501867,1521.67,492.755966540762,PQ26/20
0.095,150,32.0,1.975,20.5,11.5,3.23,22.0,19.0,393,13.4,27.5,35,22852.807947483998,3249.88,157.332650462968,PQ32/20
0.2,120,26.5,0.526,24.8,16.1,7.95,19.0,15.5,67,12.0,22.5,8,784.369348900024,496.754,20.5087400528788,PQ26/25
0.106,100,26.5,1.826,24.8,16.1,6.17,19.0,15.5,312,12.0,22.5,18,6786.53274811581,2510.32,36.9737023326394,PQ26/25
0.098,600,50.0,0.561,40.0,26.1,2.7,32.0,31.5,140,20.0,44.0,18,682.379331197058,3536.01,254.49266113533199,PQ50/40
0.114,200,26.5,1.897,20.2,11.5,7.21,19.0,15.5,271,12.0,22.5,15,12869.5262925237,1225.9199999999998,24.0892484489475,PQ26/20
0.165,200,32.0,0.289,30.4,21.3,3.36,22.0,19.0,129,13.4,27.5,8,264.059986877417,1052.29,42.3599729940968,PQ32/30
0.087,80,20.5,2.373,20.2,14.3,3.08,14.0,12.5,468,8.8,18.0,24,2829.3917438050903,691.618,31.6935982775952,PQ20/20
0.077,300,20.5,1.406,20.2,14.3,3.82,14.0,12.5,594,8.8,18.0,11,1686.49015323994,688.41,10.0623533620216,PQ20/20
0.088,50,20.5,2.155,20.2,14.3,1.16,14.0,12.5,456,8.8,18.0,55,2992.85843604333,540.524,179.721314743716,PQ20/20
0.07,500,40.5,1.663,30.3,20.0,1.64,28.0,28.0,549,14.9,37.0,30,3763.37018120781,1982.35,169.780977193366,PQ40/30
0.104,180,32.0,0.891,30.4,21.3,2.04,22.0,19.0,324,13.4,27.5,27,3347.27527841392,3072.2999999999997,185.696235940359,PQ32/30
0.094,250,32.0,2.274,20.5,11.5,7.92,22.0,19.0,398,13.4,27.5,18,29762.8481167425,4486.03,37.0329248138674,PQ32/20
0.09,180,26.5,2.36,24.8,16.1,2.7,19.0,15.5,432,12.0,22.5,28,7843.83608916176,952.744,72.5707888579582,PQ26/25
0.119,400,50.0,2.234,40.0,26.1,15.78,32.0,31.5,248,20.0,44.0,12,28983.1097116245,17430.1,35.7808062590062,PQ50/40
0.129,80,40.5,1.445,30.3,20.0,10.81,28.0,28.0,212,14.9,37.0,12,3944.68418127203,6024.18,30.3754969767364,PQ40/30
0.063,500,40.5,1.131,30.3,20.0,0.97,28.0,28.0,596,14.9,37.0,33,1399.0480040537102,1667.2,278.945634863116,PQ40/30
0.081,40,50.0,1.68,50.0,36.1,2.33,32.5,31.5,542,20.0,44.0,21,803.1702972806199,4827.03,140.127307292819,PQ50/50
0.106,50,32.0,2.141,20.5,11.5,3.63,22.0,19.0,313,13.4,27.5,34,9068.842245722699,2265.88,138.889309739716,PQ32/20
0.115,150,20.5,0.488,20.2,14.3,2.55,14.0,12.5,267,8.8,18.0,11,407.314180694968,510.54,23.5173390175705,PQ20/20
0.109,30,65.0,2.312,60.0,42.0,6.65,45.0,40.8,299,26.0,55.0,20,5190.0866550378705,18205.100000000002,156.61580111901,PQ65/60
0.113,150,26.5,2.146,20.2,11.5,5.97,19.0,15.5,277,12.0,22.5,21,17641.2275743379,1425.84,42.5354702409059,PQ26/20
0.122,120,50.0,1.459,50.0,36.1,1.93,32.5,31.5,238,20.0,44.0,64,16392.112518302,16640.8,1459.04104857422,PQ50/50
0.111,30,20.5,2.252,20.2,14.3,3.41,14.0,12.5,287,8.8,18.0,38,5493.29414412752,1375.46,82.8522451969482,PQ20/20
0.108,180,32.0,1.735,20.5,11.5,6.43,22.0,19.0,303,13.4,27.5,16,10740.5376203385,2088.0200000000004,36.6027371964378,PQ32/20
0.094,500,40.5,2.314,39.8,29.5,11.91,28.0,28.0,396,14.9,37.0,12,15438.0576742209,13418.0,21.681255656889,PQ40/40
0.095,100,40.5,1.552,30.3,20.0,1.41,28.0,28.0,395,14.9,37.0,69,12109.180200204999,7780.99,949.652244968369,PQ40/30
0.2,100,40.5,2.4,39.8,29.5,13.54,28.0,28.0,44,14.9,37.0,22,7068.86996162407,1469.86,71.0696156578557,PQ40/40
0.143,150,40.5,0.837,39.8,29.5,2.69,28.0,28.0,173,14.9,37.0,30,4044.69251389413,5076.18,298.069184997885,PQ40/40
0.142,200,50.0,1.825,50.0,36.1,8.4,32.5,31.5,176,20.0,44.0,20,15804.9948692717,13428.2,119.167227491215,PQ50/50
0.05,600,50.0,1.145,50.0,36.1,0.77,32.5,31.5,302,20.0,44.0,84,1377.50692841797,7832.4,3054.0895397299,PQ50/50
0.099,600,32.0,0.671,30.4,21.3,4.85,22.0,19.0,362,13.4,27.5,8,1685.8297018441,2764.21,20.5976212623617,PQ32/30
0.113,150,40.5,1.356,39.8,29.5,4.77,28.0,28.0,275,14.9,37.0,16,2029.0216991322798,3800.09,57.7899452433012,PQ40/40
0.09,350,26.5,0.569,20.2,11.5,1.36,19.0,15.5,433,12.0,22.5,12,455.071592602246,282.22799999999995,42.7415880764839,PQ26/20
0.105,150,26.5,2.48,20.2,11.5,5.99,19.0,15.5,319,12.0,22.5,24,25077.799376858,1916.94,49.1473878345412,PQ26/20
0.077,300,20.5,1.233,20.2,14.3,3.9,14.0,12.5,589,8.8,18.0,9,975.3979795886501,547.889,7.45959072790491,PQ20/20
0.133,100,50.0,0.314,40.0,26.1,0.65,32.0,31.5,201,20.0,44.0,45,674.97641770858,6817.64,2636.55557785516,PQ50/40
0.09,150,26.5,0.692,24.8,16.1,0.9,19.0,15.5,435,12.0,22.5,22,420.51617267206996,387.601,122.727147123913,PQ26/25
0.137,350,40.5,1.739,30.3,20.0,14.74,28.0,28.0,187,14.9,37.0,11,18164.7322571792,5827.11,22.0726213807528,PQ40/30
0.113,40,32.0,1.798,20.5,11.5,1.74,22.0,19.0,275,13.4,27.5,63,10501.3001510405,1922.83,551.043654387601,PQ32/20
0.127,600,50.0,0.83,50.0,36.1,6.48,32.5,31.5,126,20.0,44.0,11,1601.02013319701,4103.96,68.3693014120166,PQ50/50
0.116,60,26.5,1.878,24.8,16.1,2.74,19.0,15.5,261,12.0,22.5,43,10556.713542822199,1997.69,206.330119286098,PQ26/25
0.124,40,20.5,0.405,16.2,10.3,2.41,14.0,12.5,230,8.8,18.0,16,439.155100528881,1056.75,57.8151828045436,PQ20/16
0.077,80,20.5,1.792,20.2,14.3,2.13,14.0,12.5,588,8.8,18.0,24,1440.48898846365,693.403,39.5990615206956,PQ20/20
0.083,600,40.5,0.744,39.8,29.5,2.87,28.0,28.0,307,14.9,37.0,16,1013.6546470466801,4268.83,93.0918344538319,PQ40/40
0.123,10,32.0,1.959,30.4,21.3,0.96,22.0,19.0,233,13.4,27.5,191,14321.7670345421,7455.24,4947.62657527696,PQ32/30
0.098,80,32.0,2.111,20.5,11.5,1.84,22.0,19.0,364,13.4,27.5,65,24278.923362841902,2838.17,513.629664762364,PQ32/20
0.134,10,20.5,1.362,20.2,14.3,1.0,14.0,12.5,196,8.8,18.0,116,4760.48290058642,1390.26,1147.46540488869,PQ20/20
0.151,80,35.1,0.824,34.8,25.0,1.99,26.0,23.5,154,14.3,32.0,35,2449.32842462315,2366.38,377.468376583254,PQ35/35
0.2,20,32.0,1.93,30.4,21.3,6.06,22.0,19.0,55,13.4,27.5,40,5283.28956133019,1112.22,219.40271483637702,PQ32/30
0.143,350,50.0,1.464,40.0,26.1,8.81,32.0,31.5,173,20.0,44.0,16,19798.315073477,10162.3,89.64347352370599,PQ50/40
0.2,40,40.5,1.85,30.3,20.0,10.22,28.0,28.0,63,14.9,37.0,23,6055.77858500329,1813.91,91.9692976449064,PQ40/30
0.079,500,40.5,1.016,39.8,29.5,2.3,28.0,28.0,319,14.9,37.0,26,2043.40943078863,4766.81,191.415600498737,PQ40/40
0.106,100,26.5,1.889,24.8,16.1,3.34,19.0,15.5,314,12.0,22.5,32,10849.6591298064,2133.38,113.727419091965,PQ26/25
0.099,180,20.5,0.215,20.2,14.3,1.06,14.0,12.5,362,8.8,18.0,13,133.251683614902,854.322,65.73259966503,PQ20/20
0.091,500,35.1,2.272,34.8,25.0,4.42,26.0,23.5,426,14.3,32.0,15,5383.70759639551,1647.3899999999999,31.1278058176478,PQ35/35
0.114,500,107.0,0.865,87.0,56.0,4.97,70.0,72.5,272,41.0,93.7,10,1253.13910031419,30456.0,205.864338055135,PQ107/87
0.079,600,50.0,2.396,40.0,26.1,3.1,32.0,31.5,562,20.0,44.0,25,14668.716702451,6395.74,146.693820434485,PQ50/40
0.2,30,40.5,1.077,39.8,29.5,3.19,28.0,28.0,82,14.9,37.0,42,2981.69771873548,2823.69,478.013979560625,PQ40/40
0.08,80,16.4,1.596,11.6,6.7,1.7,11.2,9.6,557,7.0,14.4,27,2212.15505599857,189.06,34.4201318908546,PQ16/11.6
0.16,500,107.0,2.336,87.0,56.0,7.96,70.0,72.5,137,41.0,93.7,25,45791.8840566018,36489.3,553.964768604578,PQ107/87
0.112,250,50.0,1.952,40.0,26.1,3.74,32.0,31.5,283,20.0,44.0,30,16392.7953325451,7550.62,249.19505289612502,PQ50/40
0.106,250,32.0,2.401,20.5,11.5,7.94,22.0,19.0,317,13.4,27.5,18,30178.7332464059,2656.9500000000003,35.4092320748355,PQ32/20
0.13,600,40.5,0.846,30.3,20.0,10.2,28.0,28.0,210,14.9,37.0,7,4095.76871260427,3876.84,15.9310228152189,PQ40/30
0.139,180,40.5,2.064,30.3,20.0,12.34,28.0,28.0,182,14.9,37.0,15,16582.9606355321,5570.99,35.9082727837337,PQ40/30
0.141,350,50.0,0.634,50.0,36.1,4.33,32.5,31.5,85,20.0,44.0,18,1271.3952589000098,4511.91,229.905597859646,PQ50/50
0.156,180,40.5,1.448,30.3,20.0,13.19,28.0,28.0,145,14.9,37.0,10,6048.09780153641,3123.08,21.0701224787262,PQ40/30
0.168,30,40.5,1.675,30.3,20.0,3.4,28.0,28.0,125,14.9,37.0,46,6638.979105283141,2744.2799999999997,397.480380301964,PQ40/30
0.074,500,35.1,1.21,34.8,25.0,1.51,26.0,23.5,418,14.3,32.0,23,1034.72824029111,1035.8,119.502877127534,PQ35/35
0.084,120,65.0,2.024,60.0,42.0,1.75,45.0,40.8,506,26.0,55.0,35,2259.56479174414,8033.03,534.013722658111,PQ65/60
0.085,400,32.0,1.617,20.5,11.5,2.72,22.0,19.0,487,13.4,27.5,17,5040.71234017444,692.249,43.7760553028695,PQ32/20
0.09,60,16.4,0.75,11.6,6.7,0.77,11.2,9.6,433,7.0,14.4,29,462.194646740008,93.6945,74.0082569273011,PQ16/11.6
0.095,400,32.0,1.593,30.4,21.3,6.64,22.0,19.0,387,13.4,27.5,14,10483.3966930073,4971.94,31.272122127283097,PQ32/30
0.2,300,50.0,0.626,50.0,36.1,7.52,32.5,31.5,45,20.0,44.0,10,665.65025796248,1319.25,71.6926933167664,PQ50/50
0.2,150,35.1,0.57,34.8,25.0,6.33,26.0,23.5,84,14.3,32.0,11,1340.33198367626,1709.75,50.640057213465504,PQ35/35
0.107,100,32.0,1.214,20.5,11.5,1.64,22.0,19.0,309,13.4,27.5,43,7841.741762460079,1760.71,355.673636791631,PQ32/20
0.115,60,20.5,1.646,16.2,10.3,3.96,14.0,12.5,268,8.8,18.0,24,4736.0455324135,723.788,40.7700033055293,PQ20/16
0.077,350,32.0,1.36,30.4,21.3,3.81,22.0,19.0,597,13.4,27.5,11,1562.63733265366,1844.16,21.8659712114172,PQ32/30
0.108,500,32.0,0.582,20.5,11.5,4.71,22.0,19.0,303,13.4,27.5,8,2154.537510983,1697.1,22.993554085250597,PQ32/20
0.09,60,26.5,1.137,20.2,11.5,1.49,19.0,15.5,431,12.0,22.5,23,699.919627805913,415.514,86.9536262311925,PQ26/20
0.165,200,26.5,0.286,20.2,11.5,3.95,19.0,15.5,129,12.0,22.5,7,445.132470209575,618.883,26.6344814452917,PQ26/20
0.119,300,40.5,1.856,39.8,29.5,10.04,28.0,28.0,248,14.9,37.0,17,19517.981676828702,13782.4,51.4028601995832,PQ40/40
0.1,300,40.5,1.609,39.8,29.5,3.56,28.0,28.0,354,14.9,37.0,28,11149.5790684957,8579.56,155.45730486725,PQ40/40
0.097,200,32.0,0.96,30.4,21.3,2.54,22.0,19.0,377,13.4,27.5,23,3633.09360628922,4052.32,126.80686844285,PQ32/30
0.081,80,20.5,1.69,16.2,10.3,1.43,14.0,12.5,543,8.8,18.0,37,2919.73483363834,526.212,94.7409044538104,PQ20/16
0.108,100,26.5,2.1,20.2,11.5,5.15,19.0,15.5,302,12.0,22.5,23,11707.2182602259,1518.06,51.9912731047795,PQ26/20
0.135,40,16.4,0.556,11.6,6.7,2.78,11.2,9.6,195,7.0,14.4,19,1215.9934480055902,404.06,40.7612153858909,PQ16/11.6
0.123,120,32.0,1.35,30.4,21.3,4.05,22.0,19.0,233,13.4,27.5,30,11927.2442090671,5519.76,163.88475007002899,PQ32/30
0.102,400,32.0,0.616,30.4,21.3,3.02,22.0,19.0,337,13.4,27.5,12,1428.35737873464,2441.65,49.772466759790795,PQ32/30
0.133,10,50.0,1.05,50.0,36.1,2.21,32.5,31.5,199,20.0,44.0,44,2056.38919956228,12838.900000000001,900.636770640838,PQ50/50
0.069,500,40.5,0.507,39.8,29.5,1.38,28.0,28.0,190,14.9,37.0,35,384.674169714228,4623.84,612.121881949772,PQ40/40
0.095,200,40.5,1.611,39.8,29.5,1.84,28.0,28.0,390,14.9,37.0,50,11163.7393747184,8353.400000000001,494.679751108116,PQ40/40
0.133,100,40.5,1.206,30.3,20.0,2.47,28.0,28.0,199,14.9,37.0,42,8402.260803701869,4392.54,430.210699765303,PQ40/30
0.127,500,40.5,1.365,39.8,29.5,14.63,28.0,28.0,218,14.9,37.0,9,10591.155577321199,10169.800000000001,18.2197953513907,PQ40/40
0.077,50,20.5,1.828,16.2,10.3,0.78,14.0,12.5,597,8.8,18.0,68,3286.35150542011,538.035,300.251816038293,PQ20/16
0.2,200,65.0,2.246,60.0,42.0,17.19,45.0,40.8,22,26.0,55.0,15,2428.09419348307,900.837,90.3340747357621,PQ65/60
0.188,50,26.5,0.586,24.8,16.1,2.86,19.0,15.5,100,12.0,22.5,24,1889.57200471059,995.479,168.33488161508,PQ26/25
0.171,250,50.0,2.061,40.0,26.1,12.41,32.0,31.5,121,20.0,44.0,15,22392.6130722385,5251.08,59.6579223255695,PQ50/40
0.118,50,26.5,2.393,20.2,11.5,7.11,19.0,15.5,253,12.0,22.5,19,6744.45012623324,1157.47,31.7328175711183,PQ26/20
0.102,50,16.4,1.007,11.6,6.7,2.59,11.2,9.6,336,7.0,14.4,24,2437.79501820639,467.817,39.7659034425046,PQ16/11.6
0.077,150,20.5,1.571,20.2,14.3,2.24,14.0,12.5,600,8.8,18.0,21,2023.14023911931,753.5,33.607234435983,PQ20/20
0.146,300,40.5,1.14,39.8,29.5,9.8,28.0,28.0,166,14.9,37.0,11,5338.70604743618,5252.79,31.3442159834229,PQ40/40
0.124,50,50.0,1.914,40.0,26.1,16.31,32.0,31.5,228,20.0,44.0,10,6459.48102464643,14005.5,28.1319448957648,PQ50/40
0.188,500,65.0,1.639,60.0,42.0,15.01,45.0,40.8,100,26.0,55.0,13,32760.765405065,13414.8,87.62866595103169,PQ65/60
0.2,350,65.0,1.182,60.0,42.0,10.86,45.0,40.8,32,26.0,55.0,14,2157.48828946599,1774.66,133.222441513364,PQ65/60
0.091,40,107.0,1.243,87.0,56.0,1.62,70.0,72.5,430,41.0,93.7,23,590.344425152072,14370.4,796.882299696854,PQ107/87
0.099,180,26.5,1.225,20.2,11.5,3.74,19.0,15.5,362,12.0,22.5,20,8108.36320053958,2058.12,61.7976451169554,PQ26/20
0.128,200,40.5,0.568,39.8,29.5,5.05,28.0,28.0,214,14.9,37.0,10,753.013124738188,5069.73,45.4539128240435,PQ40/40
0.083,80,65.0,2.339,60.0,42.0,12.15,45.0,40.8,517,26.0,55.0,6,2806.4212453998,9804.169999999998,13.9612239297144,PQ65/60
0.2,300,50.0,1.327,50.0,36.1,14.97,32.5,31.5,26,20.0,44.0,10,1036.910117379,575.605,38.490051113272294,PQ50/50
0.106,30,35.1,1.497,34.8,25.0,7.11,26.0,23.5,315,14.3,32.0,13,2296.28159307245,5367.53,32.2891693274734,PQ35/35
0.112,100,40.5,1.581,30.3,20.0,8.42,28.0,28.0,283,14.9,37.0,12,2890.53380918847,4464.509999999999,28.2947669113791,PQ40/30
0.186,60,35.1,1.164,34.8,25.0,8.66,26.0,23.5,102,14.3,32.0,12,1739.02086113581,1516.51,33.603273413683496,PQ35/35
0.08,50,20.5,2.371,16.2,10.3,1.24,14.0,12.5,555,8.8,18.0,59,5066.93961630446,627.215,182.314934669647,PQ20/16
0.198,300,50.0,0.357,50.0,36.1,6.93,32.5,31.5,20,20.0,44.0,6,50.1845145660396,225.158,41.686389593367295,PQ50/50
0.115,100,40.5,1.126,30.3,20.0,6.19,28.0,28.0,265,14.9,37.0,11,1240.15789374675,2840.51,31.1569257118693,PQ40/30
0.1,30,20.5,1.26,16.2,10.3,1.9,14.0,12.5,354,8.8,18.0,38,2386.90380638556,1037.3000000000002,127.028657909325,PQ20/16
0.2,120,50.0,1.553,50.0,36.1,9.94,32.5,31.5,67,20.0,44.0,20,8025.22557167927,4877.29,135.740449261952,PQ50/50
0.2,350,50.0,0.497,50.0,36.1,7.62,32.5,31.5,44,20.0,44.0,8,395.639718793719,1229.95,55.845551491124,PQ50/50
0.086,500,32.0,0.488,20.5,11.5,2.24,22.0,19.0,397,13.4,27.5,13,1442.44128527389,2117.16,70.7504831418683,PQ32/20
0.182,40,26.5,1.382,20.2,11.5,4.21,19.0,15.5,107,12.0,22.5,28,6329.34398116463,552.097,109.511535581759,PQ26/20
0.108,500,50.0,1.915,40.0,26.1,6.57,32.0,31.5,302,20.0,44.0,17,18120.977328164598,8705.199999999999,81.252142194542,PQ50/40
0.149,30,50.0,1.509,40.0,26.1,9.71,32.0,31.5,160,20.0,44.0,15,4272.34718330904,8934.25,76.8688919277233,PQ50/40
0.123,30,32.0,1.374,30.4,21.3,2.99,22.0,19.0,235,13.4,27.5,40,4451.0593296854695,5182.99,287.636015438262,PQ32/30
0.095,400,32.0,0.67,30.4,21.3,2.8,22.0,19.0,387,13.4,27.5,14,1940.87023995402,3207.35,63.172204457227096,PQ32/30
0.163,30,40.5,0.516,39.8,29.5,5.55,28.0,28.0,133,14.9,37.0,9,434.157616433343,2520.5,39.8924175900225,PQ40/40
0.109,400,32.0,0.927,20.5,11.5,5.68,22.0,19.0,299,13.4,27.5,10,4852.41349955632,1699.49,24.1168853797228,PQ32/20
0.085,120,26.5,1.027,24.8,16.1,0.89,19.0,15.5,493,12.0,22.5,37,1559.32878998745,781.699,249.823129213871,PQ26/25
0.145,80,65.0,1.978,60.0,42.0,19.18,45.0,40.8,169,26.0,55.0,9,5836.26494392538,17564.2,35.986336824916,PQ65/60
0.191,150,50.0,1.225,40.0,26.1,7.09,32.0,31.5,97,20.0,44.0,21,12644.6461112844,5832.48,178.91554885906,PQ50/40
0.09,600,50.0,1.242,50.0,36.1,3.11,32.5,31.5,380,20.0,44.0,25,9620.071379991909,16370.6,253.309593164212,PQ50/50
0.098,400,35.1,2.177,34.8,25.0,9.84,26.0,23.5,370,14.3,32.0,14,17935.4582030606,9641.57,28.0090877771769,PQ35/35
0.082,80,32.0,2.487,20.5,11.5,5.5,22.0,19.0,519,13.4,27.5,13,2205.38525797393,954.538,17.930994669373398,PQ32/20
0.096,40,20.5,1.218,20.2,14.3,1.82,14.0,12.5,381,8.8,18.0,39,2421.39781888388,1651.1299999999999,141.526759095912,PQ20/20
0.082,600,26.5,1.436,24.8,16.1,5.39,19.0,15.5,528,12.0,22.5,8,2801.72318142063,890.659,8.87353362344016,PQ26/25
0.083,400,50.0,0.461,40.0,26.1,1.28,32.0,31.5,243,20.0,44.0,32,871.177266733957,9702.97,953.738141500958,PQ50/40
0.113,100,35.1,2.211,34.8,25.0,6.16,26.0,23.5,275,14.3,32.0,23,8041.99632152196,5821.53,74.7843429634927,PQ35/35
0.104,300,35.1,0.808,34.8,25.0,3.89,26.0,23.5,328,14.3,32.0,13,1835.29852865901,4274.57,52.8717908889301,PQ35/35
0.099,20,20.5,1.339,20.2,14.3,0.65,14.0,12.5,361,8.8,18.0,117,4002.95567788898,1481.56,1181.9294252420898,PQ20/20
0.091,120,20.5,2.039,20.2,14.3,2.66,14.0,12.5,426,8.8,18.0,22,2425.60603454436,422.898,30.052321796208403,PQ20/20
0.098,100,20.5,0.528,20.2,14.3,1.42,14.0,12.5,369,8.8,18.0,22,671.944120170439,1033.11,88.1507937126767,PQ20/20
0.115,180,40.5,1.98,30.3,20.0,4.47,28.0,28.0,269,14.9,37.0,28,14219.2060072734,4509.79,129.14831923044198,PQ40/30
0.106,500,50.0,2.079,50.0,36.1,19.21,32.5,31.5,315,20.0,44.0,7,9024.57139551096,16863.2,13.1748233311241,PQ50/50
0.098,20,26.5,1.682,24.8,16.1,7.74,19.0,15.5,369,12.0,22.5,14,3852.84851816612,3829.81,23.9339220621637,PQ26/25
0.14,20,20.5,2.278,20.2,14.3,3.45,14.0,12.5,179,8.8,18.0,58,12522.5541800455,1727.01,191.256564402848,PQ20/20
0.078,50,32.0,1.704,20.5,11.5,4.64,22.0,19.0,582,13.4,27.5,11,1101.34168207318,1115.58,17.561826669995,PQ32/20
0.081,20,16.4,1.687,11.6,6.7,3.53,11.2,9.6,532,7.0,14.4,15,954.520788515478,226.236,10.1359389716832,PQ16/11.6
0.12,100,35.1,1.941,34.8,25.0,5.87,26.0,23.5,247,14.3,32.0,28,13429.8870045138,9118.96,122.492423289972,PQ35/35
0.2,30,26.5,1.563,20.2,11.5,7.01,19.0,15.5,80,12.0,22.5,28,10864.5345689006,900.294,98.7604318734151,PQ26/20
0.2,30,32.0,1.729,30.4,21.3,4.35,22.0,19.0,43,13.4,27.5,45,3203.04520500581,515.658,303.094625609893,PQ32/30
0.2,50,32.0,1.347,30.4,21.3,5.71,22.0,19.0,58,13.4,27.5,27,3427.4485579465004,796.7729999999999,133.03582380124402,PQ32/30
0.109,100,40.5,1.531,30.3,20.0,3.18,28.0,28.0,297,14.9,37.0,31,5681.09121122509,4874.73,193.687671790151,PQ40/30
0.091,40,107.0,2.383,87.0,56.0,4.98,70.0,72.5,428,41.0,93.7,15,3190.0357317791,21002.2,195.910557000865,PQ107/87
0.092,80,50.0,2.198,50.0,36.1,6.71,32.5,31.5,420,20.0,44.0,10,1293.60463155406,4034.71,25.74125057767,PQ50/50
0.087,20,16.4,1.318,11.6,6.7,3.87,11.2,9.6,464,7.0,14.4,11,634.390114041708,169.328,6.69006956703948,PQ16/11.6
0.2,30,50.0,1.596,50.0,36.1,6.06,32.5,31.5,75,20.0,44.0,32,4768.33192644731,5348.28,339.83935833073,PQ50/50
0.081,400,26.5,1.539,24.8,16.1,2.85,19.0,15.5,542,12.0,22.5,16,4101.82221332488,940.5409999999999,33.5362034927024,PQ26/25
0.2,400,65.0,1.738,60.0,42.0,19.86,45.0,40.8,27,26.0,55.0,10,2301.7025343453,1139.93,49.4212954675268,PQ65/60
0.118,50,35.1,1.968,34.8,25.0,3.53,26.0,23.5,254,14.3,32.0,36,5426.8189917747295,4782.82,200.268598876627,PQ35/35
0.124,250,35.1,2.122,34.8,25.0,10.55,26.0,23.5,231,14.3,32.0,18,27546.535496164703,9791.92,47.2622849254702,PQ35/35
0.2,50,65.0,1.854,60.0,42.0,3.52,45.0,40.8,34,26.0,55.0,67,4230.507655864601,2368.7599999999998,2104.69041505624,PQ65/60
0.078,100,16.4,1.93,11.6,6.7,2.71,11.2,9.6,587,7.0,14.4,22,3637.54398868649,274.709,19.484351086317,PQ16/11.6
0.086,600,26.5,1.97,20.2,11.5,6.67,19.0,15.5,479,12.0,22.5,9,7070.39909048242,667.878,8.39197983446045,PQ26/20
0.108,30,35.1,1.325,34.8,25.0,7.53,26.0,23.5,303,14.3,32.0,10,1724.11200343535,3740.11,21.0359889772849,PQ35/35
0.096,40,16.4,0.809,11.6,6.7,1.54,11.2,9.6,379,7.0,14.4,34,1973.91085685591,597.619,95.54678182177051,PQ16/11.6
0.095,20,26.5,1.205,20.2,11.5,6.87,19.0,15.5,392,12.0,22.5,11,2384.77954474169,2537.39,18.9560446251697,PQ26/20
0.127,400,65.0,1.016,60.0,42.0,3.26,45.0,40.8,218,26.0,55.0,28,12488.7403815695,22359.0,604.666904789019,PQ65/60
0.096,350,26.5,1.05,20.2,11.5,6.71,19.0,15.5,379,12.0,22.5,10,6256.09990187717,2368.78,17.5916889514179,PQ26/20
0.177,250,32.0,0.369,30.4,21.3,5.5,22.0,19.0,113,13.4,27.5,6,384.294791831834,812.704,19.2852384049778,PQ32/30
0.094,150,26.5,1.407,24.8,16.1,3.83,19.0,15.5,400,12.0,22.5,21,6403.65555670792,2931.86,62.2307810562214,PQ26/25
0.2,150,40.5,0.663,30.3,20.0,13.82,28.0,28.0,25,14.9,37.0,6,279.567635677214,196.152,14.3392638191626,PQ40/30
0.083,600,26.5,1.775,20.2,11.5,5.64,19.0,15.5,512,12.0,22.5,9,5145.59952516146,602.37,9.166502938761411,PQ26/20
0.176,50,26.5,1.284,20.2,11.5,4.88,19.0,15.5,114,12.0,22.5,25,7552.10169477418,791.219,92.8774365205731,PQ26/20
0.104,30,16.4,1.584,11.6,6.7,3.5,11.2,9.6,324,7.0,14.4,28,4128.542242865309,534.617,37.235315489678,PQ16/11.6
0.083,350,32.0,1.384,20.5,11.5,4.64,22.0,19.0,513,13.4,27.5,9,2018.72944859613,826.148,13.9714717892916,PQ32/20
0.101,120,26.5,1.99,24.8,16.1,3.96,19.0,15.5,348,12.0,22.5,29,13588.2449267743,2795.5899999999997,89.5055835158078,PQ26/25
0.2,20,32.0,1.581,20.5,11.5,4.23,22.0,19.0,53,13.4,27.5,48,5821.49109792263,590.15,355.955328692308,PQ32/20
0.092,60,65.0,2.132,60.0,42.0,6.88,45.0,40.8,415,26.0,55.0,9,1555.6885534748,5154.26,33.8402672433985,PQ65/60
0.168,600,107.0,1.987,87.0,56.0,6.48,70.0,72.5,125,41.0,93.7,29,58080.4767117088,37672.7,852.68008830332,PQ107/87
0.084,350,26.5,2.385,20.2,11.5,4.7,19.0,15.5,497,12.0,22.5,16,10701.0513430956,842.662,22.5782907479386,PQ26/20
0.158,40,35.1,1.421,34.8,25.0,2.44,26.0,23.5,141,14.3,32.0,53,6358.4870930242405,3263.73,559.47631015381,PQ35/35
0.185,600,65.0,1.623,60.0,42.0,15.41,45.0,40.8,103,26.0,55.0,9,13783.6597856458,6089.42,42.2865684553476,PQ65/60
0.087,300,20.5,0.632,20.2,14.3,2.77,14.0,12.5,466,8.8,18.0,7,247.284524239529,300.957,7.69112333226384,PQ20/20
0.093,120,20.5,1.903,20.2,14.3,3.06,14.0,12.5,407,8.8,18.0,18,1820.66264354313,381.401,21.2326571119168,PQ20/20
0.089,400,65.0,1.627,60.0,42.0,2.27,45.0,40.8,364,26.0,55.0,42,13492.4590343036,22944.4,918.423155757327,PQ65/60
0.089,250,26.5,0.477,24.8,16.1,1.54,19.0,15.5,443,12.0,22.5,10,195.543220087664,477.186,34.7784437041938,PQ26/25
0.078,180,20.5,1.268,20.2,14.3,1.72,14.0,12.5,586,8.8,18.0,21,1475.73728380968,553.964,39.7543259154119,PQ20/20
0.123,80,107.0,0.563,87.0,56.0,2.42,70.0,72.5,235,41.0,93.7,20,593.51720183686,58856.1,1197.2858634168501,PQ107/87
0.126,10,20.5,1.784,16.2,10.3,1.63,14.0,12.5,223,8.8,18.0,103,10705.4648174244,1883.63,703.2794628570581,PQ20/16
0.103,100,32.0,1.808,30.4,21.3,5.32,22.0,19.0,332,13.4,27.5,20,5216.522154563319,4139.7300000000005,57.7464943864233,PQ32/30
0.09,80,20.5,2.455,20.2,14.3,2.67,14.0,12.5,440,8.8,18.0,27,2978.762442805,536.227,39.0125586480868,PQ20/20
0.079,200,20.5,1.184,16.2,10.3,2.55,14.0,12.5,572,8.8,18.0,14,1360.11153592562,435.4,18.1136508745821,PQ20/16
0.086,400,20.5,0.83,20.2,14.3,3.53,14.0,12.5,473,8.8,18.0,7,514.568355818536,332.228,6.17413994591978,PQ20/20
0.084,150,20.5,0.669,16.2,10.3,1.6,14.0,12.5,500,8.8,18.0,13,328.728742346327,277.90500000000003,24.9312881872916,PQ20/16
0.2,60,26.5,0.579,24.8,16.1,7.9,19.0,15.5,82,12.0,22.5,9,909.742196013051,777.273,23.9287170165628,PQ26/25
0.118,40,65.0,1.208,60.0,42.0,7.33,45.0,40.8,255,26.0,55.0,10,1769.11641481143,11416.5,66.58745368082221,PQ65/60
0.099,150,65.0,1.073,60.0,42.0,1.18,45.0,40.8,358,26.0,55.0,57,5174.61373691864,21945.5,2390.10039658782,PQ65/60
0.119,10,26.5,1.996,24.8,16.1,0.78,19.0,15.5,251,12.0,22.5,158,7408.55484826152,1847.56,2651.85849785039,PQ26/25
0.057,600,20.5,0.144,20.2,14.3,1.22,14.0,12.5,209,8.8,18.0,10,13.0013824208213,565.027,55.1531656623303,PQ20/20
0.094,350,26.5,0.469,20.2,11.5,2.51,19.0,15.5,398,12.0,22.5,12,1558.13758057515,1927.39,50.583669124945004,PQ26/20
0.2,30,35.1,0.882,34.8,25.0,9.34,26.0,23.5,66,14.3,32.0,12,1217.6080557927,1490.03,42.0328692207946,PQ35/35
0.112,80,32.0,1.479,20.5,11.5,2.13,22.0,19.0,281,13.4,27.5,42,9606.91018162818,1797.4399999999998,287.961126579385,PQ32/20
0.087,30,35.1,2.378,34.8,25.0,0.89,26.0,23.5,463,14.3,32.0,85,2563.24321208372,2489.96,965.443297666559,PQ35/35
0.109,40,20.5,1.926,16.2,10.3,3.31,14.0,12.5,298,8.8,18.0,34,6114.6516111253895,983.656,71.944876976052,PQ20/16
0.124,180,107.0,0.846,87.0,56.0,1.77,70.0,72.5,146,41.0,93.7,43,1831.69061778373,31720.8,3887.83088738462,PQ107/87
0.105,80,26.5,1.952,24.8,16.1,2.69,19.0,15.5,319,12.0,22.5,44,14390.2795255473,2708.38,209.206515891128,PQ26/25
0.103,300,32.0,2.088,20.5,11.5,7.62,22.0,19.0,330,13.4,27.5,16,23417.3996959385,2559.12,31.3951829258987,PQ32/20
0.084,350,40.5,2.315,39.8,29.5,2.0,28.0,28.0,502,14.9,37.0,34,7007.33952204542,2907.58,174.120672208213,PQ40/40
0.111,100,32.0,1.428,30.4,21.3,2.31,22.0,19.0,284,13.4,27.5,37,5936.7004405424605,2795.54,238.244337007872,PQ32/30
0.151,300,107.0,2.479,87.0,56.0,13.21,70.0,72.5,154,41.0,93.7,16,20700.4122490878,46383.8,215.939280799886,PQ107/87
0.157,120,107.0,0.308,87.0,56.0,1.32,70.0,72.5,143,41.0,93.7,20,167.847549586248,18828.7,2005.64299764267,PQ107/87
0.162,300,40.5,1.194,39.8,29.5,10.24,28.0,28.0,134,14.9,37.0,10,4349.18380700439,2856.11,24.9716703748617,PQ40/40
0.101,10,20.5,1.796,20.2,14.3,0.87,14.0,12.5,345,8.8,18.0,118,3786.54043206857,1653.31,955.579855853448,PQ20/20
0.086,250,20.5,0.326,16.2,10.3,1.12,14.0,12.5,475,8.8,18.0,9,88.59669780203119,189.35399999999998,21.9671278590203,PQ20/16
0.116,100,20.5,0.403,16.2,10.3,1.98,14.0,12.5,263,8.8,18.0,12,275.502158920666,384.867,32.6136930587759,PQ20/16
0.2,60,26.5,0.438,20.2,11.5,3.16,19.0,15.5,82,12.0,22.5,16,919.5895696319401,481.58299999999997,95.581754383457,PQ26/20
0.086,60,16.4,2.269,11.6,6.7,2.12,11.2,9.6,475,7.0,14.4,31,3420.76808028361,165.967,33.7020013708632,PQ16/11.6
0.072,600,40.5,0.696,30.3,20.0,2.21,28.0,28.0,274,14.9,37.0,19,632.1576286112501,2388.68,137.831474524583,PQ40/30
0.091,60,20.5,2.092,16.2,10.3,1.54,14.0,12.5,429,8.8,18.0,40,3049.93604204574,321.229,92.9620759465718,PQ20/16
0.157,40,35.1,1.309,34.8,25.0,1.77,26.0,23.5,144,14.3,32.0,70,7709.32622633336,3568.55,1041.19516113167,PQ35/35
0.127,80,35.1,1.725,34.8,25.0,4.64,26.0,23.5,220,14.3,32.0,32,10140.5447006505,7167.56,175.213438718603,PQ35/35
0.14,80,26.5,1.036,20.2,11.5,5.88,19.0,15.5,181,12.0,22.5,15,3998.14159163912,1277.0,40.058387703327,PQ26/20
0.099,100,107.0,1.261,87.0,56.0,6.6,70.0,72.5,359,41.0,93.7,12,2078.73088428463,74243.3,214.26387690596198,PQ107/87
0.089,600,32.0,0.75,30.4,21.3,2.02,22.0,19.0,449,13.4,27.5,11,757.804295245798,730.469,35.4848375913547,PQ32/30
0.118,150,26.5,1.868,24.8,16.1,5.92,19.0,15.5,255,12.0,22.5,20,12665.470913257,1967.56,44.812784515482896,PQ26/25
0.2,60,32.0,0.473,20.5,11.5,2.66,22.0,19.0,84,13.4,27.5,21,1387.0126164056799,720.6709999999999,190.098614338056,PQ32/20
0.092,200,50.0,2.407,40.0,26.1,1.65,32.0,31.5,420,20.0,44.0,46,8914.74690553256,3497.01,494.845807585854,PQ50/40
0.145,50,26.5,1.672,24.8,16.1,3.58,19.0,15.5,167,12.0,22.5,40,12408.6045963014,1832.42,196.303632065462,PQ26/25
0.11,100,20.5,1.202,20.2,14.3,3.63,14.0,12.5,294,8.8,18.0,19,2760.53166524849,977.316,33.949675850091296,PQ20/20
0.084,250,32.0,2.069,30.4,21.3,2.01,22.0,19.0,504,13.4,27.5,31,6420.6399064957,1626.3000000000002,124.661501462457,PQ32/30
0.123,200,26.5,0.586,20.2,11.5,5.14,19.0,15.5,235,12.0,22.5,11,2977.65709901201,2298.48,35.036238414815195,PQ26/20
0.118,250,32.0,1.758,30.4,21.3,7.47,22.0,19.0,255,13.4,27.5,14,8496.28632262974,2581.93,28.9491666419053,PQ32/30
0.077,200,26.5,1.36,24.8,16.1,1.36,19.0,15.5,591,12.0,22.5,31,3391.9349992174,1154.78,139.264937981956,PQ26/25
0.149,120,40.5,2.356,39.8,29.5,14.11,28.0,28.0,159,14.9,37.0,15,11225.218549822801,6726.9800000000005,33.4791137154763,PQ40/40
0.084,180,50.0,2.256,40.0,26.1,0.82,32.0,31.5,497,20.0,44.0,78,9446.927189681172,3491.9,1499.31388838387,PQ50/40
0.111,500,35.1,2.095,34.8,25.0,13.18,26.0,23.5,286,14.3,32.0,9,10644.354547165402,4404.68,11.9236393495295,PQ35/35
0.144,40,20.5,0.412,20.2,14.3,3.0,14.0,12.5,171,8.8,18.0,13,310.14646527664,770.675,37.879821858429594,PQ20/20
0.153,600,65.0,1.498,60.0,42.0,8.42,45.0,40.8,151,26.0,55.0,16,23075.7744841771,13413.7,142.766658325614,PQ65/60
0.108,50,20.5,0.885,16.2,10.3,2.47,14.0,12.5,300,8.8,18.0,21,1146.91562941182,682.937,51.7296952102357,PQ20/16
0.124,300,50.0,0.933,50.0,36.1,3.84,32.5,31.5,231,20.0,44.0,21,5822.62810939694,13319.2,226.036369701343,PQ50/50
0.105,200,50.0,2.445,50.0,36.1,2.42,32.5,31.5,323,20.0,44.0,57,28935.1298738238,13598.699999999999,770.251539014176,PQ50/50
0.2,10,32.0,0.467,30.4,21.3,1.1,22.0,19.0,77,13.4,27.5,49,360.391449223808,851.659,1051.84307586018,PQ32/30
0.093,80,16.4,1.851,11.6,6.7,3.48,11.2,9.6,412,7.0,14.4,16,1915.93464730794,130.065,10.6662912536001,PQ16/11.6
0.118,40,26.5,2.12,24.8,16.1,4.62,19.0,15.5,254,12.0,22.5,29,6623.30991162915,2065.0400000000004,85.0374339219796,PQ26/25
0.099,250,32.0,2.25,30.4,21.3,5.96,22.0,19.0,359,13.4,27.5,22,19402.5971363269,5251.94,58.8329809818352,PQ32/30
0.135,80,32.0,2.439,20.5,11.5,7.26,22.0,19.0,194,13.4,27.5,32,45002.2247751397,3613.42,110.51872290380099,PQ32/20
0.151,60,32.0,1.422,20.5,11.5,4.17,22.0,19.0,155,13.4,27.5,31,11378.3533678372,1700.05,162.184309666644,PQ32/20
0.054,350,20.5,0.26,20.2,14.3,0.7,14.0,12.5,289,8.8,18.0,21,31.615079591901697,439.03700000000003,145.681200732875,PQ20/20
0.136,200,40.5,0.961,30.3,20.0,7.38,28.0,28.0,192,14.9,37.0,11,2844.3745128707196,3465.43,35.412990560432,PQ40/30
0.167,10,40.5,1.403,30.3,20.0,8.58,28.0,28.0,126,14.9,37.0,15,4354.83848023215,2422.54,48.6077710703927,PQ40/30
0.095,100,32.0,2.449,30.4,21.3,5.76,22.0,19.0,389,13.4,27.5,26,12223.0293164217,7231.08,76.80479315408321,PQ32/30
0.2,300,50.0,1.252,40.0,26.1,19.78,32.0,31.5,34,20.0,44.0,8,1884.13742393391,956.664,25.4923210383208,PQ50/40
0.142,30,20.5,0.69,20.2,14.3,1.72,14.0,12.5,176,8.8,18.0,37,1453.26923460013,969.874,200.65932201728,PQ20/20
0.152,30,32.0,1.538,30.4,21.3,1.85,22.0,19.0,152,13.4,27.5,75,9639.919193307851,2716.46,923.646738028955,PQ32/30
0.085,250,32.0,0.91,20.5,11.5,1.01,22.0,19.0,443,13.4,27.5,26,1365.26410764922,466.636,165.649304339141,PQ32/20
0.091,10,16.4,1.234,11.6,6.7,3.22,11.2,9.6,424,7.0,14.4,12,699.100969630231,128.862,8.41201080466111,PQ16/11.6
0.2,40,32.0,1.595,30.4,21.3,5.66,22.0,19.0,77,13.4,27.5,32,7467.000864661421,1438.02,163.512843257878,PQ32/30
0.2,10,32.0,1.63,30.4,21.3,2.74,22.0,19.0,39,13.4,27.5,70,2111.94109655035,456.015,768.480313866601,PQ32/30
0.095,120,26.5,1.208,24.8,16.1,2.19,19.0,15.5,389,12.0,22.5,33,6505.66011678341,2920.89,173.980452988971,PQ26/25
0.111,80,32.0,1.079,30.4,21.3,7.61,22.0,19.0,286,13.4,27.5,9,1167.50058283275,2876.23,17.665963165388,PQ32/30
0.2,40,50.0,2.088,40.0,26.1,9.24,32.0,31.5,82,20.0,44.0,28,12713.643234965699,5805.28,205.714292459368,PQ50/40
0.096,120,32.0,0.734,30.4,21.3,0.9,22.0,19.0,379,13.4,27.5,47,2275.07909088521,3103.64,659.893559136999,PQ32/30
0.16,80,26.5,0.97,20.2,11.5,6.45,19.0,15.5,137,12.0,22.5,13,3080.27956098002,779.14,31.8100345721495,PQ26/20
0.081,40,16.4,2.337,11.6,6.7,2.03,11.2,9.6,544,7.0,14.4,37,3738.79396661302,283.708,46.8081304649905,PQ16/11.6
0.149,120,65.0,2.393,60.0,42.0,10.66,45.0,40.8,159,26.0,55.0,19,13098.2200940737,16062.3,137.590058401072,PQ65/60
0.16,20,32.0,1.65,30.4,21.3,3.6,22.0,19.0,138,13.4,27.5,41,4687.31349028601,2313.67,261.154419836017,PQ32/30
0.127,400,40.5,0.296,39.8,29.5,1.84,28.0,28.0,120,14.9,37.0,14,149.694504125894,1264.67,153.993068877626,PQ40/40
0.11,30,20.5,2.49,16.2,10.3,3.12,14.0,12.5,292,8.8,18.0,48,10359.683675648901,1142.28,115.636412345152,PQ20/16
0.095,120,26.5,1.317,20.2,11.5,2.07,19.0,15.5,391,12.0,22.5,37,10234.8523700603,2154.35,199.127094426919,PQ26/20
0.191,50,40.5,1.261,30.3,20.0,7.47,28.0,28.0,97,14.9,37.0,21,5320.6593495594,3068.85,103.716320766259,PQ40/30
0.111,100,20.5,0.718,16.2,10.3,3.12,14.0,12.5,286,8.8,18.0,13,848.301083329532,510.696,23.5529674915521,PQ20/16
0.103,60,20.5,0.677,16.2,10.3,2.73,14.0,12.5,335,8.8,18.0,15,661.498321310608,790.7370000000001,32.8940129614843,PQ20/16
0.148,30,40.5,2.039,30.3,20.0,11.59,28.0,28.0,162,14.9,37.0,17,6903.70293592593,5400.6,46.5549507196335,PQ40/30
0.143,250,40.5,1.505,30.3,20.0,9.87,28.0,28.0,173,14.9,37.0,14,12362.1149735297,4529.0,40.0429797458912,PQ40/30
0.094,350,35.1,1.998,34.8,25.0,5.56,26.0,23.5,398,14.3,32.0,22,19075.732565270202,9531.94,73.9468519660729,PQ35/35
0.2,120,50.0,1.084,50.0,36.1,4.77,32.5,31.5,59,20.0,44.0,26,3127.43853312998,2427.72,306.673782989303,PQ50/50
0.117,50,35.1,0.63,34.8,25.0,3.37,26.0,23.5,258,14.3,32.0,12,347.79220677150005,2616.17,55.2780575189504,PQ35/35
0.128,100,50.0,0.496,40.0,26.1,5.3,32.0,31.5,217,20.0,44.0,9,554.253497884832,9943.99,70.8318379644152,PQ50/40
0.08,500,40.5,1.295,30.3,20.0,5.18,28.0,28.0,548,14.9,37.0,8,1300.28902209533,2139.39,14.725320852083,PQ40/30
0.108,60,26.5,1.262,24.8,16.1,6.71,19.0,15.5,300,12.0,22.5,11,1561.10334061319,1736.65,18.653842829579297,PQ26/25
0.084,200,20.5,1.316,16.2,10.3,3.21,14.0,12.5,506,8.8,18.0,13,1705.16250328127,424.128,14.346692049937301,PQ20/16
0.08,400,26.5,1.734,24.8,16.1,3.26,19.0,15.5,555,12.0,22.5,16,5268.53483680797,1084.54,30.4510262961785,PQ26/25
0.145,30,26.5,2.401,20.2,11.5,3.25,19.0,15.5,168,12.0,22.5,63,27522.9817002573,1585.35,348.10118781089005,PQ26/20
0.139,100,32.0,1.196,20.5,11.5,4.0,22.0,19.0,183,13.4,27.5,26,10377.4970892379,1902.23,131.721722751433,PQ32/20
0.068,400,20.5,0.185,20.2,14.3,1.07,14.0,12.5,309,8.8,18.0,11,31.750518036554098,591.911,53.5321163529618,PQ20/20
0.117,20,16.4,2.287,11.6,6.7,2.84,11.2,9.6,259,7.0,14.4,51,9572.94432952478,435.324,90.6290297706542,PQ16/11.6
0.084,250,40.5,1.511,39.8,29.5,2.16,28.0,28.0,506,14.9,37.0,20,1312.08527270096,2041.96,83.1499850970836,PQ40/40
0.135,200,32.0,0.885,20.5,11.5,7.66,22.0,19.0,195,13.4,27.5,10,4494.7863942839,1873.24,25.0969775876672,PQ32/20
0.119,10,16.4,2.098,11.6,6.7,2.26,11.2,9.6,249,7.0,14.4,79,11884.367340115099,828.9499999999999,234.094187743123,PQ16/11.6
0.2,60,40.5,1.699,39.8,29.5,9.39,28.0,28.0,34,14.9,37.0,22,1898.31471406135,694.885,92.15861585862899,PQ40/40
0.08,200,26.5,2.382,24.8,16.1,2.11,19.0,15.5,558,12.0,22.5,32,8274.66685258865,1106.03,94.0990862758813,PQ26/25
0.137,400,40.5,0.844,30.3,20.0,8.41,28.0,28.0,187,14.9,37.0,9,3869.96524511535,3675.57,26.3911217580266,PQ40/30
0.2,250,50.0,0.731,50.0,36.1,9.25,32.5,31.5,48,20.0,44.0,9,734.482808842234,1382.49,50.9423132415972,PQ50/50
0.085,100,32.0,1.53,20.5,11.5,0.88,22.0,19.0,493,13.4,27.5,49,3287.93395192335,663.887,380.879228157336,PQ32/20
0.2,60,50.0,1.637,50.0,36.1,6.54,32.5,31.5,46,20.0,44.0,31,3511.56551849425,2311.56,312.673347529232,PQ50/50
0.124,60,20.5,0.479,16.2,10.3,2.11,14.0,12.5,229,8.8,18.0,21,988.063246790626,1036.38,86.3231431783413,PQ20/16
0.082,350,20.5,0.356,16.2,10.3,1.34,14.0,12.5,528,8.8,18.0,8,125.90127234138302,220.95000000000002,16.1048227692191,PQ20/16
0.092,250,26.5,2.476,20.2,11.5,4.65,19.0,15.5,416,12.0,22.5,15,6165.65080710302,457.252,19.223267668313,PQ26/20
0.113,250,26.5,1.297,24.8,16.1,5.99,19.0,15.5,278,12.0,22.5,13,6291.05815780512,1650.22,25.4686321194005,PQ26/25
0.2,60,40.5,1.701,39.8,29.5,10.34,28.0,28.0,43,14.9,37.0,21,2773.52500864865,1213.57,83.8625637557852,PQ40/40
0.121,60,35.1,0.906,34.8,25.0,1.36,26.0,23.5,242,14.3,32.0,58,3964.33400943741,6154.59,959.670988338451,PQ35/35
0.108,180,26.5,1.715,20.2,11.5,6.01,19.0,15.5,301,12.0,22.5,17,11875.9226299398,1588.35,33.6757628216383,PQ26/20
0.111,50,20.5,1.058,20.2,14.3,1.72,14.0,12.5,285,8.8,18.0,35,1925.8535511025,842.988,127.375278437512,PQ20/20
0.107,40,20.5,0.837,16.2,10.3,1.18,14.0,12.5,308,8.8,18.0,42,1596.71870010737,711.977,216.418341533914,PQ20/16
0.104,600,107.0,1.852,87.0,56.0,6.83,70.0,72.5,327,41.0,93.7,16,11141.8770538676,61274.5,274.932683138693,PQ107/87
0.086,250,20.5,0.775,20.2,14.3,2.07,14.0,12.5,482,8.8,18.0,12,578.3124737965691,403.268,19.1762832973071,PQ20/20
0.09,50,20.5,1.786,20.2,14.3,1.06,14.0,12.5,431,8.8,18.0,51,2042.4618509002,461.495,179.247289754238,PQ20/20
0.066,600,50.0,0.805,40.0,26.1,1.08,32.0,31.5,389,20.0,44.0,43,2315.6042563739798,9036.73,1065.06706200621,PQ50/40
0.147,120,32.0,0.671,30.4,21.3,2.89,22.0,19.0,163,13.4,27.5,21,2153.8382189988,2067.84,142.083829103269,PQ32/30
0.099,500,50.0,1.43,40.0,26.1,10.71,32.0,31.5,363,20.0,44.0,8,5425.097559494269,11291.4,22.8187128293634,PQ50/40
0.136,80,32.0,2.092,20.5,11.5,7.18,22.0,19.0,191,13.4,27.5,25,21829.1110534836,2530.23,76.4353848502408,PQ32/20
0.123,80,32.0,2.283,30.4,21.3,4.4,22.0,19.0,233,13.4,27.5,44,27404.7969700046,6365.56,232.918927018359,PQ32/30
0.159,40,50.0,1.753,40.0,26.1,13.06,32.0,31.5,140,20.0,44.0,12,4506.54184702083,6150.38,43.516569982315495,PQ50/40
0.086,120,26.5,2.162,24.8,16.1,6.77,19.0,15.5,475,12.0,22.5,9,1418.8333724366,765.741,8.05831592332852,PQ26/25
0.065,600,32.0,1.151,30.4,21.3,1.75,22.0,19.0,488,13.4,27.5,21,1309.05811065412,1276.69,91.1466974180086,PQ32/30
0.15,100,40.5,2.243,30.3,20.0,6.23,28.0,28.0,157,14.9,37.0,33,24339.5520438009,4704.43,162.921286312667,PQ40/30
0.111,600,40.5,1.577,39.8,29.5,8.07,28.0,28.0,289,14.9,37.0,12,9215.19379262383,5757.33,28.962522066794,PQ40/40
0.092,50,20.5,1.78,16.2,10.3,1.24,14.0,12.5,418,8.8,18.0,41,1865.02380612118,262.843,111.55277291139501,PQ20/16
0.105,600,32.0,0.739,20.5,11.5,7.02,22.0,19.0,318,13.4,27.5,6,2371.09670336349,1429.5,10.529397278628199,PQ32/20
0.2,30,40.5,0.571,30.3,20.0,4.64,28.0,28.0,60,14.9,37.0,15,450.662676168501,852.948,101.64652450755,PQ40/30
0.125,10,32.0,2.131,30.4,21.3,3.39,22.0,19.0,225,13.4,27.5,55,7072.64475725115,6203.05,383.876980320868,PQ32/30
0.181,80,40.5,0.494,30.3,20.0,2.44,28.0,28.0,108,14.9,37.0,18,552.4941744753829,1046.78,165.324152719094,PQ40/30
0.115,60,20.5,1.552,16.2,10.3,3.55,14.0,12.5,266,8.8,18.0,25,4237.1507342185,671.867,46.4082760161954,PQ20/16
0.118,50,26.5,1.458,20.2,11.5,3.32,19.0,15.5,253,12.0,22.5,26,3964.26091510714,1061.13,90.2618329512543,PQ26/20
0.093,350,26.5,2.246,24.8,16.1,5.69,19.0,15.5,405,12.0,22.5,12,5442.18467136059,709.934,13.8872135504461,PQ26/25
0.087,100,20.5,0.514,20.2,14.3,0.64,14.0,12.5,470,8.8,18.0,23,157.723480871573,231.074,98.4301702746994,PQ20/20
0.098,100,20.5,1.059,16.2,10.3,3.19,14.0,12.5,366,8.8,18.0,19,2633.36856504367,998.671,36.5837311342444,PQ20/16
0.2,150,50.0,2.465,40.0,26.1,15.76,32.0,31.5,82,20.0,44.0,18,31622.8690148441,5236.33,74.443308905699,PQ50/40
0.096,150,26.5,2.121,20.2,11.5,4.76,19.0,15.5,383,12.0,22.5,26,21338.3365604384,2558.54,65.8468194255225,PQ26/20
0.128,120,26.5,1.242,20.2,11.5,7.02,19.0,15.5,215,12.0,22.5,15,8066.804829978149,1874.4099999999999,34.3852966551241,PQ26/20
0.155,60,20.5,0.261,20.2,14.3,3.14,14.0,12.5,147,8.8,18.0,8,117.016363249101,512.385,21.1242887825246,PQ20/20
0.129,350,26.5,0.272,24.8,16.1,4.29,19.0,15.5,212,12.0,22.5,6,445.315270357956,1757.2,20.444313325661902,PQ26/25
0.095,60,50.0,1.966,50.0,36.1,10.58,32.5,31.5,387,20.0,44.0,11,3943.60870160932,18843.2,33.9883999548572,PQ50/50
0.084,300,32.0,2.294,20.5,11.5,5.2,22.0,19.0,506,13.4,27.5,13,5999.847150112921,946.532,19.174293478911302,PQ32/20
0.122,250,35.1,2.236,34.8,25.0,14.0,26.0,23.5,236,14.3,32.0,15,27434.9740917151,11950.3,31.538676250401,PQ35/35
0.077,500,40.5,1.597,30.3,20.0,1.95,28.0,28.0,600,14.9,37.0,25,5432.70626423628,2506.26,121.820287155693,PQ40/30
0.078,200,20.5,1.422,20.2,14.3,3.0,14.0,12.5,575,8.8,18.0,15,1737.7284174368199,758.915,18.5382508440216,PQ20/20
0.103,20,20.5,1.004,20.2,14.3,0.56,14.0,12.5,330,8.8,18.0,106,2235.5381367393397,1170.25,1217.83435150167,PQ20/20
0.151,250,65.0,2.028,60.0,42.0,5.32,45.0,40.8,155,26.0,55.0,37,46411.0121310286,19819.2,596.50102251035,PQ65/60
0.078,400,50.0,1.247,50.0,36.1,1.44,32.5,31.5,307,20.0,44.0,50,4060.57283432938,8964.92,1009.66054316986,PQ50/50
0.084,150,20.5,1.262,16.2,10.3,3.45,14.0,12.5,503,8.8,18.0,11,929.632116868169,355.923,10.6280530884487,PQ20/16
0.2,150,50.0,1.545,40.0,26.1,9.95,32.0,31.5,70,20.0,44.0,18,9866.76377023717,3184.62,108.59593352175,PQ50/40
0.166,20,32.0,2.346,30.4,21.3,2.39,22.0,19.0,128,13.4,27.5,84,14383.846791460099,2203.3399999999997,830.979804947375,PQ32/30
0.2,180,50.0,1.159,50.0,36.1,8.93,32.5,31.5,40,20.0,44.0,16,1898.85006533278,1488.9099999999999,109.919556765059,PQ50/50
0.091,100,16.4,2.149,11.6,6.7,3.84,11.2,9.6,429,7.0,14.4,17,3218.91914427521,152.336,10.6098879666546,PQ16/11.6
0.079,120,16.4,0.581,11.6,6.7,1.17,11.2,9.6,562,7.0,14.4,14,244.370125639722,115.927,21.3321824934763,PQ16/11.6
0.088,400,26.5,1.382,24.8,16.1,3.28,19.0,15.5,452,12.0,22.5,13,2890.76508396528,710.127,24.1777738241581,PQ26/25
0.186,150,40.5,1.097,30.3,20.0,7.57,28.0,28.0,102,14.9,37.0,14,4502.93975623707,1659.85,51.594235430802,PQ40/30
0.085,250,26.5,2.237,20.2,11.5,3.07,19.0,15.5,484,12.0,22.5,22,8613.25042761065,700.111,45.0775600950826,PQ26/20
0.1,20,32.0,1.964,20.5,11.5,3.61,22.0,19.0,352,13.4,27.5,33,4789.49466978967,3087.59,140.510810991168,PQ32/20
0.081,400,40.5,1.046,39.8,29.5,1.71,28.0,28.0,359,14.9,37.0,35,3055.31276773549,5592.28,338.961917604803,PQ40/40
0.085,350,26.5,0.431,24.8,16.1,1.87,19.0,15.5,490,12.0,22.5,7,141.287027063785,471.032,18.6015055544449,PQ26/25
0.099,350,40.5,2.259,39.8,29.5,13.99,28.0,28.0,361,14.9,37.0,10,9257.71288764767,11237.8,15.346507019936,PQ40/40
0.2,50,107.0,1.569,87.0,56.0,4.88,70.0,72.5,81,41.0,93.7,41,7823.3061391221,33326.3,2082.69204825285,PQ107/87
0.092,30,20.5,2.135,16.2,10.3,1.14,14.0,12.5,418,8.8,18.0,54,2109.00996274868,297.231,166.702455470209,PQ20/16
0.172,20,32.0,2.298,30.4,21.3,5.13,22.0,19.0,119,13.4,27.5,39,7661.52857932681,1988.69,182.07210414217,PQ32/30
0.2,150,65.0,1.882,60.0,42.0,8.16,45.0,40.8,32,26.0,55.0,28,4231.45707269256,1892.7,362.979444101576,PQ65/60
0.12,500,40.5,1.082,39.8,29.5,8.24,28.0,28.0,244,14.9,37.0,12,7917.02037482042,9460.69,38.8516263937508,PQ40/40
0.082,400,32.0,1.699,20.5,11.5,4.55,22.0,19.0,522,13.4,27.5,12,4948.05507977256,1100.17,20.9491985906236,PQ32/20
0.08,150,20.5,2.164,20.2,14.3,3.56,14.0,12.5,552,8.8,18.0,18,2971.06294924086,768.14,19.1695644527651,PQ20/20
0.09,10,40.5,1.519,39.8,29.5,3.11,28.0,28.0,435,14.9,37.0,15,1813.8058893861798,1894.3000000000002,46.5462325882161,PQ40/40
0.095,10,20.5,2.165,16.2,10.3,1.23,14.0,12.5,389,8.8,18.0,106,6511.60518663838,1832.66,634.639511223403,PQ20/16
0.084,300,20.5,0.666,20.2,14.3,2.08,14.0,12.5,499,8.8,18.0,10,394.088692829161,366.709,15.0531537655443,PQ20/20
0.2,60,35.1,0.238,34.8,25.0,1.39,26.0,23.5,59,14.3,32.0,21,94.290996612874,659.868,388.713670768899,PQ35/35
0.121,150,40.5,1.989,39.8,29.5,6.16,28.0,28.0,243,14.9,37.0,31,22718.2926745437,15299.6,162.375951845219,PQ40/40
0.098,500,40.5,2.322,39.8,29.5,8.37,28.0,28.0,364,14.9,37.0,17,21471.2961423571,11335.3,43.4600062857916,PQ40/40
0.095,600,50.0,0.642,40.0,26.1,3.31,32.0,31.5,101,20.0,44.0,17,426.095081457805,2101.95,202.103130554259,PQ50/40
0.125,100,40.5,1.6,39.8,29.5,3.59,28.0,28.0,226,14.9,37.0,43,13798.5861271177,11919.6,367.970661381502,PQ40/40
0.169,60,26.5,1.27,24.8,16.1,5.36,19.0,15.5,123,12.0,22.5,22,5918.5370837031705,1136.29,74.2500497897751,PQ26/25
0.2,300,107.0,1.434,87.0,56.0,10.06,70.0,72.5,55,41.0,93.7,18,6998.6322160278205,15502.1,433.158377119985,PQ107/87
0.2,40,20.5,0.283,16.2,10.3,3.12,14.0,12.5,22,8.8,18.0,11,46.2221691672921,23.5649,37.2383605902172,PQ20/16
0.107,180,32.0,1.528,30.4,21.3,6.57,22.0,19.0,308,13.4,27.5,14,4861.84199737046,3464.55,32.3371276188735,PQ32/30
0.134,30,16.4,0.82,11.6,6.7,3.58,11.2,9.6,196,7.0,14.4,20,1784.98465730268,389.374,32.7280691224987,PQ16/11.6
0.095,250,26.5,1.901,24.8,16.1,5.67,19.0,15.5,391,12.0,22.5,19,16140.831658723102,3215.92,39.8744264450197,PQ26/25
0.132,120,26.5,1.219,20.2,11.5,6.25,19.0,15.5,202,12.0,22.5,18,10953.4759274235,2057.17,50.286383723033,PQ26/20
0.099,30,16.4,0.495,11.6,6.7,1.5,11.2,9.6,362,7.0,14.4,21,395.592602874993,423.19,54.8622090117921,PQ16/11.6
0.154,40,50.0,2.404,40.0,26.1,16.28,32.0,31.5,149,20.0,44.0,14,9549.83124272407,9483.28,45.942968016148,PQ50/40
0.133,180,20.5,0.181,20.2,14.3,2.26,14.0,12.5,201,8.8,18.0,7,96.5937471503018,619.322,22.1645362430984,PQ20/20
0.2,20,40.5,1.125,30.3,20.0,9.46,28.0,28.0,46,14.9,37.0,14,1784.20217367,645.1,50.5386373004757,PQ40/30
0.086,10,32.0,2.104,30.4,21.3,7.25,22.0,19.0,473,13.4,27.5,9,5050.59951254482,1587.44,10.3766376134576,PQ32/30
0.17,250,50.0,1.794,40.0,26.1,15.38,32.0,31.5,122,20.0,44.0,11,13885.4865291345,5544.93,35.8769006899516,PQ50/40
0.097,500,65.0,2.473,60.0,42.0,14.14,45.0,40.8,376,26.0,55.0,11,17410.0885582188,35951.3,44.9271448749798,PQ65/60
0.086,200,65.0,1.571,60.0,42.0,4.57,45.0,40.8,481,26.0,55.0,11,980.059727622343,7494.56,64.8367542012683,PQ65/60
0.119,200,40.5,1.168,30.3,20.0,5.01,28.0,28.0,249,14.9,37.0,21,8656.92089536365,7253.15,110.310105347649,PQ40/30
0.103,150,50.0,1.534,50.0,36.1,1.84,32.5,31.5,333,20.0,44.0,51,9392.33003764132,13526.0,889.4595718166979,PQ50/50
0.2,80,40.5,0.612,39.8,29.5,6.54,28.0,28.0,36,14.9,37.0,11,247.602068287917,413.162,51.7738535358745,PQ40/40
0.2,40,20.5,0.184,16.2,10.3,1.92,14.0,12.5,20,8.8,18.0,11,16.5914706051661,15.1014,54.3047460526035,PQ20/16
0.089,150,20.5,0.727,20.2,14.3,1.67,14.0,12.5,448,8.8,18.0,14,361.489479426005,342.881,27.4814842750245,PQ20/20
0.145,200,40.5,0.775,30.3,20.0,4.31,28.0,28.0,167,14.9,37.0,16,2871.20684358222,2813.22,89.49049755213281,PQ40/30
0.2,180,50.0,1.337,40.0,26.1,10.37,32.0,31.5,77,20.0,44.0,15,9046.28963337678,3575.71,84.9059495575371,PQ50/40
0.081,500,26.5,1.559,24.8,16.1,4.77,19.0,15.5,544,12.0,22.5,10,3582.27360977747,1039.0,12.9609124824454,PQ26/25
0.081,400,50.0,0.714,40.0,26.1,3.26,32.0,31.5,534,20.0,44.0,7,289.732700890212,3198.71,31.2463904334486,PQ50/40
0.073,600,40.5,0.923,30.3,20.0,1.43,28.0,28.0,428,14.9,37.0,20,764.364641428747,1035.49,120.916994927902,PQ40/30
0.118,500,35.1,1.221,34.8,25.0,9.84,26.0,23.5,255,14.3,32.0,8,4481.82258833786,3616.02,14.370480541279399,PQ35/35
0.133,20,65.0,0.161,60.0,42.0,1.38,45.0,40.8,200,26.0,55.0,10,87.0087691487768,8360.03,371.872026618377,PQ65/60
0.188,60,26.5,0.353,24.8,16.1,2.22,19.0,15.5,100,12.0,22.5,20,784.207338682808,997.058,181.019880372985,PQ26/25
0.106,150,32.0,0.935,30.4,21.3,1.78,22.0,19.0,315,13.4,27.5,31,3277.58029052436,2650.91,235.245353456353,PQ32/30
0.14,350,50.0,2.037,50.0,36.1,10.67,32.5,31.5,179,20.0,44.0,17,26110.8412483307,13474.0,79.0367520707354,PQ50/50
0.2,120,50.0,2.177,50.0,36.1,13.8,32.5,31.5,51,20.0,44.0,19,7864.52812359054,3045.82,93.7968086974834,PQ50/50
0.111,180,32.0,1.981,30.4,21.3,4.67,22.0,19.0,288,13.4,27.5,24,11689.8127161099,3021.17,77.3803336901761,PQ32/30
0.135,100,40.5,1.368,30.3,20.0,10.62,28.0,28.0,194,14.9,37.0,11,3403.0623409514396,4348.67,26.6570986075862,PQ40/30
0.112,120,26.5,2.214,20.2,11.5,7.14,19.0,15.5,283,12.0,22.5,19,15093.6641102785,1698.84,33.8820742179835,PQ26/20
0.084,100,26.5,2.2,20.2,11.5,1.42,19.0,15.5,501,12.0,22.5,44,6085.88750630407,628.121,182.879121109653,PQ26/20
0.096,30,107.0,2.384,87.0,56.0,4.9,70.0,72.5,382,41.0,93.7,28,7700.61142638688,85891.3,682.109865410309,PQ107/87
0.112,250,40.5,0.477,39.8,29.5,1.8,28.0,28.0,282,14.9,37.0,15,378.579904519353,2358.21,118.039248063861,PQ40/40
0.089,50,32.0,2.073,30.4,21.3,5.95,22.0,19.0,445,13.4,27.5,11,1256.0497886722499,1472.76,15.6781661274886,PQ32/30
0.099,180,20.5,0.364,16.2,10.3,3.16,14.0,12.5,363,8.8,18.0,7,256.67702964448404,726.918,12.1037583002385,PQ20/16
0.091,50,32.0,2.255,20.5,11.5,0.72,22.0,19.0,423,13.4,27.5,92,6539.05668704584,666.676,974.0061021668099,PQ32/20
0.109,50,20.5,2.082,16.2,10.3,3.91,14.0,12.5,296,8.8,18.0,31,7633.97484222742,988.425,56.080037024690604,PQ20/16
0.097,300,40.5,1.411,30.3,20.0,3.64,28.0,28.0,374,14.9,37.0,25,11306.5468102202,7171.22,134.30129726233,PQ40/30
0.098,250,26.5,0.229,24.8,16.1,1.21,19.0,15.5,364,12.0,22.5,11,151.01520223801302,1232.07,79.76274044369,PQ26/25
0.2,200,50.0,1.082,50.0,36.1,9.29,32.5,31.5,75,20.0,44.0,15,6048.43206325475,5070.5,102.2788663078,PQ50/50
0.2,250,65.0,1.99,60.0,42.0,13.02,45.0,40.8,66,26.0,55.0,19,21393.3116434937,7784.14,159.794357171874,PQ65/60
0.2,150,65.0,2.397,60.0,42.0,9.07,45.0,40.8,68,26.0,55.0,34,36968.6062053665,9773.59,440.315264052562,PQ65/60
0.182,350,50.0,1.065,50.0,36.1,10.18,32.5,31.5,107,20.0,44.0,10,5196.56871921285,4488.82,45.996253887965,PQ50/50
0.2,120,35.1,0.691,34.8,25.0,7.31,26.0,23.5,54,14.3,32.0,11,671.705014849925,732.65,43.1329383241567,PQ35/35
0.119,100,26.5,0.222,24.8,16.1,0.64,19.0,15.5,142,12.0,22.5,30,117.045458143182,627.571,610.040017586105,PQ26/25
0.083,100,20.5,2.402,16.2,10.3,2.54,14.0,12.5,512,8.8,18.0,28,4457.487863695271,486.421,40.6008109110819,PQ20/16
0.088,50,32.0,0.995,30.4,21.3,1.22,22.0,19.0,457,13.4,27.5,26,375.150521443159,1056.05,157.274502002053,PQ32/30
0.071,350,20.5,0.212,20.2,14.3,1.05,14.0,12.5,263,8.8,18.0,12,30.7044134599699,385.613,56.6898072552682,PQ20/20
0.115,40,40.5,1.803,30.3,20.0,2.25,28.0,28.0,267,14.9,37.0,50,4934.42175755581,4046.58,443.03849130962703,PQ40/30
0.081,100,32.0,1.784,20.5,11.5,0.8,22.0,19.0,532,13.4,27.5,65,5938.56217204599,892.314,590.271424089643,PQ32/20
0.095,180,26.5,1.366,24.8,16.1,3.05,19.0,15.5,394,12.0,22.5,26,9250.15535453492,2932.18,97.6768648436167,PQ26/25
0.2,40,20.5,0.336,16.2,10.3,3.2,14.0,12.5,39,8.8,18.0,12,91.4851509482322,61.1917,38.183685370174395,PQ20/16
0.178,120,20.5,0.181,20.2,14.3,2.75,14.0,12.5,112,8.8,18.0,6,62.382362500624,237.002,16.289093335182,PQ20/20
0.086,20,20.5,1.053,16.2,10.3,1.83,14.0,12.5,479,8.8,18.0,18,350.298761411154,326.347,32.956645519707,PQ20/16
0.154,180,32.0,0.911,20.5,11.5,7.14,22.0,19.0,148,13.4,27.5,12,5937.24312513579,1431.72,35.2816976468196,PQ32/20
0.085,300,26.5,2.226,20.2,11.5,6.35,19.0,15.5,485,12.0,22.5,11,5637.17430635506,774.196,11.3138921089906,PQ26/20
0.078,500,35.1,0.682,34.8,25.0,3.39,26.0,23.5,584,14.3,32.0,6,241.493758088519,1579.98,12.9341721398288,PQ35/35
0.192,500,65.0,1.274,60.0,42.0,13.1,45.0,40.8,66,26.0,55.0,11,7325.06554240403,4952.57,77.2143950875642,PQ65/60
0.095,400,32.0,1.764,20.5,11.5,7.5,22.0,19.0,387,13.4,27.5,14,20943.0773777789,3328.44,27.6506546974977,PQ32/20
0.081,300,20.5,0.678,20.2,14.3,1.84,14.0,12.5,540,8.8,18.0,11,416.185206830128,379.165,17.9573788429026,PQ20/20
0.2,80,40.5,1.271,39.8,29.5,5.62,28.0,28.0,38,14.9,37.0,28,1650.78146338763,748.0759999999999,186.701990868132,PQ40/40
0.116,30,50.0,2.286,40.0,26.1,7.21,32.0,31.5,261,20.0,44.0,20,5169.16756995058,8983.47,97.5201553684099,PQ50/40
0.084,30,40.5,1.004,39.8,29.5,0.76,28.0,28.0,500,14.9,37.0,41,271.979206370865,1967.28,480.368894415047,PQ40/40
0.083,40,40.5,0.691,39.8,29.5,2.13,28.0,28.0,512,14.9,37.0,10,187.128764570279,1653.81,38.5939754063185,PQ40/40
0.156,40,40.5,2.243,30.3,20.0,3.2,28.0,28.0,145,14.9,37.0,63,18074.838675691597,3868.48,593.775453053612,PQ40/30
0.117,120,26.5,1.867,24.8,16.1,5.98,19.0,15.5,258,12.0,22.5,18,7578.5727953903,1569.38,36.3100551489632,PQ26/25
0.087,200,26.5,1.253,24.8,16.1,1.61,19.0,15.5,468,12.0,22.5,24,2272.82204633382,714.192,89.2905890674187,PQ26/25
0.099,350,35.1,2.061,34.8,25.0,6.62,26.0,23.5,362,14.3,32.0,20,20634.0470793297,9239.13,59.6553329043309,PQ35/35
0.097,400,32.0,1.511,20.5,11.5,7.96,22.0,19.0,377,13.4,27.5,12,15718.326763011999,3468.59,23.0911704544726,PQ32/20
0.162,80,40.5,0.6,30.3,20.0,1.54,28.0,28.0,134,14.9,37.0,33,1284.30833758527,1472.3999999999999,471.433758873766,PQ40/30
0.146,400,40.5,0.785,39.8,29.5,6.67,28.0,28.0,166,14.9,37.0,10,2477.74829052802,3299.07,34.8613924905911,PQ40/40
0.11,150,65.0,0.542,60.0,42.0,2.78,45.0,40.8,293,26.0,55.0,12,340.526134573794,11133.6,189.796409118078,PQ65/60
0.084,300,26.5,1.507,24.8,16.1,2.27,19.0,15.5,504,12.0,22.5,20,3862.1009800356,853.656,53.3319292439521,PQ26/25
0.128,500,50.0,1.795,40.0,26.1,12.71,32.0,31.5,215,20.0,44.0,12,24091.6836535721,12003.7,42.6677509051002,PQ50/40
0.2,80,32.0,1.093,30.4,21.3,7.73,22.0,19.0,28,13.4,27.5,17,777.478378491427,214.464,62.3963976736669,PQ32/30
0.132,30,20.5,1.691,20.2,14.3,3.55,14.0,12.5,202,8.8,18.0,42,8155.22024985367,1834.92,126.88763418501101,PQ20/20
0.08,350,26.5,1.411,20.2,11.5,3.48,19.0,15.5,549,12.0,22.5,13,3608.28544971764,847.633,23.1835823157134,PQ26/20
0.086,20,20.5,2.358,16.2,10.3,2.4,14.0,12.5,477,8.8,18.0,30,1554.72340355337,462.664,47.3642965993343,PQ20/16
0.078,350,32.0,0.205,20.5,11.5,1.43,22.0,19.0,358,13.4,27.5,9,77.3357156010986,1550.16,73.06207886024279,PQ32/20
0.139,350,40.5,0.869,39.8,29.5,10.5,28.0,28.0,183,14.9,37.0,7,1918.0160225851,4086.13,15.7405586210033,PQ40/40
0.078,500,26.5,2.259,20.2,11.5,7.88,19.0,15.5,577,12.0,22.5,9,7819.20068101222,1068.62,7.484325476888119,PQ26/20
0.106,30,16.4,1.363,11.6,6.7,1.8,11.2,9.6,317,7.0,14.4,43,3951.50492142767,385.285,99.5008267601819,PQ16/11.6
0.094,80,32.0,2.472,20.5,11.5,6.99,22.0,19.0,398,13.4,27.5,22,14214.9865789591,4563.87,51.6328880919417,PQ32/20
0.171,10,20.5,1.878,16.2,10.3,2.91,14.0,12.5,120,8.8,18.0,58,6263.0866010194495,554.6999999999999,213.686196270601,PQ20/16
0.158,40,35.1,2.271,34.8,25.0,4.34,26.0,23.5,142,14.3,32.0,48,14403.8889899272,4442.92,319.198899948014,PQ35/35
0.099,30,20.5,1.125,16.2,10.3,1.21,14.0,12.5,358,8.8,18.0,53,2485.37857631663,975.485,271.017788995179,PQ20/16
0.094,400,32.0,1.533,30.4,21.3,4.5,22.0,19.0,403,13.4,27.5,10,1835.94733022995,845.553,16.4480331155375,PQ32/30
0.138,150,26.5,0.429,20.2,11.5,3.57,19.0,15.5,185,12.0,22.5,11,1075.4600090953,1174.8,45.985981290257,PQ26/20
0.083,300,26.5,2.363,24.8,16.1,3.55,19.0,15.5,507,12.0,22.5,19,7026.24409453821,927.8960000000001,33.3896022954252,PQ26/25
0.167,30,32.0,1.543,20.5,11.5,7.03,22.0,19.0,126,13.4,27.5,21,5732.47529888794,1372.83,69.52636417889,PQ32/20
0.191,500,65.0,1.563,60.0,42.0,17.96,45.0,40.8,97,26.0,55.0,10,21717.9496875697,11507.8,53.8919496354353,PQ65/60
0.2,300,107.0,1.717,87.0,56.0,8.32,70.0,72.5,21,41.0,93.7,24,1901.3892769607198,2301.31,661.211191632004,PQ107/87
0.053,250,26.5,0.919,20.2,11.5,0.52,19.0,15.5,456,12.0,22.5,53,549.458335166617,420.23,553.041377986399,PQ26/20
0.2,120,50.0,2.051,40.0,26.1,12.58,32.0,31.5,21,20.0,44.0,21,2522.91895423756,520.066,117.455997388795,PQ50/40
0.078,180,20.5,1.936,16.2,10.3,3.5,14.0,12.5,575,8.8,18.0,17,3603.96463791241,602.039,17.9113673607308,PQ20/16
0.088,600,35.1,1.939,34.8,25.0,9.36,26.0,23.5,451,14.3,32.0,6,1952.34751505735,1629.72,5.623174318137,PQ35/35
0.154,60,32.0,1.568,30.4,21.3,6.64,22.0,19.0,149,13.4,27.5,22,6700.73165490838,2888.91,78.1954318404576,PQ32/30
0.192,40,40.5,1.553,39.8,29.5,3.13,28.0,28.0,96,14.9,37.0,57,10062.3026142431,3819.24,661.935861286884,PQ40/40
0.181,100,35.1,0.55,34.8,25.0,2.31,26.0,23.5,108,14.3,32.0,21,901.739273707133,1151.06,189.969438104033,PQ35/35
0.161,200,50.0,0.642,40.0,26.1,3.46,32.0,31.5,77,20.0,44.0,22,1519.2007134908001,2799.4300000000003,338.879735930463,PQ50/40
0.087,100,20.5,0.618,20.2,14.3,0.87,14.0,12.5,470,8.8,18.0,21,222.330488978178,275.647,70.59113689665641,PQ20/20
0.082,60,32.0,2.402,30.4,21.3,2.14,22.0,19.0,526,13.4,27.5,32,2095.85035395764,1656.7099999999998,118.208098908412,PQ32/30
0.121,250,50.0,0.405,40.0,26.1,1.25,32.0,31.5,242,20.0,44.0,29,1679.40603664887,9371.5,876.8650679989679,PQ50/40
0.08,50,50.0,1.976,50.0,36.1,2.86,32.5,31.5,545,20.0,44.0,22,1248.77256164296,6747.54,135.42421298777802,PQ50/50
0.115,20,16.4,2.094,11.6,6.7,2.53,11.2,9.6,266,7.0,14.4,47,6102.9059244215705,330.579,82.9845341482229,PQ16/11.6
0.086,150,35.1,1.128,34.8,25.0,2.13,26.0,23.5,474,14.3,32.0,15,452.202641037219,1220.38,53.7534388500098,PQ35/35
0.138,50,40.5,2.039,30.3,20.0,3.5,28.0,28.0,184,14.9,37.0,54,17186.6895109314,6132.23,469.716956546916,PQ40/30
0.126,80,35.1,2.306,34.8,25.0,6.76,26.0,23.5,224,14.3,32.0,32,20760.0765600615,11012.0,140.152334421507,PQ35/35
0.11,40,20.5,1.231,20.2,14.3,1.52,14.0,12.5,290,8.8,18.0,47,2851.06205526248,989.837,203.817801166453,PQ20/20
0.2,10,26.5,1.271,20.2,11.5,1.6,19.0,15.5,35,12.0,22.5,96,1802.27849966338,166.233,1380.98105058998,PQ26/20
0.099,30,16.4,1.644,11.6,6.7,2.3,11.2,9.6,363,7.0,14.4,42,5775.6391682752,585.897,81.1497574611808,PQ16/11.6
0.104,200,32.0,1.157,30.4,21.3,3.23,22.0,19.0,329,13.4,27.5,21,4448.43388642568,3125.77,90.8937086979536,PQ32/30
0.2,350,50.0,0.523,50.0,36.1,9.38,32.5,31.5,32,20.0,44.0,7,244.229854287024,743.367,40.9354777504563,PQ50/50
0.087,180,20.5,1.995,20.2,14.3,3.59,14.0,12.5,466,8.8,18.0,16,2570.91406258925,498.366,16.1518716198051,PQ20/20
0.129,400,50.0,2.003,50.0,36.1,11.6,32.5,31.5,213,20.0,44.0,16,30150.4715733566,20389.8,70.9369957242882,PQ50/50
0.168,10,40.5,1.454,30.3,20.0,13.95,28.0,28.0,125,14.9,37.0,10,7154.2408171058505,2722.99,21.0178674835905,PQ40/30
0.2,100,32.0,0.546,30.4,21.3,4.79,22.0,19.0,81,13.4,27.5,13,1022.4411455498501,958.131,64.8356770646237,PQ32/30
0.091,600,107.0,0.411,87.0,56.0,2.16,70.0,72.5,80,41.0,93.7,24,178.233947551722,20074.9,2270.90454965326,PQ107/87
0.147,20,50.0,1.392,40.0,26.1,3.71,32.0,31.5,163,20.0,44.0,34,3188.40453507333,7525.48,421.80089415689,PQ50/40
0.095,400,26.5,1.104,24.8,16.1,7.9,19.0,15.5,390,12.0,22.5,9,5801.51443729825,3414.44,13.9367680417246,PQ26/25
0.115,500,32.0,0.607,30.4,21.3,5.08,22.0,19.0,269,13.4,27.5,7,1041.59038300122,1585.24,17.1552598890716,PQ32/30
0.128,20,16.4,0.99,11.6,6.7,2.18,11.2,9.6,216,7.0,14.4,42,3854.87155366905,586.621,123.540551053069,PQ16/11.6
0.137,20,32.0,2.456,20.5,11.5,3.58,22.0,19.0,189,13.4,27.5,58,17517.0431056188,2560.2999999999997,360.830258323849,PQ32/20
0.129,80,20.5,0.527,16.2,10.3,3.19,14.0,12.5,213,8.8,18.0,14,904.717404598527,747.469,35.39533442877,PQ20/16
0.134,100,32.0,0.99,20.5,11.5,4.11,22.0,19.0,198,13.4,27.5,21,5990.26391333359,2037.93,100.745346899902,PQ32/20
0.098,80,40.5,1.497,30.3,20.0,4.4,28.0,28.0,370,14.9,37.0,20,2757.15731762902,5699.860000000001,82.0264397990398,PQ40/30
0.111,200,50.0,0.416,40.0,26.1,1.15,32.0,31.5,113,20.0,44.0,31,232.353238400227,2085.88,978.444510347456,PQ50/40
0.1,20,26.5,2.106,24.8,16.1,5.15,19.0,15.5,356,12.0,22.5,24,4201.6536863122,3150.52,58.5214243063336,PQ26/25
0.132,100,40.5,2.232,30.3,20.0,6.66,28.0,28.0,202,14.9,37.0,29,19085.2225889526,6377.94,126.227464348498,PQ40/30
0.11,180,50.0,0.599,50.0,36.1,2.67,32.5,31.5,290,20.0,44.0,13,431.579460305215,5827.410000000001,125.35298148991,PQ50/50
0.081,500,40.5,2.062,30.3,20.0,3.05,28.0,28.0,542,14.9,37.0,20,6589.5664183956105,2217.4,63.8252155592285,PQ40/30
0.135,100,50.0,1.131,50.0,36.1,5.55,32.5,31.5,193,20.0,44.0,19,3305.4660768109798,12804.7,158.022623324257,PQ50/50
0.172,80,35.1,0.946,34.8,25.0,7.19,26.0,23.5,119,14.3,32.0,12,1488.3568610506,1934.6,39.6817821947955,PQ35/35
0.148,180,50.0,1.158,50.0,36.1,6.59,32.5,31.5,161,20.0,44.0,16,4685.80025811078,8778.8,109.959750392547,PQ50/50
0.095,180,35.1,2.389,34.8,25.0,4.9,26.0,23.5,395,14.3,32.0,29,17618.68323105,9830.5,111.917872623147,PQ35/35
0.2,150,50.0,1.636,40.0,26.1,14.48,32.0,31.5,37,20.0,44.0,14,3226.6752332984197,1204.97,62.6965924536981,PQ50/40
0.082,200,20.5,0.914,20.2,14.3,1.57,14.0,12.5,522,8.8,18.0,17,721.84373243706,396.736,33.7237061610883,PQ20/20
0.182,500,107.0,0.621,87.0,56.0,3.76,70.0,72.5,48,41.0,93.7,19,951.265062933348,7111.31,994.891478795519,PQ107/87
0.103,250,26.5,1.762,20.2,11.5,7.07,19.0,15.5,332,12.0,22.5,15,15710.947197801,1967.68,25.628101829392598,PQ26/20
0.123,40,32.0,2.418,30.4,21.3,2.84,22.0,19.0,233,13.4,27.5,82,36598.5867965483,9114.1,773.404701939022,PQ32/30
0.122,30,32.0,1.92,30.4,21.3,1.46,22.0,19.0,236,13.4,27.5,114,20272.0454627614,6243.93,1789.21264283169,PQ32/30
0.15,100,40.5,1.974,39.8,29.5,4.18,28.0,28.0,156,14.9,37.0,40,14523.7220835152,4950.01,271.822104804989,PQ40/40
0.096,200,50.0,1.9,50.0,36.1,2.66,32.5,31.5,385,20.0,44.0,46,18880.5095747905,22805.9,610.632631798611,PQ50/50
0.131,100,40.5,2.041,30.3,20.0,8.1,28.0,28.0,206,14.9,37.0,22,13027.1056747172,6506.79,77.938223147674,PQ40/30
0.065,500,40.5,0.742,39.8,29.5,1.17,28.0,28.0,599,14.9,37.0,20,392.451172564371,2432.0,145.703309357279,PQ40/40
0.153,10,16.4,2.078,11.6,6.7,3.12,11.2,9.6,150,7.0,14.4,60,9926.67390827026,376.555,136.099153098429,PQ16/11.6
0.12,200,50.0,2.133,50.0,36.1,5.9,32.5,31.5,246,20.0,44.0,32,30974.6467981227,24496.4,270.135479989535,PQ50/50
0.103,120,26.5,2.148,20.2,11.5,6.81,19.0,15.5,332,12.0,22.5,20,16075.7297413688,2458.4,38.5519130315363,PQ26/20
0.094,50,20.5,0.906,20.2,14.3,1.52,14.0,12.5,401,8.8,18.0,19,286.304443500318,306.128,42.4308685313055,PQ20/20
0.079,120,20.5,2.128,20.2,14.3,2.74,14.0,12.5,562,8.8,18.0,25,3715.13357550668,990.525,37.5021153866258,PQ20/20
0.146,600,107.0,1.488,87.0,56.0,3.51,70.0,72.5,166,41.0,93.7,38,39247.1928989881,49177.5,1868.59303268723,PQ107/87
0.118,400,35.1,2.381,34.8,25.0,12.62,26.0,23.5,253,14.3,32.0,11,13872.7097043244,4078.18,16.1560984180424,PQ35/35
0.135,80,40.5,2.42,39.8,29.5,3.53,28.0,28.0,193,14.9,37.0,58,24572.6574118637,8361.39,490.479105156802,PQ40/40
0.12,150,40.5,1.865,39.8,29.5,3.81,28.0,28.0,244,14.9,37.0,42,21012.0761167967,11223.5,312.744226658028,PQ40/40
0.185,100,35.1,2.34,34.8,25.0,10.55,26.0,23.5,103,14.3,32.0,20,14924.8286193083,2409.68,54.1231735438315,PQ35/35
0.126,80,35.1,2.133,34.8,25.0,3.65,26.0,23.5,222,14.3,32.0,53,26491.0178704062,9451.24,407.919723410063,PQ35/35
0.077,60,107.0,2.048,87.0,56.0,2.42,70.0,72.5,599,41.0,93.7,24,1471.58721918831,27828.6,568.456176601927,PQ107/87
0.197,100,50.0,0.59,50.0,36.1,2.13,32.5,31.5,76,20.0,44.0,32,1483.60168960469,3059.87,772.046164982674,PQ50/50
0.084,300,26.5,1.991,20.2,11.5,3.56,19.0,15.5,503,12.0,22.5,17,6826.15843134559,729.545,29.6980138991842,PQ26/20
0.093,300,40.5,2.276,30.3,20.0,2.93,28.0,28.0,411,14.9,37.0,22,4801.46835734223,1266.22,71.5670460859227,PQ40/30
0.176,150,35.1,0.494,34.8,25.0,3.55,26.0,23.5,114,14.3,32.0,12,598.046085443595,1147.02,67.8527571831695,PQ35/35
0.124,30,26.5,2.331,24.8,16.1,3.07,19.0,15.5,228,12.0,22.5,68,25194.8715737033,4347.08,432.695883146067,PQ26/25
0.095,80,26.5,0.876,24.8,16.1,3.34,19.0,15.5,387,12.0,22.5,16,1296.41912105847,2598.75,53.2792033995538,PQ26/25
0.103,150,32.0,1.566,30.4,21.3,2.65,22.0,19.0,332,13.4,27.5,34,9125.31559815792,3600.87,186.998486892137,PQ32/30
0.2,60,32.0,0.856,30.4,21.3,6.1,22.0,19.0,83,13.4,27.5,17,2390.16562984391,1417.5500000000002,76.129861734819,PQ32/30
0.111,350,40.5,1.776,39.8,29.5,5.56,28.0,28.0,288,14.9,37.0,19,9928.80085381348,5696.61,66.33355472257749,PQ40/40
0.109,250,32.0,1.287,20.5,11.5,5.67,22.0,19.0,299,13.4,27.5,14,8130.29980063526,1985.99,35.9162184020553,PQ32/20
0.092,200,32.0,1.851,20.5,11.5,2.81,22.0,19.0,421,13.4,27.5,19,3804.8439515129,582.186,48.8973180220833,PQ32/20
0.108,150,32.0,1.853,30.4,21.3,5.25,22.0,19.0,303,13.4,27.5,22,9615.10128606208,4138.81,68.5777215635632,PQ32/30
0.106,100,32.0,1.869,30.4,21.3,3.9,22.0,19.0,314,13.4,27.5,31,9894.20122304457,4855.35,135.11504451991001,PQ32/30
0.137,300,65.0,0.587,60.0,42.0,3.23,45.0,40.8,92,26.0,55.0,23,1263.02337926937,9073.13,653.364861576813,PQ65/60
0.121,120,40.5,0.564,30.3,20.0,2.71,28.0,28.0,241,14.9,37.0,20,1393.12322823135,5931.63,182.482053393167,PQ40/30
0.086,50,26.5,1.559,20.2,11.5,5.49,19.0,15.5,477,12.0,22.5,9,894.580347471407,661.514,10.2162615667841,PQ26/20
0.05,400,26.5,0.135,24.8,16.1,0.68,19.0,15.5,136,12.0,22.5,17,7.6032083529582,481.751,303.387695121282,PQ26/25
0.095,350,26.5,1.057,24.8,16.1,6.45,19.0,15.5,395,12.0,22.5,10,4783.64315355332,2947.74,17.8251111469709,PQ26/25
0.082,40,20.5,1.013,16.2,10.3,2.43,14.0,12.5,519,8.8,18.0,12,281.475014144134,298.779,15.1128924031225,PQ20/16
0.135,50,20.5,0.902,16.2,10.3,3.95,14.0,12.5,194,8.8,18.0,22,3311.06572347799,1117.4,55.926141781574,PQ20/16
0.111,20,65.0,1.056,60.0,42.0,4.99,45.0,40.8,285,26.0,55.0,12,1982.46797362995,11045.7,107.35188750739,PQ65/60
0.137,80,26.5,0.901,20.2,11.5,3.18,19.0,15.5,187,12.0,22.5,25,5168.86483582372,1409.53,125.212698282109,PQ26/20
0.14,100,35.1,1.173,34.8,25.0,12.39,26.0,23.5,181,14.3,32.0,9,2605.0360836948203,5203.2,18.7762732852087,PQ35/35
0.2,100,40.5,0.733,39.8,29.5,4.97,28.0,28.0,72,14.9,37.0,19,1645.90680569585,2024.82,133.194838157834,PQ40/40
0.078,10,20.5,2.378,20.2,14.3,1.09,14.0,12.5,578,8.8,18.0,66,1501.23708498059,938.789,239.18139806281,PQ20/20
0.081,600,32.0,0.699,20.5,11.5,2.68,22.0,19.0,537,13.4,27.5,8,824.895504043642,703.504,19.6263255437749,PQ32/20
0.093,150,20.5,1.503,16.2,10.3,3.56,14.0,12.5,412,8.8,18.0,12,1228.46639746908,232.167,10.9690648728121,PQ20/16
0.069,600,32.0,0.941,30.4,21.3,1.72,22.0,19.0,578,13.4,27.5,16,1013.85440896724,1251.91,62.345788687583,PQ32/30
0.097,500,26.5,1.212,24.8,16.1,7.73,19.0,15.5,372,12.0,22.5,9,6774.02451228328,2403.62,12.9036106692575,PQ26/25
0.174,200,26.5,0.343,24.8,16.1,4.49,19.0,15.5,116,12.0,22.5,7,449.417881122143,576.163,22.7199602831759,PQ26/25
0.097,50,16.4,0.619,11.6,6.7,1.44,11.2,9.6,376,7.0,14.4,25,898.95935115206,392.987,64.4712811652417,PQ16/11.6
0.08,600,107.0,2.397,87.0,56.0,10.43,70.0,72.5,554,41.0,93.7,7,2593.90747551631,31326.399999999998,42.4437526702493,PQ107/87
0.083,200,20.5,1.35,20.2,14.3,2.7,14.0,12.5,516,8.8,18.0,15,1463.14456799311,522.27,19.308984185371,PQ20/20
0.111,80,40.5,0.578,39.8,29.5,0.59,28.0,28.0,102,14.9,37.0,93,414.476621202056,1561.78,3875.8733952682,PQ40/40
0.103,150,35.1,0.384,34.8,25.0,0.77,26.0,23.5,234,14.3,32.0,43,613.6153046895199,3858.64,1079.24094414391,PQ35/35
0.094,40,40.5,1.175,30.3,20.0,0.92,28.0,28.0,403,14.9,37.0,39,463.00327088052,1019.59,377.763567770708,PQ40/30
0.2,400,50.0,0.969,40.0,26.1,17.92,32.0,31.5,48,20.0,44.0,7,2495.45368315417,1718.53,24.1773796142633,PQ50/40
0.2,50,35.1,1.778,34.8,25.0,10.56,26.0,23.5,55,14.3,32.0,20,3917.71366841251,1313.99,66.9327146596696,PQ35/35
0.2,60,40.5,1.3,30.3,20.0,6.14,28.0,28.0,88,14.9,37.0,26,7631.3437342753405,2540.18,155.297704115183,PQ40/30
0.08,100,20.5,1.058,20.2,14.3,0.87,14.0,12.5,555,8.8,18.0,36,1068.9676147529901,503.019,134.699882787145,PQ20/20
0.082,300,20.5,0.683,20.2,14.3,2.05,14.0,12.5,523,8.8,18.0,10,385.029911218306,368.681,14.7569819849145,PQ20/20
0.106,180,32.0,1.697,20.5,11.5,5.64,22.0,19.0,315,13.4,27.5,17,9980.22468460458,1958.69,42.0916965066631,PQ32/20
0.085,60,20.5,1.732,20.2,14.3,3.88,14.0,12.5,483,8.8,18.0,14,908.700537768903,612.781,13.8389384020133,PQ20/20
0.117,300,40.5,1.351,39.8,29.5,4.11,28.0,28.0,260,14.9,37.0,20,5553.18731544473,4173.38,90.6714242011543,PQ40/40
0.113,500,35.1,0.713,34.8,25.0,4.22,26.0,23.5,269,14.3,32.0,10,1512.31670604213,2401.86,34.663299645037604,PQ35/35
0.101,200,26.5,1.463,24.8,16.1,4.09,19.0,15.5,349,12.0,22.5,21,9747.66230629614,2513.62,60.250936273264,PQ26/25
0.137,60,32.0,0.294,30.4,21.3,0.84,22.0,19.0,187,13.4,27.5,33,346.245629381758,2163.92,710.070743656177,PQ32/30
0.13,100,26.5,1.873,20.2,11.5,7.05,19.0,15.5,210,12.0,22.5,23,22737.8232455901,2238.43,57.2616023382329,PQ26/20
0.2,50,107.0,2.098,87.0,56.0,3.58,70.0,72.5,75,41.0,93.7,68,14823.000175098301,25601.3,4481.75942086683,PQ107/87
0.2,80,40.5,2.019,39.8,29.5,11.76,28.0,28.0,52,14.9,37.0,22,6198.59765647077,1931.59,80.8011257196508,PQ40/40
0.136,10,32.0,2.041,20.5,11.5,1.76,22.0,19.0,190,13.4,27.5,110,15011.6402175963,3185.09,1512.70510640856,PQ32/20
0.086,150,20.5,0.248,16.2,10.3,0.51,14.0,12.5,444,8.8,18.0,15,44.069026193997196,151.24099999999999,77.4923107144292,PQ20/16
0.077,250,32.0,1.749,30.4,21.3,1.48,22.0,19.0,598,13.4,27.5,34,4678.37990403399,1778.45,171.232040021228,PQ32/30
0.149,120,32.0,1.022,20.5,11.5,7.83,22.0,19.0,158,13.4,27.5,12,4808.4509311598,1575.78,32.0387102759316,PQ32/20
0.163,10,26.5,1.149,24.8,16.1,0.71,19.0,15.5,133,12.0,22.5,147,5226.70840424474,1176.5,3596.75826592089,PQ26/25
0.084,600,26.5,1.1,20.2,11.5,4.43,19.0,15.5,496,12.0,22.5,7,1601.27152019407,446.235,8.28545322345389,PQ26/20
0.08,200,26.5,0.922,20.2,11.5,2.91,19.0,15.5,549,12.0,22.5,9,532.89465212577,507.587,15.8999838063951,PQ26/20
0.165,100,35.1,1.226,34.8,25.0,6.61,26.0,23.5,130,14.3,32.0,18,4719.99709721848,3051.96,72.5689812311449,PQ35/35
0.096,40,32.0,1.374,30.4,21.3,0.66,22.0,19.0,385,13.4,27.5,126,7891.96814241515,4992.639999999999,2850.43437811103,PQ32/30
0.192,60,35.1,2.428,34.8,25.0,9.78,26.0,23.5,96,14.3,32.0,30,26104.348320171797,4527.0599999999995,118.43991714808399,PQ35/35
0.117,30,16.4,0.559,11.6,6.7,2.26,11.2,9.6,259,7.0,14.4,15,350.12361789356,211.947,25.2802087398233,PQ16/11.6
0.12,120,26.5,1.37,20.2,11.5,6.73,19.0,15.5,245,12.0,22.5,18,12498.2208625313,2759.54,45.5648521675332,PQ26/20
0.113,120,32.0,2.48,30.4,21.3,5.81,22.0,19.0,278,13.4,27.5,25,13159.1411827841,3550.0,70.3769991544897,PQ32/30
0.08,30,20.5,1.74,20.2,14.3,3.95,14.0,12.5,548,8.8,18.0,13,813.704810471849,659.023,11.8782977020131,PQ20/20
0.096,60,20.5,2.047,20.2,14.3,2.94,14.0,12.5,381,8.8,18.0,41,9516.67394080072,2298.61,104.049155302722,PQ20/20
0.197,250,50.0,2.02,50.0,36.1,19.94,32.5,31.5,91,20.0,44.0,12,23624.5173678433,8086.88,39.654903255895604,PQ50/50
0.092,300,20.5,0.293,16.2,10.3,1.3,14.0,12.5,418,8.8,18.0,7,67.8413435580909,144.447,14.589010690246099,PQ20/16
0.089,200,50.0,0.902,40.0,26.1,0.81,32.0,31.5,449,20.0,44.0,35,1038.48428096135,2453.03,640.2938251576339,PQ50/40
0.123,100,50.0,2.318,50.0,36.1,2.45,32.5,31.5,235,20.0,44.0,84,47747.7557955254,23912.0,1744.10225511763,PQ50/50
0.164,30,50.0,1.295,50.0,36.1,2.25,32.5,31.5,132,20.0,44.0,55,3966.73148673693,7266.89,1186.69581562291,PQ50/50
0.152,350,40.5,1.376,30.3,20.0,13.08,28.0,28.0,153,14.9,37.0,9,8165.48972934461,2849.46,17.776060799435502,PQ40/30
0.085,50,65.0,0.742,60.0,42.0,1.63,45.0,40.8,493,26.0,55.0,13,186.13309019975,4203.45,169.94010833835,PQ65/60
0.197,40,26.5,1.152,20.2,11.5,6.95,19.0,15.5,91,12.0,22.5,20,6546.5797537933,921.61,65.1291380800524,PQ26/20
0.2,80,26.5,0.267,20.2,11.5,2.54,19.0,15.5,31,12.0,22.5,12,60.501376610959596,68.4864,83.2940823432856,PQ26/20
0.078,300,35.1,2.482,34.8,25.0,2.27,26.0,23.5,575,14.3,32.0,31,7278.72353494306,2817.61,124.195692483905,PQ35/35
0.135,300,50.0,0.906,50.0,36.1,10.42,32.5,31.5,194,20.0,44.0,8,2511.1068022425898,11245.7,33.6199818051132,PQ50/50
0.079,180,32.0,2.01,20.5,11.5,5.0,22.0,19.0,566,13.4,27.5,13,3521.58440648223,1397.92,21.3890828076634,PQ32/20
0.086,180,16.4,0.565,11.6,6.7,1.81,11.2,9.6,481,7.0,14.4,9,235.428059803171,91.313,9.00688665415309,PQ16/11.6
0.09,40,20.5,2.143,16.2,10.3,1.81,14.0,12.5,433,8.8,18.0,34,1796.45659313649,312.648,65.8583430756383,PQ20/16
0.112,20,16.4,1.969,11.6,6.7,2.62,11.2,9.6,283,7.0,14.4,44,5632.96218290106,394.175,76.56575384851071,PQ16/11.6
0.085,100,16.4,2.466,11.6,6.7,3.56,11.2,9.6,493,7.0,14.4,20,4286.16873625954,178.32500000000002,13.0504070370405,PQ16/11.6
0.11,250,32.0,0.318,30.4,21.3,2.74,22.0,19.0,292,13.4,27.5,7,155.25936853845099,1540.99,29.7803134984569,PQ32/30
0.082,60,16.4,1.074,11.6,6.7,1.56,11.2,9.6,520,7.0,14.4,20,627.383928646796,145.201,26.1902291593792,PQ16/11.6
0.2,150,65.0,2.432,60.0,42.0,15.36,45.0,40.8,81,26.0,55.0,20,31128.5855428793,13027.6,150.63101431746801,PQ65/60
0.129,40,65.0,1.192,60.0,42.0,5.13,45.0,40.8,213,26.0,55.0,20,2337.65634787121,20341.5,269.678607072062,PQ65/60
0.093,50,26.5,1.915,24.8,16.1,0.61,19.0,15.5,411,12.0,22.5,91,4152.57109246768,597.715,909.065703066796,PQ26/25
0.094,80,26.5,1.704,24.8,16.1,1.08,19.0,15.5,401,12.0,22.5,45,2596.92871832604,512.637,244.38311290938898,PQ26/25
0.182,600,65.0,0.653,60.0,42.0,7.33,45.0,40.8,107,26.0,55.0,8,2224.74383911478,5087.83,71.96148616082581,PQ65/60
0.2,50,32.0,1.123,20.5,11.5,6.07,22.0,19.0,27,13.4,27.5,23,1092.72826534589,138.661,108.72790908315099,PQ32/20
0.102,180,65.0,2.12,60.0,42.0,11.14,45.0,40.8,342,26.0,55.0,12,6238.06293611544,28142.0,60.4944398744831,PQ65/60
0.093,300,32.0,2.464,20.5,11.5,3.57,22.0,19.0,410,13.4,27.5,20,9837.33342539063,637.153,42.7677560954252,PQ32/20
0.136,40,32.0,2.406,30.4,21.3,3.38,22.0,19.0,190,13.4,27.5,64,24584.1649461525,5249.150000000001,472.793104639734,PQ32/30
0.091,200,26.5,1.347,24.8,16.1,1.97,19.0,15.5,427,12.0,22.5,22,2600.30105507896,703.2199999999999,70.6938949519263,PQ26/25
0.095,120,40.5,2.331,30.3,20.0,2.0,28.0,28.0,392,14.9,37.0,68,25943.1521757581,8032.48,671.5137344611411,PQ40/30
0.107,350,40.5,2.436,39.8,29.5,6.92,28.0,28.0,310,14.9,37.0,21,19882.4429289387,8112.51,63.9312203903919,PQ40/40
0.105,60,20.5,0.565,16.2,10.3,1.46,14.0,12.5,321,8.8,18.0,24,715.262404303305,725.74,97.94140106133001,PQ20/16
0.122,60,32.0,1.964,30.4,21.3,7.06,22.0,19.0,239,13.4,27.5,27,13713.414455542,8588.789999999999,98.6412127977971,PQ32/30
0.098,180,35.1,1.99,34.8,25.0,10.79,26.0,23.5,367,14.3,32.0,11,5248.6681967081,7688.37,18.5391249758231,PQ35/35
0.133,50,40.5,1.433,39.8,29.5,1.69,28.0,28.0,200,14.9,37.0,72,7385.58902287159,6435.89,1123.30559746375,PQ40/40
0.088,350,26.5,0.422,24.8,16.1,0.87,19.0,15.5,456,12.0,22.5,14,234.96695021159,358.194,75.7607371934393,PQ26/25
0.1,300,35.1,0.332,34.8,25.0,1.12,26.0,23.5,339,14.3,32.0,18,350.970371927698,2871.71,213.57426106065898,PQ35/35
0.101,120,50.0,1.687,40.0,26.1,8.12,32.0,31.5,348,20.0,44.0,13,3883.96062681772,12716.6,52.6793361152894,PQ50/40
0.085,150,20.5,1.418,20.2,14.3,2.12,14.0,12.5,487,8.8,18.0,20,1553.28855687785,481.765,33.029859059545004,PQ20/20
0.098,150,40.5,1.917,30.3,20.0,2.14,28.0,28.0,367,14.9,37.0,51,16106.9075148264,5942.09,439.498954088405,PQ40/30
0.079,350,26.5,1.401,20.2,11.5,2.29,19.0,15.5,562,12.0,22.5,18,4100.82168998722,696.945,44.7298901582133,PQ26/20
0.161,120,32.0,0.228,30.4,21.3,1.95,22.0,19.0,108,13.4,27.5,11,91.9469010631455,720.565,98.3844788472417,PQ32/30
0.116,350,26.5,1.173,24.8,16.1,7.58,19.0,15.5,264,12.0,22.5,9,4728.2597415112405,1315.58,13.2487664529309,PQ26/25
0.106,500,35.1,2.351,34.8,25.0,12.7,26.0,23.5,315,14.3,32.0,11,17696.1157113367,6378.45,16.3143878683554,PQ35/35
0.107,30,32.0,2.333,30.4,21.3,7.75,22.0,19.0,307,13.4,27.5,18,4568.7936787647495,4347.71,38.2983346867483,PQ32/30
0.112,50,16.4,0.887,11.6,6.7,2.78,11.2,9.6,281,7.0,14.4,19,1450.21673881611,286.224,27.6618616682077,PQ16/11.6
0.189,80,26.5,0.418,20.2,11.5,3.53,19.0,15.5,99,12.0,22.5,14,1173.6242543169199,713.111,76.2401883450425,PQ26/20
0.087,600,32.0,2.119,30.4,21.3,5.48,22.0,19.0,465,13.4,27.5,11,4985.31741607228,1211.54,15.413385153668699,PQ32/30
0.078,600,40.5,2.473,30.3,20.0,4.03,28.0,28.0,578,14.9,37.0,18,9483.28126599037,2744.51,44.912794859969104,PQ40/30
0.105,300,32.0,1.425,30.4,21.3,6.22,22.0,19.0,320,13.4,27.5,13,5717.039788261501,3061.83,29.4585281522816,PQ32/30
0.12,300,35.1,1.59,34.8,25.0,13.09,26.0,23.5,245,14.3,32.0,11,12048.1445107377,9444.699999999999,22.0755544588535,PQ35/35
0.124,20,20.5,2.094,20.2,14.3,3.25,14.0,12.5,228,8.8,18.0,62,13937.7277316982,3184.09,233.842329542036,PQ20/20
0.166,20,20.5,0.557,16.2,10.3,1.96,14.0,12.5,128,8.8,18.0,24,489.504509343559,301.342,99.24330255121271,PQ20/16
0.171,350,50.0,1.977,40.0,26.1,15.35,32.0,31.5,121,20.0,44.0,11,18954.2983085124,4443.7699999999995,33.1705830926008,PQ50/40
0.145,80,35.1,2.391,34.8,25.0,7.77,26.0,23.5,167,14.3,32.0,27,15898.025897743199,5521.13,97.0580482393812,PQ35/35
0.119,500,35.1,1.603,34.8,25.0,12.34,26.0,23.5,251,14.3,32.0,8,6924.59627972999,3652.1,11.5910919558027,PQ35/35
0.095,200,65.0,1.694,60.0,42.0,1.09,45.0,40.8,277,26.0,55.0,98,14680.1525377238,17105.0,4839.99833230486,PQ65/60
0.11,50,16.4,0.698,11.6,6.7,1.87,11.2,9.6,292,7.0,14.4,22,1031.53513305081,270.931,45.2049611119205,PQ16/11.6
0.146,250,40.5,0.783,30.3,20.0,9.08,28.0,28.0,165,14.9,37.0,8,2068.82419821704,3076.44,22.1842949994823,PQ40/30
0.122,150,26.5,1.036,20.2,11.5,7.36,19.0,15.5,236,12.0,22.5,13,7297.22192610968,2557.01,30.0913220541744,PQ26/20
0.2,50,40.5,2.302,30.3,20.0,8.77,28.0,28.0,25,14.9,37.0,32,2917.62756173918,337.202,150.101440773336,PQ40/30
0.098,300,26.5,1.558,24.8,16.1,7.89,19.0,15.5,364,12.0,22.5,12,9669.9455275926,3051.25,18.7040900898338,PQ26/25
0.126,350,40.5,1.002,39.8,29.5,10.91,28.0,28.0,221,14.9,37.0,8,3032.26272818671,6725.79,18.3473182434386,PQ40/40
0.096,30,65.0,0.447,60.0,42.0,3.27,45.0,40.8,381,26.0,55.0,8,496.263026619552,14568.3,99.6213304537455,PQ65/60
0.2,120,32.0,0.352,30.4,21.3,7.03,22.0,19.0,22,13.4,27.5,6,65.7123958926197,85.3547,20.1145465579073,PQ32/30
0.165,350,40.5,0.486,39.8,29.5,6.59,28.0,28.0,129,14.9,37.0,7,718.289280750188,2218.64,25.3722153901121,PQ40/40
0.148,180,40.5,2.097,39.8,29.5,8.17,28.0,28.0,162,14.9,37.0,23,19234.732866519098,6367.81,85.8797108583167,PQ40/40
0.084,120,32.0,1.329,20.5,11.5,0.7,22.0,19.0,506,13.4,27.5,60,4664.66701879687,891.981,642.010983771877,PQ32/20
0.099,350,40.5,2.103,30.3,20.0,11.71,28.0,28.0,362,14.9,37.0,11,11540.548521462,7386.51,19.0066251577805,PQ40/30
0.082,350,40.5,2.116,39.8,29.5,6.53,28.0,28.0,522,14.9,37.0,10,2058.06718785928,3336.93,16.1036196341387,PQ40/40
0.096,80,40.5,2.311,30.3,20.0,7.91,28.0,28.0,380,14.9,37.0,17,5514.7240915882,7438.25,42.2042258747841,PQ40/30
0.101,60,35.1,2.187,34.8,25.0,4.87,26.0,23.5,346,14.3,32.0,28,6049.16879026307,8215.91,111.733313833377,PQ35/35
0.2,20,50.0,1.875,50.0,36.1,17.19,32.5,31.5,27,20.0,44.0,14,6506.83491577419,1033.26,57.2353747343602,PQ50/50
0.092,40,20.5,2.422,16.2,10.3,1.19,14.0,12.5,421,8.8,18.0,59,3743.90899278669,324.487,179.115849818421,PQ20/16
0.095,30,16.4,1.284,11.6,6.7,1.49,11.2,9.6,392,7.0,14.4,52,4776.44267620408,654.322,152.9315477719,PQ16/11.6
0.078,180,26.5,2.481,24.8,16.1,3.47,19.0,15.5,579,12.0,22.5,21,5534.46182602344,1319.37,39.1817505576753,PQ26/25
0.197,20,20.5,0.677,20.2,14.3,2.72,14.0,12.5,91,8.8,18.0,29,1220.98393490829,518.473,125.153547537368,PQ20/20
0.113,400,40.5,2.028,39.8,29.5,7.84,28.0,28.0,274,14.9,37.0,16,12803.0154667687,6266.77,42.5434262455914,PQ40/40
0.2,350,107.0,2.039,87.0,56.0,15.34,70.0,72.5,22,41.0,93.7,16,2666.80819985618,2948.7,254.222034139969,PQ107/87
0.138,200,35.1,0.15,34.8,25.0,1.18,26.0,23.5,184,14.3,32.0,11,58.6780618329944,1764.6599999999999,157.72325391842,PQ35/35
0.09,200,26.5,2.236,20.2,11.5,4.96,19.0,15.5,439,12.0,22.5,14,4851.74436315623,626.793,18.249952975194198,PQ26/20
0.191,300,40.5,0.444,39.8,29.5,7.88,28.0,28.0,38,14.9,37.0,7,169.870567250316,459.343,27.4014950697998,PQ40/40
0.112,50,20.5,1.56,20.2,14.3,2.49,14.0,12.5,281,8.8,18.0,36,4192.07409543872,1059.21,99.3441749880756,PQ20/20
0.12,350,50.0,1.75,50.0,36.1,6.11,32.5,31.5,246,20.0,44.0,25,28143.053406627,21046.600000000002,192.607387110691,PQ50/50
0.102,200,40.5,2.476,30.3,20.0,4.05,28.0,28.0,337,14.9,37.0,35,23565.0518907194,6010.349999999999,169.827273308419,PQ40/30
0.089,120,32.0,2.135,20.5,11.5,1.16,22.0,19.0,447,13.4,27.5,53,8007.21250113692,685.5360000000001,338.294412333474,PQ32/20
0.099,300,26.5,0.971,20.2,11.5,4.65,19.0,15.5,363,12.0,22.5,12,4646.32875374996,1598.01,27.0715644658485,PQ26/20
0.097,600,32.0,0.294,30.4,21.3,3.83,22.0,19.0,148,13.4,27.5,7,117.229179122345,1292.04,31.9432191542688,PQ32/30
0.158,250,50.0,2.332,40.0,26.1,14.41,32.0,31.5,142,20.0,44.0,14,24296.9392679981,6765.0,47.0508424701443,PQ50/40
0.138,120,35.1,2.033,34.8,25.0,8.64,26.0,23.5,186,14.3,32.0,21,14450.7817581691,6364.2,66.4690971947302,PQ35/35
0.1,120,26.5,1.402,20.2,11.5,2.4,19.0,15.5,353,12.0,22.5,33,9699.512979646279,1705.6899999999998,150.236158688355,PQ26/20
0.115,350,26.5,0.83,20.2,11.5,6.58,19.0,15.5,267,12.0,22.5,8,3202.1234153974397,1108.35,13.7472093034517,PQ26/20
0.154,120,32.0,0.306,30.4,21.3,4.79,22.0,19.0,149,13.4,27.5,6,168.728280922919,1433.06,22.6716371192688,PQ32/30
0.096,250,20.5,0.117,20.2,14.3,0.88,14.0,12.5,382,8.8,18.0,8,27.67330527468,636.784,42.047374209694,PQ20/20
0.079,60,16.4,1.218,11.6,6.7,2.96,11.2,9.6,569,7.0,14.4,12,570.409925356667,182.381,8.50044518434699,PQ16/11.6
0.125,30,40.5,0.387,30.3,20.0,4.62,28.0,28.0,227,14.9,37.0,8,418.410673850416,4525.0,40.2656219624318,PQ40/30
0.136,100,35.1,0.762,34.8,25.0,5.25,26.0,23.5,192,14.3,32.0,13,1256.19349310862,3972.36,55.5361461660594,PQ35/35
0.138,80,32.0,1.022,30.4,21.3,3.02,22.0,19.0,184,13.4,27.5,32,5482.06309553594,3530.67,233.562837979139,PQ32/30
0.131,500,50.0,1.841,50.0,36.1,18.47,32.5,31.5,207,20.0,44.0,9,17431.1281342082,17302.5,23.984164481906,PQ50/50
0.17,10,40.5,0.745,30.3,20.0,4.58,28.0,28.0,122,14.9,37.0,14,1105.90675193247,1426.75,70.7665068644689,PQ40/30
0.085,20,16.4,1.482,11.6,6.7,0.57,11.2,9.6,488,7.0,14.4,74,1304.82301528246,140.392,274.816329114212,PQ16/11.6
0.081,40,16.4,1.905,11.6,6.7,1.19,11.2,9.6,541,7.0,14.4,45,2397.87711926466,181.265,82.3456616966954,PQ16/11.6
0.085,500,32.0,0.234,20.5,11.5,1.6,22.0,19.0,253,13.4,27.5,9,95.0130832347376,805.247,64.9440920026725,PQ32/20
0.081,40,20.5,1.753,16.2,10.3,2.12,14.0,12.5,538,8.8,18.0,26,1296.10240064394,537.147,45.4267596260165,PQ20/16
0.082,500,32.0,1.173,20.5,11.5,4.57,22.0,19.0,522,13.4,27.5,8,1952.64073830259,858.625,12.670003277710501,PQ32/20
0.079,100,16.4,1.308,11.6,6.7,1.69,11.2,9.6,564,7.0,14.4,22,1503.92957259846,171.072,26.9307065884158,PQ16/11.6
0.086,80,16.4,1.94,11.6,6.7,2.94,11.2,9.6,478,7.0,14.4,20,2547.4882433550097,178.381,16.0238012765587,PQ16/11.6
0.096,350,32.0,1.268,20.5,11.5,5.64,22.0,19.0,386,13.4,27.5,14,11240.1541029417,3221.57,36.360676775417296,PQ32/20
0.114,30,20.5,1.885,16.2,10.3,2.4,14.0,12.5,270,8.8,18.0,47,6238.9284457073,866.748,139.921083829749,PQ20/16
0.091,350,32.0,2.338,30.4,21.3,5.1,22.0,19.0,426,13.4,27.5,14,5160.0759333859005,1334.6899999999998,23.1015725985427,PQ32/30
0.083,300,35.1,2.25,34.8,25.0,5.18,26.0,23.5,511,14.3,32.0,13,3009.86543175675,2443.27,23.5445792852593,PQ35/35
0.169,250,50.0,1.104,50.0,36.1,9.86,32.5,31.5,124,20.0,44.0,10,3585.57343805169,5046.38,44.6477579295247,PQ50/50
0.134,350,40.5,1.275,30.3,20.0,13.07,28.0,28.0,198,14.9,37.0,9,8317.356538455631,5333.64,18.893278410136,PQ40/30
0.1,40,20.5,1.783,20.2,14.3,2.44,14.0,12.5,350,8.8,18.0,46,6469.37427472053,2162.18,145.938390742081,PQ20/20
0.2,50,35.1,2.374,34.8,25.0,11.3,26.0,23.5,45,14.3,32.0,26,6167.49125935341,1188.58,90.5086825008759,PQ35/35
0.141,100,32.0,0.742,30.4,21.3,4.44,22.0,19.0,178,13.4,27.5,15,1637.03798438152,2472.8,66.7141214355139,PQ32/30
0.078,120,20.5,1.082,16.2,10.3,1.31,14.0,12.5,587,8.8,18.0,24,1094.06032781904,392.416,57.3127964554155,PQ20/16
0.086,400,20.5,0.732,16.2,10.3,3.81,14.0,12.5,473,8.8,18.0,6,478.170093775706,264.202,4.93592984024898,PQ20/16
0.119,100,32.0,2.094,30.4,21.3,5.58,22.0,19.0,250,13.4,27.5,35,28332.874131287303,8685.63,157.57176687306,PQ32/30
0.121,60,35.1,1.865,34.8,25.0,2.1,26.0,23.5,240,14.3,32.0,77,20475.659439669,8974.6,955.259698058858,PQ35/35
0.13,350,50.0,2.326,40.0,26.1,13.17,32.0,31.5,208,20.0,44.0,17,49610.0936210673,17894.600000000002,69.5571272448644,PQ50/40
0.08,180,26.5,0.28,24.8,16.1,0.7,19.0,15.5,199,12.0,22.5,34,150.690262940841,1195.8999999999999,640.258550288099,PQ26/25
0.142,100,26.5,1.618,20.2,11.5,6.95,19.0,15.5,176,12.0,22.5,20,15030.8013915399,1499.33,48.9325301894769,PQ26/20
0.118,600,50.0,0.433,50.0,36.1,5.0,32.5,31.5,66,20.0,44.0,11,221.963660783091,2680.37,118.849838045112,PQ50/50
0.141,100,26.5,1.466,24.8,16.1,6.86,19.0,15.5,177,12.0,22.5,20,11779.0060185614,2432.15,54.5882938133144,PQ26/25
0.193,150,65.0,1.461,60.0,42.0,12.73,45.0,40.8,95,26.0,55.0,14,9543.28074397717,12485.2,111.686022547573,PQ65/60
0.154,120,32.0,0.893,30.4,21.3,6.77,22.0,19.0,148,13.4,27.5,12,2276.4024550189797,1995.1399999999999,36.6429958546836,PQ32/30
0.085,250,50.0,0.987,40.0,26.1,0.56,32.0,31.5,485,20.0,44.0,52,1951.96435988259,2477.64,1310.64900229729,PQ50/40
0.2,120,40.5,0.49,39.8,29.5,2.93,28.0,28.0,84,14.9,37.0,19,890.004681012079,1630.43,185.703839467411,PQ40/40
0.079,120,26.5,2.162,24.8,16.1,5.62,19.0,15.5,564,12.0,22.5,12,2158.52129099552,1374.42,14.3259386479533,PQ26/25
0.2,350,40.5,0.699,39.8,29.5,13.35,28.0,28.0,53,14.9,37.0,6,732.7590373791601,831.784,13.8039070304205,PQ40/40
0.086,200,35.1,1.401,34.8,25.0,6.15,26.0,23.5,482,14.3,32.0,7,612.992067199813,1729.35,9.85457811024693,PQ35/35
0.112,120,20.5,0.716,16.2,10.3,3.62,14.0,12.5,279,8.8,18.0,12,1062.64019921149,591.9649999999999,20.1193342005682,PQ20/16
0.106,500,32.0,0.508,20.5,11.5,4.97,22.0,19.0,317,13.4,27.5,6,1037.79557126076,1355.68,14.5557020363057,PQ32/20
0.178,10,26.5,1.007,24.8,16.1,2.2,19.0,15.5,111,12.0,22.5,41,1450.5924408595201,764.818,312.094702739774,PQ26/25
0.2,40,26.5,0.605,24.8,16.1,3.77,19.0,15.5,65,12.0,22.5,20,909.57998338807,537.211,113.84338441937001,PQ26/25
0.174,30,32.0,2.152,30.4,21.3,4.25,22.0,19.0,116,13.4,27.5,45,10777.1834125903,1934.24,255.135965234663,PQ32/30
0.116,150,40.5,1.259,39.8,29.5,2.07,28.0,28.0,263,14.9,37.0,38,4805.6875782429,4406.43,345.789513863827,PQ40/40
0.2,50,50.0,0.513,50.0,36.1,7.35,32.5,31.5,57,20.0,44.0,9,408.712498350874,2273.42,68.8011036325679,PQ50/50
0.2,10,20.5,0.81,16.2,10.3,2.47,14.0,12.5,88,8.8,18.0,42,2019.80430177215,514.291,222.726127298326,PQ20/16
0.18,30,32.0,2.17,20.5,11.5,4.03,22.0,19.0,109,13.4,27.5,48,18219.0526858601,1012.59,273.679253801469,PQ32/20
0.174,50,50.0,1.932,40.0,26.1,12.72,32.0,31.5,117,20.0,44.0,14,5628.46016386083,5054.8,54.7390471134498,PQ50/40
0.069,500,35.1,0.192,34.8,25.0,1.49,26.0,23.5,36,14.3,32.0,15,13.6912037472755,213.784,238.534193316106,PQ35/35
0.125,180,50.0,1.308,50.0,36.1,2.83,32.5,31.5,227,20.0,44.0,43,16187.836563014902,18343.699999999997,719.631087879364,PQ50/50
0.128,600,65.0,1.783,60.0,42.0,6.6,45.0,40.8,217,26.0,55.0,23,42348.751119688204,24704.6,255.710937017621,PQ65/60
0.108,180,20.5,0.412,20.2,14.3,3.63,14.0,12.5,302,8.8,18.0,7,264.873436997685,720.017,10.9646794586722,PQ20/20
0.141,500,65.0,2.318,60.0,42.0,9.91,45.0,40.8,178,26.0,55.0,22,66659.6879235353,25274.9,189.434288780174,PQ65/60
0.2,20,40.5,1.584,39.8,29.5,2.01,28.0,28.0,46,14.9,37.0,95,2959.67584768596,1131.06,1811.9757824995102,PQ40/40
0.1,10,32.0,2.472,20.5,11.5,4.14,22.0,19.0,354,13.4,27.5,36,7333.02217829176,3395.52,138.25374427263,PQ32/20
0.08,30,20.5,2.4,16.2,10.3,1.27,14.0,12.5,554,8.8,18.0,54,2587.68805576767,512.463,151.161525335638,PQ20/16
0.2,150,32.0,0.201,20.5,11.5,2.95,22.0,19.0,22,13.4,27.5,8,23.9068569466101,48.0191,58.9526053789343,PQ32/20
0.2,40,40.5,2.393,30.3,20.0,14.7,28.0,28.0,59,14.9,37.0,19,7002.727782774419,1502.74,51.4071895420988,PQ40/30
0.087,350,35.1,1.709,34.8,25.0,2.02,26.0,23.5,464,14.3,32.0,25,3789.34791961878,1658.55,107.707051556447,PQ35/35
0.106,600,50.0,2.358,40.0,26.1,12.42,32.0,31.5,312,20.0,44.0,12,26266.6727956593,12695.4,34.2420616843471,PQ50/40
0.124,40,32.0,1.859,20.5,11.5,2.2,22.0,19.0,230,13.4,27.5,72,25036.352210855,3326.48,700.424119726485,PQ32/20
0.101,80,40.5,2.408,39.8,29.5,1.27,28.0,28.0,348,14.9,37.0,110,21862.4856100346,9209.95,1769.17655619715,PQ40/40
0.075,200,16.4,0.302,11.6,6.7,0.73,11.2,9.6,476,7.0,14.4,12,58.6218577037955,71.9949,27.2322339916407,PQ16/11.6
0.127,20,50.0,2.099,50.0,36.1,1.66,32.5,31.5,218,20.0,44.0,108,10297.2929961494,17780.8,3116.45868750816,PQ50/50
0.077,400,26.5,1.998,20.2,11.5,4.59,19.0,15.5,595,12.0,22.5,13,6708.11233926022,947.365,17.3148165575222,PQ26/20
0.184,300,65.0,1.592,60.0,42.0,6.41,45.0,40.8,104,26.0,55.0,21,15119.7162106301,5965.51,233.948805600453,PQ65/60
0.115,600,50.0,2.021,50.0,36.1,11.9,32.5,31.5,268,20.0,44.0,10,11680.099319905,9538.1,27.4963275211156,PQ50/50
0.122,350,40.5,0.915,30.3,20.0,7.83,28.0,28.0,238,14.9,37.0,11,5463.71097830877,6704.84,36.8937411247124,PQ40/30
0.085,500,26.5,1.46,20.2,11.5,4.83,19.0,15.5,493,12.0,22.5,9,3344.12481673082,574.661,10.8045993787225,PQ26/20
0.142,150,40.5,1.646,39.8,29.5,8.51,28.0,28.0,175,14.9,37.0,17,7428.10705804735,5973.73,56.345846150205,PQ40/40
0.055,500,65.0,1.193,60.0,42.0,0.91,45.0,40.8,487,26.0,55.0,40,642.722056476874,5948.7300000000005,1076.41438125009,PQ65/60
0.116,10,32.0,2.157,20.5,11.5,0.61,22.0,19.0,263,13.4,27.5,203,10675.5915737103,1637.32,4920.44653256205,PQ32/20
0.073,200,32.0,0.302,30.4,21.3,0.55,22.0,19.0,218,13.4,27.5,48,171.079508239247,2383.94,1467.0366955683498,PQ32/30
0.157,150,40.5,0.973,30.3,20.0,7.27,28.0,28.0,144,14.9,37.0,13,3438.14588731093,2976.85,49.0097747663613,PQ40/30
0.2,250,40.5,0.6,30.3,20.0,10.16,28.0,28.0,83,14.9,37.0,7,1518.00826312506,1460.2,21.2362914804339,PQ40/30
0.092,10,26.5,2.039,20.2,11.5,0.77,19.0,15.5,413,12.0,22.5,76,1257.3313350764702,440.879,581.833537635858,PQ26/20
0.086,200,32.0,2.038,20.5,11.5,3.4,22.0,19.0,478,13.4,27.5,17,3889.74211827584,727.377,36.163528942671505,PQ32/20
0.08,400,26.5,1.512,20.2,11.5,3.58,19.0,15.5,555,12.0,22.5,12,3459.42122462774,643.796,18.6355374844078,PQ26/20
0.155,100,26.5,0.383,24.8,16.1,3.11,19.0,15.5,147,12.0,22.5,11,438.621249622929,867.1809999999999,50.9611091908801,PQ26/25
0.12,350,26.5,0.637,24.8,16.1,7.01,19.0,15.5,246,12.0,22.5,8,2887.32282296619,2590.49,17.4153140811142,PQ26/25
0.08,250,32.0,1.267,30.4,21.3,1.24,22.0,19.0,523,13.4,27.5,31,2321.10223109462,1345.41,183.940329996316,PQ32/30
0.158,180,40.5,1.402,39.8,29.5,9.59,28.0,28.0,142,14.9,37.0,14,6421.16662010864,4613.25,43.2090224964625,PQ40/40
0.149,40,40.5,1.678,39.8,29.5,2.1,28.0,28.0,158,14.9,37.0,68,7522.61261045664,4645.37,888.26892610484,PQ40/40
0.171,500,50.0,1.066,50.0,36.1,14.51,32.5,31.5,120,20.0,44.0,7,5083.723928065169,5514.38,22.5220936402413,PQ50/50
0.2,10,32.0,1.666,30.4,21.3,1.52,22.0,19.0,46,13.4,27.5,128,3422.37522729536,615.925,2526.72225371348,PQ32/30
0.095,500,35.1,1.298,34.8,25.0,5.76,26.0,23.5,389,14.3,32.0,13,6354.27020036862,6054.179999999999,36.1223906865924,PQ35/35
0.12,500,40.5,0.942,39.8,29.5,8.72,28.0,28.0,247,14.9,37.0,10,5284.437966814,9277.28,30.0760239457212,PQ40/40
0.117,120,35.1,1.305,34.8,25.0,2.73,26.0,23.5,257,14.3,32.0,28,3486.8520222151196,2938.13,166.907930586837,PQ35/35
0.084,40,16.4,1.839,11.6,6.7,1.19,11.2,9.6,500,7.0,14.4,48,2870.4491370322003,200.395,96.4388954768753,PQ16/11.6
0.087,120,20.5,1.893,16.2,10.3,2.67,14.0,12.5,464,8.8,18.0,22,3063.47790488902,404.508,30.5422836927499,PQ20/16
0.118,150,26.5,0.948,20.2,11.5,3.35,19.0,15.5,254,12.0,22.5,16,2838.6523451226703,790.6450000000001,49.0978210456034,PQ26/20
0.099,500,32.0,1.195,30.4,21.3,6.18,22.0,19.0,363,13.4,27.5,11,5814.06068774383,3499.95,24.286747046239203,PQ32/30
0.106,300,35.1,2.194,34.8,25.0,10.11,26.0,23.5,315,14.3,32.0,13,11369.6192643186,6253.7,24.0238966395544,PQ35/35
0.083,250,26.5,1.138,24.8,16.1,2.45,19.0,15.5,508,12.0,22.5,14,1292.7621397984099,738.3870000000001,32.8543937861435,PQ26/25
0.094,80,50.0,1.75,50.0,36.1,5.27,32.5,31.5,398,20.0,44.0,20,3350.29865128428,19383.9,123.146575887988,PQ50/50
0.18,100,50.0,1.905,50.0,36.1,4.67,32.5,31.5,109,20.0,44.0,39,17701.8877594357,6288.33,438.17739577752,PQ50/50
0.105,10,26.5,1.727,20.2,11.5,5.25,19.0,15.5,318,12.0,22.5,19,3812.6258789623703,1625.22,41.808714180267,PQ26/20
0.084,40,65.0,1.699,60.0,42.0,3.32,45.0,40.8,502,26.0,55.0,16,1197.03322914044,7889.89,128.626943965534,PQ65/60
0.095,250,32.0,1.864,30.4,21.3,5.42,22.0,19.0,395,13.4,27.5,22,17108.6206668877,7181.68,68.2306281601161,PQ32/30
0.139,180,40.5,0.492,39.8,29.5,3.58,28.0,28.0,183,14.9,37.0,12,575.506488410344,3411.63,73.7496576269285,PQ40/40
0.116,40,20.5,2.266,20.2,14.3,3.4,14.0,12.5,261,8.8,18.0,42,9069.99214314513,1468.87,100.704314153558,PQ20/20
0.131,150,40.5,2.325,39.8,29.5,14.36,28.0,28.0,207,14.9,37.0,14,11860.2741973621,9872.72,29.4290311103187,PQ40/40
0.151,500,35.1,0.705,34.8,25.0,9.92,26.0,23.5,154,14.3,32.0,6,1906.65691711638,2199.25,12.606924179922899,PQ35/35
0.093,60,32.0,1.486,20.5,11.5,5.07,22.0,19.0,405,13.4,27.5,9,736.934083553559,573.8919999999999,13.1709533005238,PQ32/20
0.174,30,20.5,0.912,20.2,14.3,3.36,14.0,12.5,116,8.8,18.0,23,1357.79277016588,422.117,61.9090188115614,PQ20/20
0.096,40,50.0,1.784,40.0,26.1,2.97,32.0,31.5,383,20.0,44.0,37,4132.18745334306,14940.8,407.48286977896,PQ50/40
0.2,600,65.0,1.373,60.0,42.0,19.43,45.0,40.8,85,26.0,55.0,9,20460.573323905,11023.5,48.6128744134745,PQ65/60
0.133,350,50.0,1.702,40.0,26.1,9.41,32.0,31.5,201,20.0,44.0,17,26963.933793276,13432.5,89.4970902011641,PQ50/40
0.102,200,26.5,2.413,20.2,11.5,7.74,19.0,15.5,336,12.0,22.5,18,23556.1867241113,2066.13,28.304745043804303,PQ26/20
0.09,150,26.5,0.936,20.2,11.5,2.31,19.0,15.5,438,12.0,22.5,12,595.732975164922,380.092,27.9038607109555,PQ26/20
0.145,200,35.1,1.851,34.8,25.0,11.04,26.0,23.5,169,14.3,32.0,16,17400.5709789594,5981.3,41.484502436969,PQ35/35
0.095,200,32.0,1.767,30.4,21.3,3.77,22.0,19.0,392,13.4,27.5,29,15089.4497652864,6270.5,123.675117013985,PQ32/30
0.2,350,50.0,1.157,50.0,36.1,15.01,32.5,31.5,25,20.0,44.0,9,818.223191979607,548.024,34.8419799608059,PQ50/50
0.2,80,40.5,1.477,30.3,20.0,11.83,28.0,28.0,78,14.9,37.0,16,7175.309179836,2420.84,53.1087206302739,PQ40/30
0.085,200,32.0,0.811,30.4,21.3,1.33,22.0,19.0,490,13.4,27.5,19,573.204844055589,1012.94,99.27290554878,PQ32/30
0.147,30,20.5,0.551,16.2,10.3,1.85,14.0,12.5,164,8.8,18.0,27,846.440197857201,565.762,126.745892128932,PQ20/16
0.137,60,40.5,1.008,39.8,29.5,4.62,28.0,28.0,187,14.9,37.0,20,1741.10310057021,5622.79,114.146622771531,PQ40/40
0.087,350,26.5,0.245,24.8,16.1,1.63,19.0,15.5,123,12.0,22.5,14,64.761312889481,605.263,121.995835161812,PQ26/25
0.105,150,50.0,1.757,40.0,26.1,5.29,32.0,31.5,320,20.0,44.0,20,6173.15281413139,10080.3,120.60574555932101,PQ50/40
0.105,200,32.0,1.135,30.4,21.3,4.77,22.0,19.0,321,13.4,27.5,15,3553.01724274057,3580.35,47.061105511498795,PQ32/30
0.091,200,20.5,1.374,16.2,10.3,3.23,14.0,12.5,422,8.8,18.0,12,1283.25158702788,225.728,11.8048259114758,PQ20/16
0.094,80,16.4,0.721,11.6,6.7,2.53,11.2,9.6,399,7.0,14.4,17,1371.1237701097,498.09,26.2809304171569,PQ16/11.6
0.087,350,26.5,1.845,20.2,11.5,4.28,19.0,15.5,464,12.0,22.5,13,5146.33237945819,592.06,18.5213217355087,PQ26/20
0.077,120,40.5,1.36,30.3,20.0,3.24,28.0,28.0,597,14.9,37.0,13,694.583090338463,2350.11,37.3989005974751,PQ40/30
0.114,80,26.5,2.305,24.8,16.1,4.82,19.0,15.5,272,12.0,22.5,28,11691.044409206,1995.35,74.0574772341107,PQ26/25
0.136,500,65.0,1.344,60.0,42.0,5.0,45.0,40.8,102,26.0,55.0,24,6612.03511166802,6139.69,351.454340367966,PQ65/60
0.138,200,40.5,2.213,30.3,20.0,11.17,28.0,28.0,185,14.9,37.0,17,21507.4616540873,5327.27,43.6958281938205,PQ40/30
0.085,30,50.0,1.882,40.0,26.1,5.59,32.0,31.5,490,20.0,44.0,10,1916.15707650225,3457.24,28.5022709359882,PQ50/40
0.121,180,40.5,2.304,30.3,20.0,7.02,28.0,28.0,240,14.9,37.0,28,33325.0022910354,8660.08,114.867140542757,PQ40/30
0.101,40,20.5,2.195,20.2,14.3,2.33,14.0,12.5,344,8.8,18.0,55,9559.39307932378,1958.1,177.177990750205,PQ20/20
0.081,150,32.0,1.168,30.4,21.3,0.75,22.0,19.0,539,13.4,27.5,45,1743.78890686859,1193.05,413.45261115524903,PQ32/30
0.2,20,20.5,0.229,16.2,10.3,2.43,14.0,12.5,86,8.8,18.0,12,117.74941930954199,303.025,53.2684594421019,PQ20/16
0.2,120,40.5,0.659,30.3,20.0,8.26,28.0,28.0,51,14.9,37.0,9,496.649055942184,552.592,32.4363776616238,PQ40/30
0.127,100,26.5,0.735,20.2,11.5,6.26,19.0,15.5,219,12.0,22.5,10,1774.87965983215,1598.32,23.827115498724,PQ26/20
0.151,60,26.5,1.251,24.8,16.1,6.23,19.0,15.5,154,12.0,22.5,19,5254.25488244682,1779.11,56.0791706280647,PQ26/25
0.145,80,20.5,0.53,20.2,14.3,3.54,14.0,12.5,167,8.8,18.0,13,706.927505976232,666.648,30.7030625330201,PQ20/20
0.194,40,32.0,1.717,30.4,21.3,5.86,22.0,19.0,94,13.4,27.5,36,14451.840480615,2620.88,195.077843529195,PQ32/30
0.112,180,32.0,2.051,30.4,21.3,5.0,22.0,19.0,283,13.4,27.5,24,13295.5671986781,3270.95,75.3334845067875,PQ32/30
0.1,180,26.5,1.106,24.8,16.1,4.22,19.0,15.5,355,12.0,22.5,16,4277.43359046495,2464.13,43.96930232658,PQ26/25
0.105,40,20.5,2.166,20.2,14.3,2.57,14.0,12.5,321,8.8,18.0,49,8408.49073442536,1690.57,142.1516280877,PQ20/20
0.099,600,50.0,2.307,50.0,36.1,8.71,32.5,31.5,363,20.0,44.0,16,25115.7124862749,19449.5,63.4939008860638,PQ50/50
0.096,50,16.4,0.29,11.6,6.7,0.59,11.2,9.6,381,7.0,14.4,28,208.475060155206,284.748,153.834743587802,PQ16/11.6
0.093,350,26.5,2.057,20.2,11.5,4.54,19.0,15.5,410,12.0,22.5,13,5739.79511143866,433.769,16.8961944361346,PQ26/20
0.124,30,32.0,1.314,30.4,21.3,1.68,22.0,19.0,231,13.4,27.5,74,8093.93811156999,6099.74,1019.5280811285901,PQ32/30
0.09,40,32.0,2.288,20.5,11.5,4.59,22.0,19.0,440,13.4,27.5,15,1688.84693553077,771.644,25.5732713490256,PQ32/20
0.123,80,35.1,0.763,34.8,25.0,8.89,26.0,23.5,233,14.3,32.0,8,1032.60343535297,6306.18,21.012514498772802,PQ35/35
0.118,120,40.5,1.859,39.8,29.5,2.1,28.0,28.0,252,14.9,37.0,52,9670.4622672114,4445.88,479.984408783976,PQ40/40
0.086,120,40.5,1.211,39.8,29.5,0.64,28.0,28.0,478,14.9,37.0,59,1384.95464775343,2041.56,857.983472895615,PQ40/40
0.121,120,26.5,1.186,20.2,11.5,5.11,19.0,15.5,240,12.0,22.5,22,13273.6778666797,2974.0099999999998,76.8365390796685,PQ26/20
0.086,250,20.5,1.141,20.2,14.3,3.14,14.0,12.5,482,8.8,18.0,11,999.5681949633221,432.227,11.8499325800758,PQ20/20
0.118,150,40.5,2.303,39.8,29.5,14.88,28.0,28.0,253,14.9,37.0,9,3976.32925403928,5035.55,12.2548357417792,PQ40/40
0.142,40,32.0,1.652,30.4,21.3,2.18,22.0,19.0,176,13.4,27.5,68,13325.2510590769,3640.82,717.049119719781,PQ32/30
0.12,350,40.5,0.664,39.8,29.5,4.23,28.0,28.0,246,14.9,37.0,14,2386.72709427216,7071.09,78.3115246053029,PQ40/40
0.08,80,20.5,1.88,20.2,14.3,1.18,14.0,12.5,557,8.8,18.0,45,2808.01961380394,631.068,133.97034625146298,PQ20/20
0.111,50,20.5,1.959,20.2,14.3,3.61,14.0,12.5,288,8.8,18.0,34,7187.11126343801,1588.6499999999999,74.080972573955,PQ20/20
0.1,30,16.4,0.829,11.6,6.7,1.29,11.2,9.6,354,7.0,14.4,37,1401.11833619855,394.351,110.935481472531,PQ16/11.6
0.087,500,40.5,1.42,39.8,29.5,1.83,28.0,28.0,468,14.9,37.0,24,3123.63424288873,2122.48,125.486051931497,PQ40/40
0.097,300,40.5,2.127,39.8,29.5,12.13,28.0,28.0,377,14.9,37.0,11,8101.305624221381,12036.099999999999,19.4103747144226,PQ40/40
0.081,300,35.1,2.12,34.8,25.0,2.42,26.0,23.5,532,14.3,32.0,25,4461.38883962639,2208.96,91.14161392077399,PQ35/35
0.169,150,50.0,1.221,50.0,36.1,4.41,32.5,31.5,124,20.0,44.0,24,5761.99607395219,4882.61,236.927944490691,PQ50/50
0.2,120,50.0,1.717,40.0,26.1,13.83,32.0,31.5,24,20.0,44.0,14,1479.2867534055501,438.715,60.24937447417,PQ50/40
0.113,600,40.5,2.051,39.8,29.5,11.43,28.0,28.0,276,14.9,37.0,11,13521.4181475356,6265.62,19.9529420058587,PQ40/40
0.089,200,26.5,1.491,24.8,16.1,1.57,19.0,15.5,450,12.0,22.5,27,3042.69087853243,588.936,98.0586879341042,PQ26/25
0.2,30,26.5,1.631,24.8,16.1,7.27,19.0,15.5,20,12.0,22.5,28,1345.21661216769,97.3323,98.2270486928692,PQ26/25
0.133,180,40.5,1.957,30.3,20.0,7.7,28.0,28.0,200,14.9,37.0,23,23200.3567292229,6569.05,88.0092072163023,PQ40/30
0.156,600,65.0,1.058,60.0,42.0,11.23,45.0,40.8,145,26.0,55.0,9,7477.69385670843,12583.0,60.3970497385412,PQ65/60
0.085,50,40.5,2.336,30.3,20.0,8.29,28.0,28.0,493,14.9,37.0,9,2119.7964098021,2455.58,11.7394623100548,PQ40/30
0.104,80,20.5,1.275,20.2,14.3,3.4,14.0,12.5,326,8.8,18.0,24,3821.64969919864,1622.06,51.7199455549467,PQ20/20
0.08,300,26.5,1.224,20.2,11.5,4.4,19.0,15.5,551,12.0,22.5,8,1223.23375183644,597.523,9.89219328556147,PQ26/20
0.078,100,32.0,2.393,30.4,21.3,0.91,22.0,19.0,584,13.4,27.5,83,9735.89275870371,2637.34,797.912121876471,PQ32/30
0.117,500,40.5,1.951,39.8,29.5,9.14,28.0,28.0,260,14.9,37.0,13,12188.2792855108,5328.42,28.9342432716537,PQ40/40
0.085,40,16.4,2.118,11.6,6.7,1.28,11.2,9.6,483,7.0,14.4,48,3122.08672236739,166.942,85.66513659465491,PQ16/11.6
0.088,300,26.5,1.806,24.8,16.1,3.42,19.0,15.5,455,12.0,22.5,15,3501.83012429069,653.23,25.909357284387198,PQ26/25
0.102,100,32.0,1.621,30.4,21.3,2.57,22.0,19.0,340,13.4,27.5,37,7464.46316111014,4035.79,215.48847108703902,PQ32/30
0.134,80,50.0,2.497,50.0,36.1,14.42,32.5,31.5,196,20.0,44.0,16,11626.7164625329,19862.1,59.7573467070228,PQ50/50
0.108,50,35.1,1.115,34.8,25.0,0.84,26.0,23.5,305,14.3,32.0,80,3277.1026354461,3975.66,1543.24258435673,PQ35/35
0.106,200,32.0,2.062,20.5,11.5,5.87,22.0,19.0,317,13.4,27.5,20,18874.0309737737,2184.54,49.5655137684418,PQ32/20
0.093,600,50.0,1.168,50.0,36.1,1.41,32.5,31.5,408,20.0,44.0,24,2290.00867646409,2344.89,245.234186172127,PQ50/50
0.121,250,40.5,0.81,39.8,29.5,4.12,28.0,28.0,241,14.9,37.0,17,2909.13853707356,6941.39,98.23636214841599,PQ40/40
0.108,60,26.5,2.223,24.8,16.1,2.36,19.0,15.5,302,12.0,22.5,61,21455.1179959187,3081.35,361.714566536209,PQ26/25
0.1,400,50.0,2.238,50.0,36.1,4.88,32.5,31.5,354,20.0,44.0,29,31195.1562729459,20551.1,213.536293068552,PQ50/50
0.094,200,26.5,1.844,20.2,11.5,4.81,19.0,15.5,398,12.0,22.5,22,18017.0647388635,2493.38,53.077682252931595,PQ26/20
0.064,500,32.0,0.462,30.4,21.3,1.0,22.0,19.0,356,13.4,27.5,26,347.720514882339,2128.5699999999997,298.166564070778,PQ32/30
0.165,40,26.5,1.132,24.8,16.1,2.88,19.0,15.5,129,12.0,22.5,38,5872.03655402246,1302.27,243.47277980059798,PQ26/25
0.102,20,16.4,2.437,11.6,6.7,2.02,11.2,9.6,336,7.0,14.4,68,10672.3228653329,522.136,152.484237956645,PQ16/11.6
0.198,30,32.0,1.08,30.4,21.3,2.77,22.0,19.0,90,13.4,27.5,44,4622.22685479415,1527.5,422.099869600487,PQ32/30
0.082,50,32.0,1.743,30.4,21.3,5.32,22.0,19.0,519,13.4,27.5,10,952.05179165172,1593.49,14.8582623698255,PQ32/30
0.151,300,35.1,0.898,34.8,25.0,7.7,26.0,23.5,154,14.3,32.0,10,3192.85113492159,2562.66,28.7419131439261,PQ35/35
0.088,250,26.5,2.363,20.2,11.5,4.22,19.0,15.5,460,12.0,22.5,18,9103.41746328465,772.2470000000001,28.8064971654775,PQ26/20
0.144,150,32.0,1.142,30.4,21.3,7.1,22.0,19.0,171,13.4,27.5,14,4840.11341614706,2633.89,40.85422861149,PQ32/30
0.1,20,35.1,2.419,34.8,25.0,2.81,26.0,23.5,351,14.3,32.0,49,4629.12032595116,7071.7,316.269911378454,PQ35/35
0.171,30,26.5,1.825,24.8,16.1,5.63,19.0,15.5,121,12.0,22.5,31,9058.63031267458,1410.78,109.788628599976,PQ26/25
0.2,50,35.1,0.961,34.8,25.0,4.06,26.0,23.5,24,14.3,32.0,29,472.372306307196,221.996,228.953703494395,PQ35/35
0.2,120,50.0,2.201,40.0,26.1,12.29,32.0,31.5,20,20.0,44.0,21,2245.85764896279,390.77,110.92114557851299,PQ50/40
0.087,500,107.0,2.451,87.0,56.0,11.57,70.0,72.5,465,41.0,93.7,6,1870.53282394533,18944.8,30.6070309378684,PQ107/87
0.193,250,50.0,0.849,40.0,26.1,16.46,32.0,31.5,95,20.0,44.0,6,2851.89719054372,4349.09,19.8640758604914,PQ50/40
0.103,120,20.5,0.501,16.2,10.3,2.42,14.0,12.5,332,8.8,18.0,12,482.410725599578,610.737,27.1046655608774,PQ20/16
0.142,400,65.0,2.402,60.0,42.0,12.41,45.0,40.8,175,26.0,55.0,17,38533.8392287986,20902.3,109.89558039215001,PQ65/60
0.2,40,107.0,1.519,87.0,56.0,6.93,70.0,72.5,56,41.0,93.7,26,3306.66813263874,13952.7,860.7186188860139,PQ107/87
0.099,20,32.0,0.763,20.5,11.5,1.2,22.0,19.0,358,13.4,27.5,41,962.478868038288,2507.61,478.66941962424505,PQ32/20
0.124,10,65.0,1.155,60.0,42.0,8.16,45.0,40.8,228,26.0,55.0,13,8874.28492207918,26828.6,117.029690884414,PQ65/60
0.086,500,32.0,1.873,20.5,11.5,5.65,22.0,19.0,477,13.4,27.5,10,5445.0929566943,825.51,13.4117189877188,PQ32/20
0.093,250,32.0,2.006,30.4,21.3,7.37,22.0,19.0,412,13.4,27.5,8,1639.78743091736,1036.06,8.508938975948348,PQ32/30
0.088,600,32.0,1.405,20.5,11.5,4.16,22.0,19.0,453,13.4,27.5,10,3659.58378507134,626.626,17.020611684686997,PQ32/20
0.2,180,50.0,2.164,50.0,36.1,16.0,32.5,31.5,32,20.0,44.0,16,3977.59310282878,1232.44,66.8397932838396,PQ50/50
0.091,50,35.1,1.533,34.8,25.0,4.77,26.0,23.5,427,14.3,32.0,10,679.750749496613,1527.88,18.758341891279898,PQ35/35
0.196,180,50.0,2.299,50.0,36.1,19.02,32.5,31.5,92,20.0,44.0,15,29983.8492149665,10036.3,56.000805347075804,PQ50/50
0.119,300,40.5,0.771,39.8,29.5,3.57,28.0,28.0,250,14.9,37.0,20,4238.80602883266,8636.32,141.51137957357798,PQ40/40
0.2,60,32.0,0.258,30.4,21.3,3.7,22.0,19.0,57,13.4,27.5,8,73.6943342299924,392.345,46.8190096696616,PQ32/30
0.106,30,20.5,0.78,16.2,10.3,2.43,14.0,12.5,315,8.8,18.0,19,628.460697374964,718.845,46.974659411836,PQ20/16
0.099,120,40.5,2.213,30.3,20.0,13.74,28.0,28.0,361,14.9,37.0,10,5444.31640207547,7884.86,15.0967002122687,PQ40/30
0.09,350,32.0,1.629,20.5,11.5,3.56,22.0,19.0,440,13.4,27.5,14,4356.85345839927,695.758,29.5358340849498,PQ32/20
0.2,60,65.0,1.757,60.0,42.0,8.46,45.0,40.8,57,26.0,55.0,26,5308.92156607815,5718.25,330.928126128945,PQ65/60
0.2,30,32.0,0.842,20.5,11.5,3.36,22.0,19.0,63,13.4,27.5,31,2125.2937941744003,579.23,251.735960385298,PQ32/20
0.085,200,26.5,2.457,20.2,11.5,7.44,19.0,15.5,491,12.0,22.5,10,4008.5518567157,752.855,8.60109818396326,PQ26/20
0.2,20,40.5,1.755,39.8,29.5,2.53,28.0,28.0,58,14.9,37.0,81,4478.26410637336,1706.1,1218.99130481713,PQ40/40
0.117,20,20.5,1.927,16.2,10.3,1.68,14.0,12.5,260,8.8,18.0,71,7136.93063112629,887.953,313.649198041115,PQ20/16
0.157,100,26.5,0.811,24.8,16.1,7.4,19.0,15.5,143,12.0,22.5,10,1886.41280189387,1161.08,22.2179632080476,PQ26/25
0.096,120,32.0,1.514,20.5,11.5,2.52,22.0,19.0,385,13.4,27.5,35,11766.3573914478,2903.11,196.06725744263198,PQ32/20
0.094,600,50.0,1.658,40.0,26.1,4.46,32.0,31.5,397,20.0,44.0,21,18969.0350854344,12263.6,139.411735939244,PQ50/40
0.158,50,40.5,1.531,30.3,20.0,2.84,28.0,28.0,141,14.9,37.0,50,9355.62775180282,3209.79,504.172470640344,PQ40/30
0.2,30,26.5,0.928,20.2,11.5,6.21,19.0,15.5,61,12.0,22.5,19,1932.62730315575,462.83,70.5860855312061,PQ26/20
0.2,180,40.5,0.361,30.3,20.0,4.38,28.0,28.0,76,14.9,37.0,10,488.887502029283,1104.96,66.86831147963339,PQ40/30
0.095,150,32.0,0.766,20.5,11.5,1.65,22.0,19.0,391,13.4,27.5,30,4126.49090915098,2968.7,255.44961011961698,PQ32/20
0.199,20,107.0,0.845,87.0,56.0,5.35,70.0,72.5,89,41.0,93.7,20,2274.92770452933,31133.8,843.608785645066,PQ107/87
0.155,350,35.1,1.167,34.8,25.0,14.28,26.0,23.5,146,14.3,32.0,7,4368.94423416447,2643.28,11.410258942770701,PQ35/35
0.126,300,26.5,0.791,24.8,16.1,7.87,19.0,15.5,223,12.0,22.5,9,4427.47166076725,2448.17,18.3730029038599,PQ26/25
0.1,180,65.0,1.986,60.0,42.0,13.08,45.0,40.8,350,26.0,55.0,9,4162.6158161125,24179.0,35.8691623818876,PQ65/60
0.2,200,65.0,1.795,60.0,42.0,10.85,45.0,40.8,22,26.0,55.0,21,2237.60737272392,1039.18,212.363404894447,PQ65/60
0.103,500,40.5,1.766,30.3,20.0,9.37,28.0,28.0,332,14.9,37.0,11,10492.8348438418,4970.11,21.7910818267168,PQ40/30
0.102,50,26.5,0.655,24.8,16.1,0.69,19.0,15.5,341,12.0,22.5,59,1606.0250076796701,1897.71,925.048036243144,PQ26/25
0.084,600,26.5,1.52,20.2,11.5,5.17,19.0,15.5,502,12.0,22.5,9,4526.78105730023,654.82,10.4371797720059,PQ26/20
0.077,80,16.4,1.78,11.6,6.7,3.81,11.2,9.6,595,7.0,14.4,15,1945.18290883956,299.92,9.68882031374118,PQ16/11.6
0.2,30,50.0,0.885,40.0,26.1,1.84,32.0,31.5,50,20.0,44.0,59,1392.07008118086,1555.11,1853.57290802281,PQ50/40
0.082,100,20.5,2.105,20.2,14.3,1.77,14.0,12.5,522,8.8,18.0,34,3237.61669540606,617.773,69.93924391866149,PQ20/20
0.102,80,16.4,0.523,11.6,6.7,1.86,11.2,9.6,336,7.0,14.4,17,729.909287693039,329.596,34.319844494445896,PQ16/11.6
0.086,80,26.5,0.598,24.8,16.1,3.02,19.0,15.5,472,12.0,22.5,6,110.23007391777601,496.18,10.3246204037444,PQ26/25
0.116,120,20.5,0.31,20.2,14.3,2.62,14.0,12.5,261,8.8,18.0,7,98.0082924134008,436.233,13.931706469784,PQ20/20
0.079,100,50.0,1.307,50.0,36.1,6.19,32.5,31.5,562,20.0,44.0,6,561.982953869895,4220.34,13.9980444569442,PQ50/50
0.084,80,65.0,2.207,60.0,42.0,7.11,45.0,40.8,500,26.0,55.0,9,1618.62367520727,7418.96,32.916884202523896,PQ65/60
0.078,600,32.0,0.587,30.4,21.3,3.03,22.0,19.0,575,13.4,27.5,6,276.763037190989,1158.1,12.9587698763529,PQ32/30
0.104,500,35.1,1.053,34.8,25.0,5.06,26.0,23.5,325,14.3,32.0,12,3886.35677893601,3834.84,36.365561917600395,PQ35/35
0.11,100,26.5,2.134,24.8,16.1,3.72,19.0,15.5,292,12.0,22.5,33,14338.1365476796,2091.81,109.494545092873,PQ26/25
0.098,300,35.1,2.304,34.8,25.0,9.12,26.0,23.5,371,14.3,32.0,15,14258.456363511,8508.67,30.8188387793534,PQ35/35
0.109,20,20.5,0.578,20.2,14.3,0.93,14.0,12.5,298,8.8,18.0,39,381.286407589851,849.484,257.258626939027,PQ20/20
0.076,120,32.0,1.25,30.4,21.3,0.52,22.0,19.0,590,13.4,27.5,75,2868.51182539732,1776.2,1088.37458505407,PQ32/30
0.09,80,26.5,1.731,20.2,11.5,1.22,19.0,15.5,434,12.0,22.5,44,3790.9876951953797,551.949,223.774502670949,PQ26/20
0.104,50,32.0,2.463,30.4,21.3,1.42,22.0,19.0,325,13.4,27.5,99,19655.1051573247,4371.88,1109.4966956466199,PQ32/30
0.117,180,26.5,1.278,24.8,16.1,6.19,19.0,15.5,258,12.0,22.5,12,3829.82288843499,1317.06,21.9653640452054,PQ26/25
0.2,40,26.5,0.728,20.2,11.5,3.76,19.0,15.5,40,12.0,22.5,25,883.294362865777,203.50199999999998,150.202294302449,PQ26/20
0.2,60,26.5,0.42,20.2,11.5,4.89,19.0,15.5,75,12.0,22.5,11,640.174882356359,526.141,46.8642904210671,PQ26/20
0.159,250,65.0,1.442,60.0,42.0,4.87,45.0,40.8,95,26.0,55.0,35,15828.0723236868,11479.6,705.283069875872,PQ65/60
0.113,80,107.0,2.301,87.0,56.0,6.94,70.0,72.5,275,41.0,93.7,20,5240.54037165074,52149.0,358.550248288715,PQ107/87
0.115,500,35.1,1.731,34.8,25.0,10.41,26.0,23.5,268,14.3,32.0,10,9399.34454996646,4078.69,17.0630059051523,PQ35/35
0.111,120,26.5,0.738,24.8,16.1,2.49,19.0,15.5,286,12.0,22.5,19,1686.50596911881,1583.57,86.71684266929061,PQ26/25
0.077,80,32.0,1.901,20.5,11.5,0.8,22.0,19.0,591,13.4,27.5,72,6426.40382406056,1238.73,687.125468140647,PQ32/20
0.096,100,32.0,2.148,30.4,21.3,2.21,22.0,19.0,380,13.4,27.5,55,16752.733312799803,5274.49,381.436647905006,PQ32/30
0.079,500,40.5,1.856,39.8,29.5,2.03,28.0,28.0,565,14.9,37.0,26,4718.58250107162,2839.47,120.07105878459501,PQ40/40
0.079,300,40.5,1.149,39.8,29.5,2.13,28.0,28.0,570,14.9,37.0,17,945.805175796142,2775.99,74.23388804120279,PQ40/40
0.093,80,20.5,1.219,20.2,14.3,1.27,14.0,12.5,404,8.8,18.0,30,1016.5723257799,351.755,83.6053499371626,PQ20/20
0.155,300,35.1,1.395,34.8,25.0,13.35,26.0,23.5,147,14.3,32.0,9,6971.21211950132,3024.4,16.3731471013699,PQ35/35
0.081,250,20.5,1.641,20.2,14.3,3.33,14.0,12.5,541,8.8,18.0,14,2177.18711021705,562.077,14.4255213889166,PQ20/20
0.07,300,20.5,0.22,20.2,14.3,0.93,14.0,12.5,584,8.8,18.0,7,18.9572478996252,266.442,18.677437254211902,PQ20/20
0.077,50,20.5,2.442,20.2,14.3,1.16,14.0,12.5,598,8.8,18.0,63,4346.33893214958,984.921,213.419933174776,PQ20/20
0.2,60,40.5,0.827,39.8,29.5,4.54,28.0,28.0,76,14.9,37.0,23,1711.1671898585,2249.77,176.969747028151,PQ40/40
0.2,10,16.4,0.603,11.6,6.7,2.28,11.2,9.6,24,7.0,14.4,31,224.11115463867,15.3305,101.457425726556,PQ16/11.6
0.081,200,26.5,2.295,20.2,11.5,3.1,19.0,15.5,538,12.0,22.5,21,6221.44955301901,726.827,40.1977203331294,PQ26/20
0.082,300,35.1,0.323,34.8,25.0,0.83,26.0,23.5,384,14.3,32.0,22,205.86527838911,2953.98,326.571237590326,PQ35/35
0.2,150,50.0,1.76,40.0,26.1,11.59,32.0,31.5,58,20.0,44.0,19,10787.935899393498,2906.86,108.801069225361,PQ50/40
0.11,500,32.0,0.769,20.5,11.5,6.83,22.0,19.0,293,13.4,27.5,7,3025.40776985101,1578.57,13.8577379209994,PQ32/20
0.08,500,65.0,1.413,60.0,42.0,2.25,45.0,40.8,220,26.0,55.0,58,10514.350102005,27951.399999999998,1969.356009315,PQ65/60
0.113,30,20.5,2.418,16.2,10.3,2.95,14.0,12.5,275,8.8,18.0,52,11656.5861425238,1159.8500000000001,139.245652009356,PQ20/16
0.168,80,32.0,1.744,30.4,21.3,6.31,22.0,19.0,125,13.4,27.5,24,9805.82504525535,1860.19,85.5324524414223,PQ32/30
0.093,120,16.4,1.449,11.6,6.7,3.39,11.2,9.6,407,7.0,14.4,13,1485.56723492531,119.05399999999999,8.64097835704518,PQ16/11.6
0.065,600,32.0,0.781,30.4,21.3,1.19,22.0,19.0,444,13.4,27.5,21,509.86805666894895,882.858,125.08494406902,PQ32/30
0.092,400,26.5,0.359,24.8,16.1,1.72,19.0,15.5,327,12.0,22.5,12,406.712729327926,1147.87,64.0172631749929,PQ26/25
0.112,500,50.0,2.236,50.0,36.1,14.84,32.5,31.5,280,20.0,44.0,9,10879.480829066,11494.0,20.5784543493578,PQ50/50
0.083,80,16.4,1.963,11.6,6.7,2.62,11.2,9.6,510,7.0,14.4,23,2998.48337458977,207.201,20.9733557163242,PQ16/11.6
0.137,600,107.0,1.053,87.0,56.0,3.07,70.0,72.5,52,41.0,93.7,42,3163.75064185005,11574.9,3073.8910343448597,PQ107/87
0.088,250,20.5,0.974,16.2,10.3,2.77,14.0,12.5,454,8.8,18.0,10,723.304360541748,222.318,10.8375987400738,PQ20/16
0.081,20,40.5,1.396,39.8,29.5,1.15,28.0,28.0,540,14.9,37.0,35,500.655449442438,2260.1200000000003,270.595400720164,PQ40/40
0.1,250,26.5,1.428,20.2,11.5,5.06,19.0,15.5,354,12.0,22.5,16,10205.702460246,1725.91,34.784238222836,PQ26/20
0.129,120,26.5,1.137,24.8,16.1,6.17,19.0,15.5,211,12.0,22.5,16,6026.96867083003,2440.46,42.9890388998398,PQ26/25
0.174,80,35.1,1.891,34.8,25.0,5.98,26.0,23.5,116,14.3,32.0,27,9706.733910806919,2305.2,116.202200066787,PQ35/35
0.118,50,32.0,1.342,30.4,21.3,1.41,22.0,19.0,254,13.4,27.5,55,3803.2792856401798,2038.42,553.136421984955,PQ32/30
0.119,80,35.1,2.099,34.8,25.0,4.89,26.0,23.5,250,14.3,32.0,39,19587.8151139074,11729.2,223.784679076001,PQ35/35
0.084,150,20.5,2.099,20.2,14.3,3.37,14.0,12.5,505,8.8,18.0,19,3190.34362656061,695.454,21.9033595847141,PQ20/20
0.2,120,50.0,2.046,50.0,36.1,15.46,32.5,31.5,28,20.0,44.0,17,2923.06731128794,1159.6,78.7727296608732,PQ50/50
0.096,500,32.0,1.01,20.5,11.5,7.09,22.0,19.0,384,13.4,27.5,9,6828.25223224593,3008.6400000000003,18.1930346130413,PQ32/20
0.192,40,26.5,0.237,20.2,11.5,3.87,19.0,15.5,96,12.0,22.5,7,129.984494351727,527.64,31.5056644531417,PQ26/20
0.082,100,16.4,2.409,11.6,6.7,3.48,11.2,9.6,521,7.0,14.4,20,4009.09056171351,197.34,13.31786196807,PQ16/11.6
0.122,200,40.5,1.757,39.8,29.5,6.5,28.0,28.0,236,14.9,37.0,25,17515.2417680073,12406.0,115.897479371212,PQ40/40
0.124,80,40.5,2.267,30.3,20.0,3.42,28.0,28.0,231,14.9,37.0,60,35310.339989198,9240.0,534.549070139435,PQ40/30
0.121,400,50.0,0.813,50.0,36.1,4.77,32.5,31.5,241,20.0,44.0,15,4335.702002443951,14210.699999999999,129.330068291525,PQ50/50
0.149,300,40.5,1.082,39.8,29.5,8.01,28.0,28.0,159,14.9,37.0,13,5804.19908559157,4933.64,45.5986168704468,PQ40/40
0.085,10,20.5,1.892,20.2,14.3,0.97,14.0,12.5,487,8.8,18.0,58,873.106183829808,569.936,221.456572151306,PQ20/20
0.136,120,40.5,1.069,39.8,29.5,11.68,28.0,28.0,191,14.9,37.0,8,1609.33028758051,5364.67,17.4231182322483,PQ40/40
0.087,100,40.5,1.197,30.3,20.0,2.26,28.0,28.0,471,14.9,37.0,15,419.504952293553,1103.26,55.1072029073476,PQ40/30
0.082,40,20.5,2.061,16.2,10.3,0.9,14.0,12.5,519,8.8,18.0,69,3447.26169751392,484.713,280.042202925851,PQ20/16
0.2,80,32.0,0.498,20.5,11.5,4.29,22.0,19.0,52,13.4,27.5,15,715.296835682709,382.438,92.7211590387443,PQ32/20
0.11,120,32.0,2.359,20.5,11.5,4.55,22.0,19.0,294,13.4,27.5,30,22164.7925934757,2120.75,99.7938552676558,PQ32/20
0.101,200,50.0,0.464,40.0,26.1,1.31,32.0,31.5,76,20.0,44.0,45,311.775985320783,2921.77,1879.03401166659,PQ50/40
0.112,250,32.0,1.558,30.4,21.3,5.32,22.0,19.0,279,13.4,27.5,17,7553.00868352852,2655.41,46.940652979794095,PQ32/30
0.099,40,16.4,0.695,11.6,6.7,1.53,11.2,9.6,363,7.0,14.4,26,930.834822159743,370.503,63.3229062245627,PQ16/11.6
0.137,180,26.5,0.089,20.2,11.5,1.38,19.0,15.5,126,12.0,22.5,6,13.9960200326497,384.076,55.2667919593973,PQ26/20
0.115,180,32.0,1.324,30.4,21.3,6.9,22.0,19.0,267,13.4,27.5,11,2707.64829834863,2163.64,22.363811869888302,PQ32/30
0.124,180,50.0,0.796,50.0,36.1,7.05,32.5,31.5,229,20.0,44.0,10,1457.06292366696,13031.1,58.5166458801263,PQ50/50
0.081,250,20.5,1.033,20.2,14.3,2.52,14.0,12.5,538,8.8,18.0,12,828.100844247033,453.253,15.252803223065301,PQ20/20
0.108,200,26.5,1.134,20.2,11.5,5.29,19.0,15.5,300,12.0,22.5,13,4913.91349053939,1393.57,27.8575838596158,PQ26/20
0.092,300,26.5,2.144,20.2,11.5,7.16,19.0,15.5,418,12.0,22.5,9,4073.28661597737,520.03,7.818829298366,PQ26/20
0.089,500,50.0,2.015,40.0,26.1,2.54,32.0,31.5,449,20.0,44.0,23,6772.28710852662,2869.94,142.697406716807,PQ50/40
0.117,10,35.1,1.264,34.8,25.0,8.62,26.0,23.5,256,14.3,32.0,9,4387.83471904577,3260.69,17.6803696416937,PQ35/35
0.162,100,32.0,0.665,30.4,21.3,4.02,22.0,19.0,134,13.4,27.5,15,1307.06066671382,1453.5,73.0690241760992,PQ32/30
0.2,120,26.5,0.419,20.2,11.5,6.26,19.0,15.5,87,12.0,22.5,8,1000.47760645898,572.571,24.8548956601338,PQ26/20
0.124,300,40.5,2.188,39.8,29.5,11.12,28.0,28.0,231,14.9,37.0,19,33173.3698737031,15380.0,56.7693381683816,PQ40/40
0.079,120,20.5,2.079,20.2,14.3,2.23,14.0,12.5,568,8.8,18.0,28,3507.8845725196998,808.566,47.9226476070359,PQ20/20
0.2,80,40.5,1.499,30.3,20.0,9.89,28.0,28.0,28,14.9,37.0,19,1543.46986173203,354.88,74.01548527516769,PQ40/30
0.2,150,40.5,0.692,30.3,20.0,8.4,28.0,28.0,56,14.9,37.0,10,906.103399340256,803.616,38.4298118842743,PQ40/30
0.176,10,32.0,2.063,20.5,11.5,1.39,22.0,19.0,114,13.4,27.5,129,14401.0828392238,1002.51,2062.34378373158,PQ32/20
0.101,600,35.1,0.953,34.8,25.0,7.74,26.0,23.5,345,14.3,32.0,7,2221.36099190366,3968.43,13.4011678902873,PQ35/35
0.169,120,50.0,1.747,40.0,26.1,5.26,32.0,31.5,124,20.0,44.0,30,15805.4115738424,5079.5,272.669029777642,PQ50/40
0.08,20,20.5,1.932,16.2,10.3,3.66,14.0,12.5,557,8.8,18.0,17,1343.8164958667,633.466,17.9229416981375,PQ20/16
0.118,20,16.4,1.038,11.6,6.7,1.24,11.2,9.6,252,7.0,14.4,50,2019.85064311719,256.356,168.332703771105,PQ16/11.6
0.098,350,32.0,0.469,20.5,11.5,1.8,22.0,19.0,364,13.4,27.5,15,1415.02729210003,1623.03,97.5131150303792,PQ32/20
0.2,60,26.5,0.847,20.2,11.5,6.54,19.0,15.5,54,12.0,22.5,16,1779.2053339529,330.086,54.0676594207888,PQ26/20
0.112,100,26.5,1.384,20.2,11.5,2.55,19.0,15.5,279,12.0,22.5,31,7417.1282260581,1131.91,133.906091139569,PQ26/20
0.19,60,40.5,2.262,39.8,29.5,6.29,28.0,28.0,98,14.9,37.0,42,23086.4667612281,5206.43,270.604032436084,PQ40/40
0.2,40,35.1,1.802,34.8,25.0,6.09,26.0,23.5,35,14.3,32.0,34,2243.29550074039,530.68,191.37148301551102,PQ35/35
0.117,300,32.0,0.8,30.4,21.3,5.14,22.0,19.0,256,13.4,27.5,9,1343.82815820573,1591.59,22.5371065264336,PQ32/30
0.091,60,20.5,1.932,16.2,10.3,1.63,14.0,12.5,424,8.8,18.0,36,2500.65669637344,328.533,80.3739421393037,PQ20/16
0.129,40,32.0,0.801,20.5,11.5,0.89,22.0,19.0,213,13.4,27.5,78,5685.00765299017,2128.03,1662.97492494108,PQ32/20
0.091,350,26.5,2.027,20.2,11.5,6.41,19.0,15.5,430,12.0,22.5,10,5316.24298591828,610.069,10.1225713221808,PQ26/20
0.101,60,16.4,0.722,11.6,6.7,2.46,11.2,9.6,349,7.0,14.4,17,1009.3613007900899,362.697,26.2173453235687,PQ16/11.6
0.102,40,26.5,2.254,20.2,11.5,5.9,19.0,15.5,337,12.0,22.5,23,7010.39821083388,2249.94,48.966623697235896,PQ26/20
0.178,30,26.5,2.422,20.2,11.5,6.8,19.0,15.5,112,12.0,22.5,31,15079.4733671427,794.299,83.6859896836611,PQ26/20
0.077,120,26.5,0.896,20.2,11.5,0.65,19.0,15.5,596,12.0,22.5,43,1646.19278213221,746.931,371.742332157063,PQ26/20
0.096,350,32.0,1.358,20.5,11.5,5.11,22.0,19.0,385,13.4,27.5,15,11227.457112370199,2566.37,39.4448132153043,PQ32/20
0.112,350,40.5,2.418,39.8,29.5,8.78,28.0,28.0,283,14.9,37.0,17,16969.0339162272,7446.85,42.1050331050045,PQ40/40
0.122,80,20.5,0.594,16.2,10.3,3.3,14.0,12.5,236,8.8,18.0,16,1405.9280901197899,1072.23,41.7806269812448,PQ20/16
0.078,120,20.5,1.066,16.2,10.3,2.53,14.0,12.5,585,8.8,18.0,12,545.096738367287,366.56,14.500687555264,PQ20/16
0.091,250,32.0,2.384,30.4,21.3,3.86,22.0,19.0,427,13.4,27.5,18,4493.69017606523,1193.54,37.6382038234842,PQ32/30
0.169,350,50.0,2.227,40.0,26.1,18.27,32.0,31.5,124,20.0,44.0,11,26558.806072671898,5710.740000000001,30.1367226004217,PQ50/40
0.13,120,50.0,2.065,40.0,26.1,7.77,32.0,31.5,208,20.0,44.0,24,17565.5285169262,14233.1,152.431650802355,PQ50/40
0.076,500,40.5,0.68,30.3,20.0,1.23,28.0,28.0,575,14.9,37.0,17,618.726100636646,1545.05,112.408148673781,PQ40/30
0.078,30,50.0,2.147,50.0,36.1,1.02,32.5,31.5,581,20.0,44.0,63,1475.40370039883,6819.4,1040.02215108931,PQ50/50
0.174,200,26.5,0.329,20.2,11.5,4.81,19.0,15.5,117,12.0,22.5,6,426.487412207288,416.39799999999997,17.2840712743415,PQ26/20
0.095,40,26.5,0.903,20.2,11.5,5.21,19.0,15.5,390,12.0,22.5,10,931.201686098011,1794.06,19.9874983397683,PQ26/20
0.11,500,50.0,2.112,50.0,36.1,8.61,32.5,31.5,290,20.0,44.0,15,16661.5765822628,12614.3,59.7822006438552,PQ50/50
0.092,150,20.5,1.318,16.2,10.3,2.76,14.0,12.5,421,8.8,18.0,14,1185.6637830878801,246.256,16.6193503171269,PQ20/16
0.105,300,26.5,1.586,24.8,16.1,7.13,19.0,15.5,323,12.0,22.5,13,10472.9504682395,2250.94,21.6126260104642,PQ26/25
0.081,600,32.0,1.795,20.5,11.5,5.44,22.0,19.0,544,13.4,27.5,10,6264.25881313285,1039.2,13.8983917645734,PQ32/20
0.109,10,35.1,2.374,34.8,25.0,5.73,26.0,23.5,299,14.3,32.0,25,6928.05643234106,6092.95,83.6125390519273,PQ35/35
0.119,100,26.5,1.011,24.8,16.1,3.39,19.0,15.5,250,12.0,22.5,27,7410.66888275335,3519.57,134.937399531451,PQ26/25
0.089,80,26.5,2.406,20.2,11.5,1.3,19.0,15.5,446,12.0,22.5,57,8562.62699164829,658.667,284.31289922743304,PQ26/20
0.104,80,50.0,2.131,40.0,26.1,3.67,32.0,31.5,328,20.0,44.0,36,9228.54458657907,12558.400000000001,334.159024594686,PQ50/40
0.101,150,40.5,2.106,39.8,29.5,6.67,28.0,28.0,347,14.9,37.0,20,7420.03381757137,10594.1,64.6713479118042,PQ40/40
0.084,80,16.4,1.732,11.6,6.7,2.33,11.2,9.6,496,7.0,14.4,22,2147.3394121464,171.097,21.3233012594056,PQ16/11.6
0.2,300,65.0,1.67,60.0,42.0,13.4,45.0,40.8,69,26.0,55.0,15,14871.9688003105,7125.13,114.857881422186,PQ65/60
0.2,300,65.0,0.681,60.0,42.0,8.79,45.0,40.8,84,26.0,55.0,10,2881.12522265639,8520.83,108.65677639096,PQ65/60
0.174,20,20.5,1.02,20.2,14.3,2.34,14.0,12.5,116,8.8,18.0,37,1791.8888169648499,449.90400000000005,146.649179627117,PQ20/20
0.12,30,20.5,1.65,20.2,14.3,3.24,14.0,12.5,244,8.8,18.0,47,9522.792502050039,2827.75,162.142785219744,PQ20/20
0.113,80,20.5,1.232,16.2,10.3,3.9,14.0,12.5,277,8.8,18.0,19,3171.7786552568,739.574,32.3201956250783,PQ20/16
0.2,120,40.5,0.389,30.3,20.0,3.26,28.0,28.0,88,14.9,37.0,15,817.661006091382,1629.8,141.105064982068,PQ40/30
0.111,180,20.5,0.481,16.2,10.3,3.51,14.0,12.5,287,8.8,18.0,8,454.556937073173,471.893,12.4641155627704,PQ20/16
0.1,120,26.5,1.664,20.2,11.5,2.84,19.0,15.5,351,12.0,22.5,33,13055.6941135884,1793.41,130.110153365812,PQ26/20
0.2,120,50.0,1.617,40.0,26.1,11.53,32.0,31.5,23,20.0,44.0,16,1310.55080719482,406.515,82.6800462871731,PQ50/40
0.117,200,32.0,2.361,20.5,11.5,7.64,22.0,19.0,260,13.4,27.5,19,26253.4264769322,1982.7,40.0008422611265,PQ32/20
0.157,200,50.0,1.744,50.0,36.1,6.55,32.5,31.5,144,20.0,44.0,24,16590.918502838,8550.380000000001,178.053210221503,PQ50/50
0.099,20,16.4,0.897,11.6,6.7,1.07,11.2,9.6,357,7.0,14.4,54,1942.32555041061,552.365,221.403445249018,PQ16/11.6
0.145,400,40.5,1.015,30.3,20.0,12.11,28.0,28.0,167,14.9,37.0,8,5632.2939865874,3826.28,17.9396996178235,PQ40/30
0.089,150,40.5,2.197,30.3,20.0,1.26,28.0,28.0,444,14.9,37.0,51,5426.69180396331,1551.02,394.84417165952505,PQ40/30
0.2,40,35.1,1.645,34.8,25.0,15.0,26.0,23.5,75,14.3,32.0,13,4039.57171133679,2172.83,30.0396631672415,PQ35/35
0.1,100,26.5,1.694,20.2,11.5,2.94,19.0,15.5,353,12.0,22.5,37,16577.9881484209,2579.83,161.112301527402,PQ26/20
0.126,180,26.5,1.164,24.8,16.1,7.66,19.0,15.5,224,12.0,22.5,14,9444.78721961424,3226.13,32.2943779648406,PQ26/25
0.2,200,50.0,0.674,40.0,26.1,6.1,32.0,31.5,45,20.0,44.0,14,1029.70620354341,1264.29,131.705326509731,PQ50/40
0.11,60,20.5,0.629,16.2,10.3,3.64,14.0,12.5,290,8.8,18.0,10,388.661736629755,521.418,15.5502092530546,PQ20/16
0.108,100,32.0,1.566,20.5,11.5,3.22,22.0,19.0,301,13.4,27.5,29,8940.12511790322,2010.26,130.974090945391,PQ32/20
0.173,100,50.0,2.435,50.0,36.1,8.34,32.5,31.5,118,20.0,44.0,26,16688.9345320731,7038.85,160.79702503828398,PQ50/50
0.092,500,32.0,2.305,30.4,21.3,7.3,22.0,19.0,419,13.4,27.5,10,5555.6545170681,1409.46,11.924124715448698,PQ32/30
0.095,180,50.0,1.353,50.0,36.1,1.03,32.5,31.5,286,20.0,44.0,77,6489.52026038197,8565.0,2241.97116483244,PQ50/50
0.102,10,16.4,1.802,11.6,6.7,1.88,11.2,9.6,338,7.0,14.4,58,3872.85300199005,573.519,143.451647174874,PQ16/11.6
0.104,200,40.5,2.234,30.3,20.0,7.05,28.0,28.0,326,14.9,37.0,18,10305.8763672867,5196.31,48.5978827962964,PQ40/30
0.127,20,26.5,0.728,24.8,16.1,4.32,19.0,15.5,219,12.0,22.5,15,976.838658464413,2281.27,54.7299581752358,PQ26/25
0.132,180,50.0,1.538,50.0,36.1,6.73,32.5,31.5,203,20.0,44.0,22,12381.3403183289,17841.1,165.374575407272,PQ50/50
0.094,30,32.0,2.412,20.5,11.5,0.76,22.0,19.0,400,13.4,27.5,189,37666.2206185872,4078.46,3889.1408878975503,PQ32/20
0.094,100,32.0,1.067,30.4,21.3,1.94,22.0,19.0,397,13.4,27.5,32,2828.27411384508,4145.86,225.22007997667,PQ32/30
0.101,100,20.5,0.788,20.2,14.3,2.13,14.0,12.5,347,8.8,18.0,21,1312.65782554688,1010.97,57.9491381146324,PQ20/20
0.091,10,26.5,1.417,20.2,11.5,1.15,19.0,15.5,424,12.0,22.5,36,611.6578058448359,411.968,177.226789902551,PQ26/20
0.062,350,20.5,0.207,20.2,14.3,0.51,14.0,12.5,437,8.8,18.0,12,11.4042947912085,152.465,57.7845440686036,PQ20/20
0.117,180,26.5,1.293,20.2,11.5,5.74,19.0,15.5,258,12.0,22.5,13,5221.763949128311,975.9440000000001,24.9500163480578,PQ26/20
0.112,300,32.0,0.271,30.4,21.3,1.97,22.0,19.0,152,13.4,27.5,12,137.48518428971403,1173.8999999999999,100.73213322834,PQ32/30
0.106,200,26.5,1.16,24.8,16.1,3.93,19.0,15.5,316,12.0,22.5,17,4889.320037594161,1765.59,47.7188408071571,PQ26/25
0.096,30,16.4,1.36,11.6,6.7,1.74,11.2,9.6,385,7.0,14.4,46,4500.65714030369,603.134,114.100027779814,PQ16/11.6
0.092,100,40.5,1.542,39.8,29.5,1.12,28.0,28.0,420,14.9,37.0,40,1137.57498467711,1543.21,327.152959415587,PQ40/40
0.084,120,20.5,1.292,16.2,10.3,2.25,14.0,12.5,497,8.8,18.0,17,1109.39838716984,337.998,24.9012907680324,PQ20/16
0.079,180,32.0,2.354,30.4,21.3,5.17,22.0,19.0,564,13.4,27.5,14,2908.92638381845,2268.36,22.9832880291512,PQ32/30
0.092,200,26.5,0.621,24.8,16.1,0.87,19.0,15.5,420,12.0,22.5,22,533.2492198040791,424.68699999999995,134.418560638495,PQ26/25
0.086,350,26.5,2.168,24.8,16.1,4.03,19.0,15.5,479,12.0,22.5,16,6639.54434108696,896.014,25.4157860027399,PQ26/25
0.2,20,50.0,1.667,40.0,26.1,5.51,32.0,31.5,85,20.0,44.0,39,7595.17351625892,6169.34,479.29064745296995,PQ50/40
0.092,40,20.5,1.52,20.2,14.3,0.99,14.0,12.5,413,8.8,18.0,44,980.646121217561,331.76,151.355819071443,PQ20/20
0.123,250,107.0,1.961,87.0,56.0,9.81,70.0,72.5,235,41.0,93.7,17,12403.1083909234,90147.9,296.299409567411,PQ107/87
0.087,200,35.1,0.209,34.8,25.0,0.59,26.0,23.5,240,14.3,32.0,33,114.09345941019,3993.47,1070.46348423306,PQ35/35
0.2,600,65.0,1.2,60.0,42.0,19.4,45.0,40.8,40,26.0,55.0,7,2295.82150384657,1941.05,32.87311819819,PQ65/60
0.098,50,20.5,1.579,16.2,10.3,2.48,14.0,12.5,366,8.8,18.0,36,5159.52593036182,1191.71,94.912368647296,PQ20/16
0.084,10,20.5,2.279,16.2,10.3,1.77,14.0,12.5,497,8.8,18.0,40,1519.83860842277,509.774,86.57993989412199,PQ20/16
0.105,600,40.5,0.899,39.8,29.5,9.2,28.0,28.0,322,14.9,37.0,6,1578.355847014,5074.37,11.2403015059714,PQ40/40
0.08,80,26.5,1.379,24.8,16.1,1.13,19.0,15.5,551,12.0,22.5,36,1523.68500832672,898.792,185.76672235328,PQ26/25
0.174,20,32.0,1.743,20.5,11.5,1.96,22.0,19.0,116,13.4,27.5,78,12795.5691370646,993.709,867.2671064187141,PQ32/20
0.082,200,20.5,1.432,16.2,10.3,2.92,14.0,12.5,524,8.8,18.0,14,1687.8314373768399,355.722,15.5304114563057,PQ20/16
0.105,150,32.0,1.119,20.5,11.5,2.61,22.0,19.0,318,13.4,27.5,27,7317.768375972019,2208.23,150.180594070234,PQ32/20
0.126,400,40.5,1.573,30.3,20.0,13.24,28.0,28.0,223,14.9,37.0,11,17172.1611037304,7497.4400000000005,23.8842416193347,PQ40/30
0.097,600,107.0,2.027,87.0,56.0,7.11,70.0,72.5,372,41.0,93.7,17,14233.0715316866,83674.4,287.72453321119,PQ107/87
0.2,30,40.5,1.562,30.3,20.0,3.57,28.0,28.0,88,14.9,37.0,54,11308.7137317083,2827.24,578.612393348954,PQ40/30
0.119,120,35.1,2.166,34.8,25.0,14.24,26.0,23.5,249,14.3,32.0,14,12361.9382337133,12192.3,28.1611507994497,PQ35/35
0.146,10,16.4,2.052,11.6,6.7,2.79,11.2,9.6,166,7.0,14.4,63,9339.05196777817,399.678,151.70144785740598,PQ16/11.6
0.078,250,26.5,2.294,24.8,16.1,2.87,19.0,15.5,582,12.0,22.5,23,7065.66743883983,1228.02,50.1290636412626,PQ26/25
0.079,200,20.5,1.788,16.2,10.3,3.78,14.0,12.5,560,8.8,18.0,14,2660.83585291871,493.90099999999995,12.9613550382078,PQ20/16
0.2,50,40.5,2.223,39.8,29.5,6.73,28.0,28.0,22,14.9,37.0,41,2147.49305643915,393.84400000000005,261.18480599304,PQ40/40
0.126,120,40.5,2.41,39.8,29.5,4.35,28.0,28.0,223,14.9,37.0,47,30114.9901259121,10952.3,323.10501346200294,PQ40/40
0.1,120,32.0,2.135,20.5,11.5,5.25,22.0,19.0,351,13.4,27.5,24,15293.102629980502,2966.18,69.3827962723825,PQ32/20
0.075,500,40.5,2.442,39.8,29.5,2.16,28.0,28.0,593,14.9,37.0,32,8535.18773767655,3713.19,148.206925381903,PQ40/40
0.162,40,20.5,0.221,20.2,14.3,1.56,14.0,12.5,135,8.8,18.0,13,78.3165845536119,364.646,64.2016963876891,PQ20/20
0.088,600,40.5,1.531,39.8,29.5,3.97,28.0,28.0,453,14.9,37.0,11,1684.716367758,1687.23,24.8760807466496,PQ40/40
0.135,500,65.0,2.253,60.0,42.0,16.15,45.0,40.8,193,26.0,55.0,12,29079.7683610457,23075.1,57.6045499234695,PQ65/60
0.146,60,35.1,0.366,34.8,25.0,3.36,26.0,23.5,165,14.3,32.0,10,193.688079336745,2369.4,60.8160411404467,PQ35/35
0.088,10,40.5,0.924,39.8,29.5,4.65,28.0,28.0,455,14.9,37.0,6,1657.11512760531,1463.01,10.9882604666286,PQ40/40
0.099,150,26.5,1.763,24.8,16.1,4.74,19.0,15.5,359,12.0,22.5,21,9335.61036065427,2638.08,51.824476316771396,PQ26/25
0.164,30,26.5,2.339,20.2,11.5,5.86,19.0,15.5,132,12.0,22.5,35,16175.610955934,1079.3600000000001,109.832747699327,PQ26/20
0.145,180,40.5,1.677,39.8,29.5,7.3,28.0,28.0,167,14.9,37.0,21,11851.3797880873,6154.67,84.753110090298,PQ40/40
0.1,350,50.0,0.908,40.0,26.1,5.1,32.0,31.5,355,20.0,44.0,11,2268.82536788903,9596.8,62.9237255005739,PQ50/40
0.091,300,50.0,2.155,40.0,26.1,1.8,32.0,31.5,429,20.0,44.0,35,7119.37741646461,2804.79,312.934526334253,PQ50/40
0.095,150,32.0,0.276,30.4,21.3,0.81,22.0,19.0,86,13.4,27.5,39,76.22230534989261,846.175,1048.84942308493,PQ32/30
0.2,150,50.0,1.681,40.0,26.1,12.98,32.0,31.5,29,20.0,44.0,15,2094.2917472162603,656.04,70.3490263037532,PQ50/40
0.123,50,40.5,1.161,30.3,20.0,1.01,28.0,28.0,233,14.9,37.0,97,8659.4285750285,5458.84,2365.7378715936497,PQ40/30
0.083,600,26.5,1.761,20.2,11.5,6.32,19.0,15.5,510,12.0,22.5,8,4533.20852849905,605.221,7.29335842042695,PQ26/20
0.2,60,40.5,1.831,39.8,29.5,6.76,28.0,28.0,39,14.9,37.0,35,3645.6902588940898,1098.0,220.26349980802,PQ40/40
0.2,100,35.1,0.811,34.8,25.0,7.0,26.0,23.5,27,14.3,32.0,14,373.645469064663,245.528,61.2351295231324,PQ35/35
0.081,350,26.5,1.467,24.8,16.1,2.86,19.0,15.5,543,12.0,22.5,16,3707.65650724874,1056.91,34.8616817465601,PQ26/25
0.08,180,20.5,1.047,20.2,14.3,1.63,14.0,12.5,557,8.8,18.0,19,1004.2588997203801,499.832,37.8217122516482,PQ20/20
0.104,50,20.5,1.131,16.2,10.3,1.79,14.0,12.5,326,8.8,18.0,37,3073.9090407916,889.191,131.428624869741,PQ20/16
0.188,250,107.0,1.82,87.0,56.0,12.7,70.0,72.5,100,41.0,93.7,18,23352.0450181723,50151.8,354.003182278422,PQ107/87
0.111,180,40.5,1.577,30.3,20.0,9.46,28.0,28.0,284,14.9,37.0,10,3230.12721759706,3787.32,19.6662848662283,PQ40/30
0.118,60,20.5,0.744,20.2,14.3,3.57,14.0,12.5,254,8.8,18.0,13,604.7454054705161,712.87,23.2794577515193,PQ20/20
0.09,500,26.5,1.667,20.2,11.5,7.4,19.0,15.5,431,12.0,22.5,7,3511.7166214461,538.221,5.84506461699066,PQ26/20
0.145,20,32.0,1.142,30.4,21.3,1.98,22.0,19.0,169,13.4,27.5,49,2433.12711848652,2417.83,500.163188973395,PQ32/30
0.174,180,35.1,1.438,34.8,25.0,13.62,26.0,23.5,117,14.3,32.0,9,4499.27416618635,1953.18,15.9862414248157,PQ35/35
0.2,120,32.0,0.454,30.4,21.3,4.87,22.0,19.0,29,13.4,27.5,11,134.56788684749,148.24200000000002,54.2936011985229,PQ32/30
0.187,40,20.5,0.163,16.2,10.3,1.13,14.0,12.5,101,8.8,18.0,13,46.8629143098965,149.553,84.1158756652579,PQ20/16
0.077,200,32.0,2.251,30.4,21.3,1.76,22.0,19.0,589,13.4,27.5,39,7430.97845363171,2350.97,184.722930222094,PQ32/30
0.126,350,40.5,1.062,39.8,29.5,5.79,28.0,28.0,224,14.9,37.0,16,6685.0380067060205,7170.78,70.0652801319796,PQ40/40
0.094,250,40.5,2.358,39.8,29.5,3.72,28.0,28.0,396,14.9,37.0,37,21729.7958781143,11734.3,203.370202846944,PQ40/40
0.157,500,50.0,1.238,50.0,36.1,10.83,32.5,31.5,144,20.0,44.0,10,8351.77380624385,6609.06,40.6845876485775,PQ50/50
0.082,400,26.5,0.917,24.8,16.1,1.82,19.0,15.5,529,12.0,22.5,15,1453.71092447118,689.402,45.1012294101262,PQ26/25
0.099,180,20.5,0.517,20.2,14.3,3.09,14.0,12.5,362,8.8,18.0,10,544.723975680308,1015.25,18.5273821963801,PQ20/20
0.079,600,26.5,0.955,24.8,16.1,2.59,19.0,15.5,560,12.0,22.5,11,1660.11873626491,790.355,23.437673969443,PQ26/25
0.2,250,65.0,1.958,60.0,42.0,10.82,45.0,40.8,80,26.0,55.0,22,33631.9127910107,10384.5,216.995209331704,PQ65/60
0.126,500,50.0,2.345,40.0,26.1,18.18,32.0,31.5,223,20.0,44.0,12,48064.2638592764,18672.0,34.425895731929,PQ50/40
0.091,150,20.5,0.396,20.2,14.3,0.68,14.0,12.5,422,8.8,18.0,18,122.041835366425,207.623,74.9011920169425,PQ20/20
0.095,20,16.4,2.337,11.6,6.7,2.43,11.2,9.6,389,7.0,14.4,60,11156.290763269,882.795,123.114212923726,PQ16/11.6
0.091,150,20.5,1.285,20.2,14.3,3.35,14.0,12.5,422,8.8,18.0,11,679.141660828055,312.933,10.7937922530043,PQ20/20
0.115,120,65.0,1.675,60.0,42.0,8.91,45.0,40.8,268,26.0,55.0,12,3089.82407576101,16550.899999999998,73.2494472269112,PQ65/60
0.173,180,35.1,0.873,34.8,25.0,6.58,26.0,23.5,118,14.3,32.0,12,2473.2127394858103,1791.24,42.345198146863,PQ35/35
0.108,30,20.5,1.613,20.2,14.3,1.59,14.0,12.5,301,8.8,18.0,60,4684.07952209271,1317.72,268.619585983995,PQ20/20
0.07,350,20.5,0.156,20.2,14.3,0.67,14.0,12.5,536,8.8,18.0,7,9.2098190278181,209.881,25.1220203990536,PQ20/20
0.06,300,32.0,0.382,30.4,21.3,0.62,22.0,19.0,315,13.4,27.5,39,168.141188054517,2159.73,789.328822425875,PQ32/30
0.15,80,26.5,0.697,20.2,11.5,3.07,19.0,15.5,157,12.0,22.5,21,2937.57711461378,1042.27,109.964283200369,PQ26/20
0.091,150,35.1,2.189,34.8,25.0,11.75,26.0,23.5,424,14.3,32.0,6,1308.43998313319,2076.04,5.11871101166747,PQ35/35
0.091,400,35.1,1.645,34.8,25.0,2.66,26.0,23.5,429,14.3,32.0,19,3388.41504769206,1570.09,64.0487856211747,PQ35/35
0.124,200,40.5,2.484,30.3,20.0,11.29,28.0,28.0,228,14.9,37.0,21,39751.9968246334,10969.4,60.9391488212744,PQ40/30
0.106,200,26.5,1.224,24.8,16.1,5.03,19.0,15.5,317,12.0,22.5,14,4537.52237091635,1823.97,30.937835886951,PQ26/25
0.165,600,50.0,0.459,40.0,26.1,9.28,32.0,31.5,92,20.0,44.0,6,1023.3353388480999,3655.3,33.7037719602908,PQ50/40
0.2,50,40.5,2.054,30.3,20.0,12.22,28.0,28.0,79,14.9,37.0,21,11161.1599606477,2781.04,70.662587192668,PQ40/30
0.2,80,50.0,2.481,40.0,26.1,8.27,32.0,31.5,36,20.0,44.0,34,6736.33882003936,1126.22,264.309343713795,PQ50/40
0.083,350,40.5,1.379,30.3,20.0,3.85,28.0,28.0,513,14.9,37.0,11,1324.064857551,1761.46,26.483456104386,PQ40/30
0.154,200,40.5,1.31,39.8,29.5,6.24,28.0,28.0,148,14.9,37.0,19,7242.43647178227,4137.120000000001,83.8293392309715,PQ40/40
0.168,10,26.5,2.289,20.2,11.5,7.61,19.0,15.5,125,12.0,22.5,29,8761.63242453466,1235.05,76.8665536759017,PQ26/20
0.128,100,32.0,2.147,30.4,21.3,7.78,22.0,19.0,217,13.4,27.5,25,20520.9257339272,6359.67,78.8390797676128,PQ32/30
0.082,500,26.5,2.263,24.8,16.1,5.39,19.0,15.5,520,12.0,22.5,12,6908.16356266562,952.295,13.806554495178599,PQ26/25
0.185,200,50.0,1.581,50.0,36.1,7.48,32.5,31.5,103,20.0,44.0,18,9103.68340702431,3807.07,108.303770679365,PQ50/50
0.079,50,20.5,2.285,16.2,10.3,1.18,14.0,12.5,559,8.8,18.0,59,4467.28052311823,602.9290000000001,187.986385493552,PQ20/16
0.09,180,35.1,1.741,34.8,25.0,1.47,26.0,23.5,437,14.3,32.0,35,2877.01193167774,1512.99,207.98311679321,PQ35/35
0.147,50,32.0,1.69,20.5,11.5,3.06,22.0,19.0,164,13.4,27.5,48,18332.4412774079,1800.88,336.749226724903,PQ32/20
0.113,50,26.5,0.989,24.8,16.1,3.72,19.0,15.5,277,12.0,22.5,16,1124.66421504849,1442.45,48.2326052908595,PQ26/25
0.08,150,16.4,1.426,11.6,6.7,2.97,11.2,9.6,558,7.0,14.4,14,1822.69845351001,187.211,10.156999273198801,PQ16/11.6
0.08,100,16.4,0.801,11.6,6.7,1.32,11.2,9.6,547,7.0,14.4,18,536.652568735822,144.911,26.994233118075,PQ16/11.6
0.178,60,32.0,1.441,20.5,11.5,7.42,22.0,19.0,111,13.4,27.5,17,6092.82468253792,841.347,48.2366588501812,PQ32/20
0.151,300,50.0,0.93,40.0,26.1,14.86,32.0,31.5,154,20.0,44.0,6,2781.0386015837103,6640.61,18.3750690755445,PQ50/40
0.138,50,40.5,1.429,39.8,29.5,5.03,28.0,28.0,185,14.9,37.0,24,2950.7549719948497,5444.54,125.125664560618,PQ40/40
0.155,40,32.0,2.147,30.4,21.3,3.44,22.0,19.0,146,13.4,27.5,53,14867.8758853387,2610.0,354.311216390354,PQ32/30
0.136,200,32.0,0.499,30.4,21.3,4.76,22.0,19.0,192,13.4,27.5,10,1085.74494212121,2834.8,41.3731502215812,PQ32/30
0.174,40,20.5,0.18,20.2,14.3,0.82,14.0,12.5,115,8.8,18.0,19,56.5463077702153,216.935,163.619028171655,PQ20/20
0.093,100,16.4,0.505,11.6,6.7,1.33,11.2,9.6,407,7.0,14.4,12,171.273648268777,82.54390000000001,17.6068917021189,PQ16/11.6
0.086,30,16.4,2.386,11.6,6.7,2.12,11.2,9.6,479,7.0,14.4,33,2246.29790714783,176.539,36.574630603459504,PQ16/11.6
0.086,60,26.5,1.653,20.2,11.5,0.59,19.0,15.5,475,12.0,22.5,89,5517.2394300920005,682.523,951.283831838623,PQ26/20
0.12,180,26.5,0.779,20.2,11.5,4.51,19.0,15.5,246,12.0,22.5,15,5143.5192304254,2112.46,51.0285594674001,PQ26/20
0.079,250,50.0,1.525,50.0,36.1,3.81,32.5,31.5,568,20.0,44.0,12,1004.39049806929,5373.35,49.451475467235,PQ50/50
0.082,150,26.5,2.395,24.8,16.1,2.02,19.0,15.5,526,12.0,22.5,34,6658.05093292684,1024.92,105.72566543061299,PQ26/25
0.134,350,65.0,1.967,60.0,42.0,5.25,45.0,40.8,196,26.0,55.0,35,53126.578126288696,27269.9,547.319050803727,PQ65/60
0.102,400,50.0,2.223,50.0,36.1,4.67,32.5,31.5,339,20.0,44.0,27,22772.4779993732,14145.9,186.071216455118,PQ50/50
0.082,180,20.5,1.992,20.2,14.3,3.99,14.0,12.5,523,8.8,18.0,15,2626.0620471483,690.059,14.2284425712308,PQ20/20
0.09,60,20.5,2.439,16.2,10.3,1.91,14.0,12.5,440,8.8,18.0,36,3291.4732976939,324.182,66.26153710532691,PQ20/16
0.086,30,20.5,2.297,20.2,14.3,0.86,14.0,12.5,478,8.8,18.0,82,3249.0160831284397,678.282,379.569449561718,PQ20/20
0.117,400,26.5,0.718,24.8,16.1,6.05,19.0,15.5,259,12.0,22.5,7,1663.41859095374,1050.4,12.0445420073798,PQ26/25
0.088,500,40.5,0.806,30.3,20.0,1.99,28.0,28.0,453,14.9,37.0,12,638.041748295991,967.721,48.6456276330716,PQ40/30
0.121,400,50.0,1.725,50.0,36.1,16.39,32.5,31.5,240,20.0,44.0,9,11075.417727994,18947.7,25.2693129603799,PQ50/50
0.094,150,16.4,0.514,11.6,6.7,3.19,11.2,9.6,397,7.0,14.4,10,826.4986009916721,474.43800000000005,12.055300769687,PQ16/11.6
0.169,60,26.5,0.755,24.8,16.1,3.04,19.0,15.5,123,12.0,22.5,23,2213.33314394387,892.545,124.81006166003999,PQ26/25
0.2,300,107.0,0.695,87.0,56.0,1.93,70.0,72.5,62,41.0,93.7,41,3580.94978640551,11487.7,4199.93422718317,PQ107/87
0.086,50,16.4,1.636,11.6,6.7,2.97,11.2,9.6,478,7.0,14.4,17,1162.6460130393,173.989,13.363008294177,PQ16/11.6
0.118,60,40.5,1.707,30.3,20.0,10.86,28.0,28.0,254,14.9,37.0,9,2167.9399589262,2877.35,14.9788376206527,PQ40/30
0.092,200,50.0,2.143,40.0,26.1,1.14,32.0,31.5,421,20.0,44.0,54,7022.72850042118,2587.1,748.579049754182,PQ50/40
0.071,500,26.5,0.223,20.2,11.5,1.69,19.0,15.5,116,12.0,22.5,12,35.7813142489367,403.54499999999996,97.7844527317007,PQ26/20
0.095,150,35.1,1.701,34.8,25.0,2.24,26.0,23.5,388,14.3,32.0,43,10139.7564187585,6752.2,319.78649701585,PQ35/35
0.079,350,50.0,1.173,50.0,36.1,1.69,32.5,31.5,332,20.0,44.0,40,3114.7590187784504,9978.15,679.188694761846,PQ50/50
0.2,20,26.5,0.61,20.2,11.5,3.72,19.0,15.5,25,12.0,22.5,20,299.505313507604,70.10520000000001,111.950950705636,PQ26/20
0.2,20,26.5,1.312,20.2,11.5,3.79,19.0,15.5,46,12.0,22.5,40,2421.36557580215,248.864,233.368210276295,PQ26/20
0.149,50,32.0,1.605,20.5,11.5,2.96,22.0,19.0,158,13.4,27.5,46,14935.2917214913,1550.3400000000001,322.776571928621,PQ32/20
0.182,80,40.5,1.835,39.8,29.5,7.48,28.0,28.0,107,14.9,37.0,23,7617.8256110679495,3073.28,94.926989588377,PQ40/40
0.2,250,50.0,0.873,50.0,36.1,14.65,32.5,31.5,20,20.0,44.0,7,314.183965942469,323.799,26.5793022674776,PQ50/50
0.08,350,26.5,1.086,24.8,16.1,1.74,19.0,15.5,546,12.0,22.5,18,1927.93177663586,741.065,56.4525419075769,PQ26/25
0.155,200,35.1,1.733,34.8,25.0,10.54,26.0,23.5,147,14.3,32.0,14,10645.9573563256,3339.41,33.4330741206269,PQ35/35
0.081,150,65.0,1.217,60.0,42.0,1.24,45.0,40.8,542,26.0,55.0,28,750.980497684137,6130.48,518.775407957319,PQ65/60
0.087,600,32.0,1.342,20.5,11.5,5.04,22.0,19.0,466,13.4,27.5,8,2821.82103170361,675.115,11.330490611339101,PQ32/20
0.077,400,40.5,2.195,30.3,20.0,5.94,28.0,28.0,590,14.9,37.0,11,3324.11178416623,2752.95,18.3945401085552,PQ40/30
0.127,300,35.1,0.365,34.8,25.0,3.74,26.0,23.5,220,14.3,32.0,9,551.78327497134,4046.37,49.378869882855,PQ35/35
0.1,400,35.1,1.808,34.8,25.0,8.37,26.0,23.5,353,14.3,32.0,13,10600.5248751944,6930.589999999999,27.8814925434881,PQ35/35
0.098,60,20.5,1.181,16.2,10.3,2.24,14.0,12.5,365,8.8,18.0,30,3045.24572541921,1045.71,83.4247952638563,PQ20/16
0.144,150,50.0,1.527,40.0,26.1,4.65,32.0,31.5,170,20.0,44.0,29,13992.1421706276,7980.94,284.466693217041,PQ50/40
0.2,250,40.5,0.765,30.3,20.0,13.0,28.0,28.0,78,14.9,37.0,7,2220.76826315858,1458.15,17.3274593342632,PQ40/30
0.185,100,32.0,0.392,30.4,21.3,4.37,22.0,19.0,103,13.4,27.5,8,253.301008876453,696.824,32.5454722306188,PQ32/30
0.104,20,26.5,2.413,24.8,16.1,1.07,19.0,15.5,328,12.0,22.5,145,19790.380933575398,3671.01,1911.15015455726,PQ26/25
0.122,100,20.5,0.419,20.2,14.3,2.36,14.0,12.5,236,8.8,18.0,15,588.374638982463,1052.02,49.6865472138291,PQ20/20
0.077,30,32.0,1.966,30.4,21.3,2.34,22.0,19.0,600,13.4,27.5,25,1146.36795403328,2092.51,84.4624689751721,PQ32/30
0.1,30,50.0,1.559,40.0,26.1,6.56,32.0,31.5,354,20.0,44.0,15,3359.88494786488,12908.2,74.7086311839738,PQ50/40
0.082,500,32.0,0.283,30.4,21.3,1.0,22.0,19.0,529,13.4,27.5,9,82.493243765451,802.459,54.4485032385089,PQ32/30
0.118,50,32.0,0.734,20.5,11.5,0.63,22.0,19.0,255,13.4,27.5,69,2468.20482648542,1062.36,1400.30773922119,PQ32/20
0.116,600,65.0,0.726,60.0,42.0,2.4,45.0,40.8,263,26.0,55.0,18,2686.77636708535,9282.99,332.05876751007196,PQ65/60
0.169,120,65.0,2.224,60.0,42.0,9.29,45.0,40.8,124,26.0,55.0,21,13082.5829363493,10647.3,178.41014879537198,PQ65/60
0.097,40,26.5,1.629,20.2,11.5,3.79,19.0,15.5,373,12.0,22.5,27,4877.3641050653905,2643.48,88.6654915853599,PQ26/20
0.2,30,50.0,1.702,40.0,26.1,17.45,32.0,31.5,83,20.0,44.0,11,5240.31522738019,4228.86,37.4732655809158,PQ50/40
0.083,200,26.5,1.752,20.2,11.5,2.39,19.0,15.5,518,12.0,22.5,21,4049.60415135166,616.231,50.4653001778261,PQ26/20
0.15,120,40.5,2.257,30.3,20.0,8.61,28.0,28.0,156,14.9,37.0,24,21401.558501655098,4665.530000000001,85.7699882781695,PQ40/30
0.126,40,40.5,1.569,39.8,29.5,12.11,28.0,28.0,222,14.9,37.0,11,3542.64863967827,8140.5,24.473048561240898,PQ40/40
0.11,80,32.0,1.149,20.5,11.5,6.87,22.0,19.0,294,13.4,27.5,10,1759.4972171990898,1679.63,20.1547205902025,PQ32/20
0.12,100,32.0,1.018,20.5,11.5,3.63,22.0,19.0,244,13.4,27.5,25,7649.66853200565,3214.16,139.518024441157,PQ32/20
0.105,60,16.4,1.009,11.6,6.7,3.38,11.2,9.6,323,7.0,14.4,18,2196.56713620552,410.406,22.3365341446756,PQ16/11.6
0.092,500,26.5,1.728,20.2,11.5,5.77,19.0,15.5,416,12.0,22.5,9,4535.55002060411,468.079,9.37181171320413,PQ26/20
0.149,80,40.5,0.549,39.8,29.5,4.79,28.0,28.0,159,14.9,37.0,11,465.274798669407,3533.26,56.5553041361978,PQ40/40
0.132,300,50.0,1.755,50.0,36.1,6.85,32.5,31.5,202,20.0,44.0,23,23392.152798772302,15897.8,162.664676493631,PQ50/50
0.116,60,20.5,0.541,20.2,14.3,1.8,14.0,12.5,264,8.8,18.0,17,324.156280764367,503.811,51.583361583338,PQ20/20
0.2,200,50.0,1.927,40.0,26.1,17.11,32.0,31.5,23,20.0,44.0,14,2485.1484326428304,547.799,54.8859900079475,PQ50/40
0.18,150,32.0,0.762,30.4,21.3,6.71,22.0,19.0,109,13.4,27.5,11,2114.19162214199,1244.29,35.0807635157374,PQ32/30
0.088,80,20.5,1.751,16.2,10.3,2.15,14.0,12.5,452,8.8,18.0,25,2005.95152847236,362.272,42.0514386215059,PQ20/16
0.2,60,35.1,1.842,34.8,25.0,9.8,26.0,23.5,46,14.3,32.0,23,4016.2106198748406,1044.66,86.1100910115214,PQ35/35
0.115,300,32.0,0.757,20.5,11.5,3.76,22.0,19.0,267,13.4,27.5,13,3491.72673301144,1465.43,48.4514105934448,PQ32/20
0.087,40,20.5,1.087,16.2,10.3,0.5,14.0,12.5,466,8.8,18.0,62,898.608072453104,246.731,381.137052747819,PQ20/16
0.125,400,40.5,0.589,30.3,20.0,5.23,28.0,28.0,226,14.9,37.0,10,2060.13578870847,4354.93,43.9582869156628,PQ40/30
0.129,50,32.0,2.25,20.5,11.5,3.7,22.0,19.0,211,13.4,27.5,55,37384.5377841323,3559.41,348.986232670685,PQ32/20
0.087,200,26.5,2.118,24.8,16.1,3.98,19.0,15.5,464,12.0,22.5,17,4495.61019458916,1017.01,29.2213922406312,PQ26/25
0.085,150,50.0,2.444,40.0,26.1,0.72,32.0,31.5,483,20.0,44.0,97,11423.7214679186,3539.9,2172.15680002648,PQ50/40
0.081,80,107.0,2.128,87.0,56.0,4.13,70.0,72.5,537,41.0,93.7,15,1678.1780791271801,24972.6,215.155669226751,PQ107/87
0.133,10,32.0,1.27,20.5,11.5,6.16,22.0,19.0,201,13.4,27.5,19,4118.60896385383,2693.19,66.924241132654,PQ32/20
0.078,600,32.0,1.566,20.5,11.5,7.57,22.0,19.0,584,13.4,27.5,6,2700.7670338509,995.037,5.60530488728896,PQ32/20
0.109,150,32.0,1.613,20.5,11.5,5.7,22.0,19.0,296,13.4,27.5,16,7086.68693412663,1710.02,38.8626531046144,PQ32/20
0.093,120,40.5,2.44,30.3,20.0,2.66,28.0,28.0,404,14.9,37.0,27,2921.67071509025,1421.81,102.040668018972,PQ40/30
0.122,60,50.0,0.438,40.0,26.1,2.2,32.0,31.5,236,20.0,44.0,17,358.815781968314,8136.419999999999,281.412126204354,PQ50/40
0.091,20,32.0,2.059,30.4,21.3,6.0,22.0,19.0,425,13.4,27.5,11,2053.21250882117,1396.63,15.7604748170811,PQ32/30
0.2,300,50.0,0.613,40.0,26.1,7.78,32.0,31.5,87,20.0,44.0,9,2345.28609095083,3125.88,59.0297657418174,PQ50/40
0.093,50,16.4,2.31,11.6,6.7,3.43,11.2,9.6,404,7.0,14.4,21,2423.88791944247,152.707,15.2312886298768,PQ16/11.6
0.18,30,26.5,2.331,20.2,11.5,5.97,19.0,15.5,109,12.0,22.5,36,17967.8923301049,860.896,116.611131924591,PQ26/20
0.083,50,16.4,1.664,11.6,6.7,1.39,11.2,9.6,515,7.0,14.4,37,2362.69436853846,205.067,62.3880516787894,PQ16/11.6
0.09,400,20.5,0.647,20.2,14.3,3.12,14.0,12.5,432,8.8,18.0,6,255.623145259557,228.031,5.54379315197512,PQ20/20
0.109,30,26.5,2.456,24.8,16.1,1.87,19.0,15.5,296,12.0,22.5,81,15589.5502346509,2768.55,588.049091934949,PQ26/25
0.082,30,20.5,2.358,20.2,14.3,1.82,14.0,12.5,529,8.8,18.0,41,2077.0071539667197,882.903,92.8489093797706,PQ20/20
0.095,100,16.4,0.906,11.6,6.7,3.9,11.2,9.6,393,7.0,14.4,14,2267.21324233398,558.137,14.7586924064615,PQ16/11.6
0.169,80,26.5,0.996,20.2,11.5,7.64,19.0,15.5,124,12.0,22.5,12,3462.35643776444,771.493,26.511304808488102,PQ26/20
0.146,50,26.5,2.368,24.8,16.1,5.59,19.0,15.5,166,12.0,22.5,40,28494.9967242578,2783.81,147.793955075118,PQ26/25
0.2,180,40.5,1.016,30.3,20.0,11.86,28.0,28.0,81,14.9,37.0,10,4091.05840485517,1678.03,27.9866375864789,PQ40/30
0.169,250,40.5,1.412,30.3,20.0,13.48,28.0,28.0,123,14.9,37.0,10,8385.05746888118,2584.32,21.492383859969,PQ40/30
0.085,500,32.0,1.969,20.5,11.5,6.39,22.0,19.0,486,13.4,27.5,9,5003.91489518552,798.377,10.4291322341969,PQ32/20
0.154,40,65.0,0.738,60.0,42.0,9.42,45.0,40.8,149,26.0,55.0,7,1170.74699214004,9639.76,49.6176925329211,PQ65/60
0.092,300,50.0,2.124,40.0,26.1,5.46,32.0,31.5,421,20.0,44.0,11,2189.36880487527,2461.74,31.2799844751315,PQ50/40
0.135,120,26.5,0.519,20.2,11.5,5.72,19.0,15.5,194,12.0,22.5,8,913.0770034729519,1233.7800000000002,20.5942942927077,PQ26/20
0.165,40,32.0,2.133,30.4,21.3,5.99,22.0,19.0,129,13.4,27.5,31,9534.72395842107,2205.97,121.88415879507001,PQ32/30
0.107,400,32.0,0.91,20.5,11.5,5.73,22.0,19.0,309,13.4,27.5,9,3584.4421134203,1454.49,19.851564529709,PQ32/20
0.109,40,26.5,1.987,24.8,16.1,1.33,19.0,15.5,295,12.0,22.5,89,14282.7553594393,2240.64,844.506556772627,PQ26/25
0.127,150,50.0,1.815,50.0,36.1,4.92,32.5,31.5,219,20.0,44.0,32,16507.6671907703,17192.6,306.583280381184,PQ50/50
0.13,100,32.0,1.022,30.4,21.3,4.64,22.0,19.0,210,13.4,27.5,20,4096.8181457393,4010.45,91.16782238090481,PQ32/30
0.082,120,16.4,0.911,11.6,6.7,1.73,11.2,9.6,530,7.0,14.4,16,796.361697690485,156.967,19.1982732713061,PQ16/11.6
0.117,100,26.5,0.274,24.8,16.1,0.76,19.0,15.5,118,12.0,22.5,31,120.88099334934101,470.119,542.02603486353,PQ26/25
0.095,60,20.5,2.08,16.2,10.3,3.5,14.0,12.5,387,8.8,18.0,36,11222.9191603268,1801.99,75.6990041389911,PQ20/16
0.116,60,20.5,1.531,16.2,10.3,3.97,14.0,12.5,262,8.8,18.0,24,4780.3931331434505,815.832,43.2545679889209,PQ20/16
0.137,60,26.5,1.387,24.8,16.1,3.64,19.0,15.5,188,12.0,22.5,36,11717.1436197575,2706.64,185.03033387815302,PQ26/25
0.126,250,40.5,0.72,30.3,20.0,4.74,28.0,28.0,223,14.9,37.0,13,2377.02316767144,4175.09,62.8008725856733,PQ40/30
0.101,150,40.5,1.05,39.8,29.5,3.53,28.0,28.0,345,14.9,37.0,18,1600.2266512762699,5961.41,89.4584115440161,PQ40/40
0.11,100,50.0,1.333,40.0,26.1,11.53,32.0,31.5,293,20.0,44.0,7,1739.19241718415,7557.35,18.5067704075559,PQ50/40
0.082,50,26.5,1.214,24.8,16.1,2.67,19.0,15.5,521,12.0,22.5,14,496.447120718628,852.128,31.1699643454344,PQ26/25
0.2,50,35.1,1.058,34.8,25.0,3.6,26.0,23.5,71,14.3,32.0,34,3089.95034215009,1458.49,291.284910642219,PQ35/35
0.079,200,65.0,1.976,60.0,42.0,1.0,45.0,40.8,563,26.0,55.0,59,5317.09242549225,9414.01,1546.03568398841,PQ65/60
0.174,250,50.0,0.595,40.0,26.1,3.39,32.0,31.5,116,20.0,44.0,15,1734.63393265487,2470.99,167.987176112709,PQ50/40
0.158,250,40.5,1.702,39.8,29.5,11.13,28.0,28.0,141,14.9,37.0,14,11382.6886665004,4571.8,37.2577853042388,PQ40/40
0.054,600,26.5,0.634,24.8,16.1,1.15,19.0,15.5,519,12.0,22.5,16,198.167809244288,532.267,69.8235999996616,PQ26/25
0.13,200,26.5,0.903,24.8,16.1,6.65,19.0,15.5,210,12.0,22.5,12,5043.82526720231,2276.29,29.254314379637197,PQ26/25
0.105,600,32.0,0.753,20.5,11.5,7.17,22.0,19.0,323,13.4,27.5,6,2541.2285185422297,1492.78,10.3609150223108,PQ32/20
0.089,150,32.0,2.445,20.5,11.5,4.5,22.0,19.0,445,13.4,27.5,16,4139.29813745286,772.466,27.5601398239279,PQ32/20
0.095,250,32.0,0.663,30.4,21.3,3.86,22.0,19.0,388,13.4,27.5,11,1167.74871415397,4088.2699999999995,39.3574078311595,PQ32/30
0.072,180,16.4,0.147,11.6,6.7,0.65,11.2,9.6,498,7.0,14.4,7,8.52000141741297,73.7206,17.3668933622221,PQ16/11.6
0.145,120,40.5,1.535,30.3,20.0,5.48,28.0,28.0,169,14.9,37.0,26,11876.4480989812,4496.98,136.101152669593,PQ40/30
0.078,300,20.5,0.304,16.2,10.3,1.13,14.0,12.5,419,8.8,18.0,8,41.4909096738961,132.157,18.442521089264503,PQ20/16
0.2,20,50.0,1.38,40.0,26.1,12.81,32.0,31.5,63,20.0,44.0,13,3890.9711933724398,2740.71,62.136869805559,PQ50/40
0.123,350,50.0,0.893,50.0,36.1,5.12,32.5,31.5,234,20.0,44.0,16,5353.40362342164,15649.6,136.142797882078,PQ50/50
0.135,150,26.5,0.927,24.8,16.1,5.37,19.0,15.5,194,12.0,22.5,15,4777.23342504249,1896.95,44.7248782174489,PQ26/25
0.107,180,20.5,0.419,20.2,14.3,2.43,14.0,12.5,306,8.8,18.0,11,430.620859557322,802.168,26.7035918989195,PQ20/20
0.096,10,16.4,1.996,11.6,6.7,2.88,11.2,9.6,379,7.0,14.4,42,4154.51849931211,739.038,68.9825581244019,PQ16/11.6
0.121,600,40.5,1.356,39.8,29.5,14.07,28.0,28.0,241,14.9,37.0,9,11737.4491266328,11103.1,18.3171754114035,PQ40/40
0.113,250,40.5,1.622,30.3,20.0,8.66,28.0,28.0,274,14.9,37.0,12,5976.18122246962,4292.33,27.733918600773,PQ40/30
0.146,30,40.5,2.028,39.8,29.5,2.06,28.0,28.0,166,14.9,37.0,91,12906.2753898701,7082.47,1377.13476758426,PQ40/40
0.116,200,26.5,1.511,20.2,11.5,6.2,19.0,15.5,263,12.0,22.5,14,8210.80921201824,1067.61,25.3892056775207,PQ26/20
0.099,40,26.5,2.301,20.2,11.5,2.95,19.0,15.5,359,12.0,22.5,46,12243.5816527109,2434.8,192.445772738291,PQ26/20
0.182,20,40.5,1.126,39.8,29.5,2.05,28.0,28.0,106,14.9,37.0,53,1998.89548610673,2425.88,734.518476668786,PQ40/40
0.107,150,50.0,0.833,50.0,36.1,5.35,32.5,31.5,307,20.0,44.0,10,792.777744330721,9760.22,56.273628276766196,PQ50/50
0.106,200,32.0,1.712,30.4,21.3,4.85,22.0,19.0,312,13.4,27.5,22,10832.1935528156,4160.87,72.9320166439106,PQ32/30
0.14,180,35.1,2.443,34.8,25.0,12.55,26.0,23.5,181,14.3,32.0,18,27485.0217386108,7428.93,42.4325958428813,PQ35/35
0.108,150,107.0,0.498,87.0,56.0,1.11,70.0,72.5,269,41.0,93.7,29,370.874633058275,33877.2,2793.32964244514,PQ107/87
0.112,180,26.5,1.574,24.8,16.1,5.99,19.0,15.5,281,12.0,22.5,15,6726.310965876421,1634.0300000000002,28.9538576984181,PQ26/25
0.114,400,107.0,0.913,87.0,56.0,2.59,70.0,72.5,98,41.0,93.7,43,2792.80223384118,34795.4,3644.71688213805,PQ107/87
0.078,250,26.5,1.184,24.8,16.1,2.94,19.0,15.5,587,12.0,22.5,12,1243.84882065019,957.941,23.366974217892597,PQ26/25
0.089,40,50.0,1.956,40.0,26.1,6.59,32.0,31.5,445,20.0,44.0,9,1716.55923186457,3132.07,22.3766594949992,PQ50/40
0.167,80,40.5,0.999,39.8,29.5,2.5,28.0,28.0,126,14.9,37.0,37,3501.13660481037,2821.26,393.364580892772,PQ40/40
0.091,120,26.5,2.2,20.2,11.5,1.55,19.0,15.5,426,12.0,22.5,40,6485.56451605024,457.263,151.139745381031,PQ26/20
0.096,300,40.5,2.182,39.8,29.5,7.93,28.0,28.0,382,14.9,37.0,17,12052.1120470029,12064.1,45.5115334875616,PQ40/40
0.2,30,32.0,2.163,30.4,21.3,7.25,22.0,19.0,62,13.4,27.5,38,10129.5033085982,1511.25,181.203481449091,PQ32/30
0.124,300,35.1,1.255,34.8,25.0,11.23,26.0,23.5,228,14.3,32.0,10,6747.95366887157,7007.74,21.9806877701489,PQ35/35
0.105,250,32.0,1.164,30.4,21.3,4.87,22.0,19.0,319,13.4,27.5,15,4552.72363747313,3547.59,46.1077366078198,PQ32/30
0.149,180,26.5,0.448,24.8,16.1,5.13,19.0,15.5,158,12.0,22.5,8,802.21768401156,1115.58,23.5367709305364,PQ26/25
0.081,500,32.0,1.578,20.5,11.5,7.72,22.0,19.0,537,13.4,27.5,6,2335.56628005997,885.205,5.56497481421042,PQ32/20
0.14,20,20.5,2.24,20.2,14.3,3.79,14.0,12.5,180,8.8,18.0,52,11267.7217106886,1722.6,155.875112011924,PQ20/20
0.05,400,50.0,2.365,50.0,36.1,0.67,32.5,31.5,500,20.0,44.0,108,3763.40308510546,5836.9,2836.29799243035,PQ50/50
0.132,350,35.1,0.431,34.8,25.0,3.63,26.0,23.5,203,14.3,32.0,11,1086.14441608644,3773.05,64.0302236562597,PQ35/35
0.097,50,20.5,1.075,16.2,10.3,1.78,14.0,12.5,372,8.8,18.0,39,3535.0742977072,1433.59,152.281022692179,PQ20/16
0.09,40,16.4,2.167,11.6,6.7,1.79,11.2,9.6,435,7.0,14.4,36,2650.20626344109,148.796,47.2803949341486,PQ16/11.6
0.084,60,20.5,1.404,20.2,14.3,0.75,14.0,12.5,502,8.8,18.0,54,1549.21504412947,454.557,242.563621329221,PQ20/20
0.088,180,26.5,2.132,20.2,11.5,2.31,19.0,15.5,457,12.0,22.5,26,6038.04789110025,511.745,65.5562238474097,PQ26/20
0.092,600,26.5,1.875,24.8,16.1,6.86,19.0,15.5,415,12.0,22.5,8,4224.2740830064,616.635,7.14645318280084,PQ26/25
0.179,20,26.5,1.886,24.8,16.1,2.71,19.0,15.5,110,12.0,22.5,62,10660.6830204095,1016.69,427.595919564862,PQ26/25
0.154,80,35.1,2.177,34.8,25.0,7.19,26.0,23.5,149,14.3,32.0,26,12577.68720434,4009.4900000000002,96.6856833808236,PQ35/35
0.19,200,40.5,0.813,39.8,29.5,11.49,28.0,28.0,98,14.9,37.0,9,2792.71657753821,3625.06,27.4875222338002,PQ40/40
0.189,500,65.0,1.135,60.0,42.0,14.0,45.0,40.8,98,26.0,55.0,10,13077.0079933016,12200.0,70.3095408171059,PQ65/60
0.109,300,50.0,1.988,50.0,36.1,7.59,32.5,31.5,296,20.0,44.0,16,9706.08008065328,12570.3,71.2800741384968,PQ50/50
0.078,500,26.5,1.661,20.2,11.5,5.2,19.0,15.5,574,12.0,22.5,10,5007.957961094409,925.434,11.9626770742094,PQ26/20
0.128,250,50.0,1.783,40.0,26.1,7.48,32.0,31.5,214,20.0,44.0,23,29180.3506084123,16516.4,157.60471904761198,PQ50/40
0.12,100,50.0,1.407,50.0,36.1,3.82,32.5,31.5,245,20.0,44.0,33,7627.41859814473,19883.9,399.501485754378,PQ50/50
0.116,180,26.5,2.319,24.8,16.1,7.72,19.0,15.5,263,12.0,22.5,17,14935.2883935465,1733.04,27.1408498518331,PQ26/25
0.085,300,20.5,0.542,16.2,10.3,2.25,14.0,12.5,492,8.8,18.0,7,207.235278943364,204.137,8.6251790317035,PQ20/16
0.142,150,32.0,0.537,20.5,11.5,4.66,22.0,19.0,174,13.4,27.5,10,1254.10324179666,1283.46,38.5686086743743,PQ32/20
0.088,200,20.5,0.77,20.2,14.3,2.84,14.0,12.5,453,8.8,18.0,8,263.75326181410304,285.976,8.56491804598291,PQ20/20
0.2,100,40.5,1.51,39.8,29.5,8.14,28.0,28.0,36,14.9,37.0,21,1701.48253823189,602.426,91.77403973710679,PQ40/40
0.108,200,40.5,0.929,39.8,29.5,1.67,28.0,28.0,284,14.9,37.0,34,2655.28439098738,4040.35,351.52931847760794,PQ40/40
0.089,10,26.5,2.309,24.8,16.1,5.44,19.0,15.5,441,12.0,22.5,13,3357.9898189489,863.036,15.9180670392784,PQ26/25
0.122,350,65.0,0.934,60.0,42.0,2.99,45.0,40.8,58,26.0,55.0,37,1365.70604476171,3897.2,1134.87474064177,PQ65/60
0.119,120,20.5,0.411,20.2,14.3,3.88,14.0,12.5,251,8.8,18.0,6,145.798862616177,407.339,8.06924241845951,PQ20/20
0.116,100,40.5,0.451,30.3,20.0,0.84,28.0,28.0,218,14.9,37.0,51,1218.6327166660599,4379.38,1434.97458419467,PQ40/30
0.2,20,16.4,0.535,11.6,6.7,3.85,11.2,9.6,46,7.0,14.4,17,335.983587497133,53.638,33.694453716766795,PQ16/11.6
0.147,400,40.5,0.734,30.3,20.0,11.69,28.0,28.0,163,14.9,37.0,6,2268.78711009993,3150.38,13.1610579124009,PQ40/30
0.05,500,50.0,1.611,40.0,26.1,0.56,32.0,31.5,445,20.0,44.0,81,1455.58810074919,2339.37,2120.71064275313,PQ50/40
0.104,150,40.5,1.565,30.3,20.0,10.67,28.0,28.0,324,14.9,37.0,9,2816.90121734918,5081.23,16.030878513653,PQ40/30
0.088,350,32.0,1.807,30.4,21.3,2.64,22.0,19.0,459,13.4,27.5,20,4275.167401819371,1163.38,57.741936970364,PQ32/30
0.145,80,35.1,1.459,34.8,25.0,4.75,26.0,23.5,168,14.3,32.0,28,7188.32626545772,4602.04,152.930701169685,PQ35/35
0.128,400,50.0,2.069,40.0,26.1,11.41,32.0,31.5,215,20.0,44.0,16,36066.0927761683,14226.7,67.6241064857155,PQ50/40
0.087,350,50.0,0.904,40.0,26.1,1.78,32.0,31.5,167,20.0,44.0,43,2087.10116527012,5515.35,966.001633234862,PQ50/40
0.117,400,40.5,1.232,30.3,20.0,9.27,28.0,28.0,260,14.9,37.0,8,3396.90106768251,2861.92,15.338927062903,PQ40/30
0.2,10,20.5,0.651,16.2,10.3,3.2,14.0,12.5,83,8.8,18.0,23,713.7028083815779,302.862,80.0818925993758,PQ20/16
0.094,80,20.5,0.743,20.2,14.3,1.57,14.0,12.5,396,8.8,18.0,30,1613.91103594907,1675.59,124.072534419672,PQ20/20
0.097,500,32.0,0.458,20.5,11.5,4.11,22.0,19.0,375,13.4,27.5,7,1102.6870109306099,2139.16,21.691834647995,PQ32/20
0.102,100,26.5,1.586,24.8,16.1,2.47,19.0,15.5,336,12.0,22.5,39,10915.14308492,2676.26,194.522931095205,PQ26/25
0.133,150,65.0,1.792,60.0,42.0,5.1,45.0,40.8,200,26.0,55.0,30,14208.8502363026,21342.300000000003,433.507001947566,PQ65/60
0.081,50,20.5,2.374,16.2,10.3,2.43,14.0,12.5,542,8.8,18.0,29,2512.58485788492,543.59,43.972963548004905,PQ20/16
0.145,300,50.0,1.295,40.0,26.1,6.76,32.0,31.5,168,20.0,44.0,17,12035.714178576,7330.85,111.925743658347,PQ50/40
0.108,200,50.0,1.123,40.0,26.1,1.62,32.0,31.5,305,20.0,44.0,43,7539.51902677331,8020.42,804.6066993200541,PQ50/40
0.092,50,20.5,2.404,20.2,14.3,2.06,14.0,12.5,416,8.8,18.0,36,2634.03749431209,544.3299999999999,70.5716508764056,PQ20/20
0.115,350,32.0,0.657,30.4,21.3,4.23,22.0,19.0,267,13.4,27.5,9,1067.77854845011,1572.79,26.538329114755403,PQ32/30
0.148,80,35.1,1.419,34.8,25.0,3.51,26.0,23.5,162,14.3,32.0,35,7625.27606657809,3704.52,244.261405536865,PQ35/35
0.113,100,26.5,1.539,24.8,16.1,7.05,19.0,15.5,275,12.0,22.5,14,4462.18043866502,2110.8,25.7045679190849,PQ26/25
0.108,200,40.5,1.086,39.8,29.5,1.83,28.0,28.0,302,14.9,37.0,38,5002.80825268966,5585.28,388.162109952502,PQ40/40
0.117,200,65.0,2.163,60.0,42.0,1.89,45.0,40.8,260,26.0,55.0,69,30473.092760413,15376.1,1968.3724500974802,PQ65/60
0.081,500,32.0,1.588,20.5,11.5,3.21,22.0,19.0,533,13.4,27.5,14,4864.65997371027,791.328,30.1312078970978,PQ32/20
0.171,400,40.5,1.039,39.8,29.5,13.77,28.0,28.0,120,14.9,37.0,7,3573.61886986915,2616.91,13.6583728157427,PQ40/40
0.086,300,65.0,1.564,60.0,42.0,4.99,45.0,40.8,480,26.0,55.0,9,878.237638455675,5562.72,43.5398038763199,PQ65/60
0.111,200,26.5,1.245,24.8,16.1,7.43,19.0,15.5,288,12.0,22.5,10,3629.3426799935096,1700.42,15.5816703126079,PQ26/25
0.12,50,26.5,2.172,20.2,11.5,5.78,19.0,15.5,246,12.0,22.5,36,28543.4432531606,4115.12,123.79986070111,PQ26/20
0.126,180,35.1,1.279,34.8,25.0,13.4,26.0,23.5,223,14.3,32.0,9,4635.41689771812,7759.38,17.5433799702714,PQ35/35
0.081,30,16.4,2.472,11.6,6.7,1.29,11.2,9.6,534,7.0,14.4,59,4247.54020559321,247.49699999999999,113.327851412318,PQ16/11.6
0.083,80,20.5,0.965,16.2,10.3,0.88,14.0,12.5,516,8.8,18.0,33,859.687566910294,326.279,118.969224863419,PQ20/16
0.2,60,26.5,0.338,24.8,16.1,3.05,19.0,15.5,63,12.0,22.5,13,231.434250469312,357.059,79.4418918544042,PQ26/25
0.2,120,40.5,1.451,39.8,29.5,9.77,28.0,28.0,53,14.9,37.0,18,3575.66433393271,1429.13,69.6013903709329,PQ40/40
0.108,100,35.1,1.973,34.8,25.0,1.97,26.0,23.5,304,14.3,32.0,58,12906.5310771309,5040.69,518.67876300645,PQ35/35
0.117,300,50.0,0.898,40.0,26.1,2.18,32.0,31.5,259,20.0,44.0,26,4524.37828840404,5670.97,354.906527686069,PQ50/40
0.159,180,50.0,0.997,40.0,26.1,8.4,32.0,31.5,139,20.0,44.0,11,3182.07692747125,5170.29,58.2481713426179,PQ50/40
0.083,200,26.5,2.332,24.8,16.1,3.27,19.0,15.5,515,12.0,22.5,21,5643.78589509681,1044.04,41.2285966535732,PQ26/25
0.089,150,20.5,2.054,20.2,14.3,3.09,14.0,12.5,441,8.8,18.0,19,2588.4151330178,447.247,22.2683483252652,PQ20/20
0.106,80,32.0,0.758,20.5,11.5,0.78,22.0,19.0,312,13.4,27.5,55,2966.39550911855,1370.1000000000001,865.483646370988,PQ32/20
0.114,200,50.0,0.791,40.0,26.1,5.44,32.0,31.5,271,20.0,44.0,9,885.655289188147,5535.0,47.3534546750813,PQ50/40
0.122,120,32.0,0.467,20.5,11.5,1.92,22.0,19.0,236,13.4,27.5,21,1549.70378923658,2129.18,192.099736593577,PQ32/20
0.109,50,32.0,1.399,20.5,11.5,1.24,22.0,19.0,297,13.4,27.5,67,8369.67473181771,1843.56,767.760207435657,PQ32/20
0.144,40,16.4,0.342,11.6,6.7,2.16,11.2,9.6,171,7.0,14.4,14,308.049548964983,221.052,33.3617951797975,PQ16/11.6
0.084,120,32.0,2.087,20.5,11.5,1.58,22.0,19.0,500,13.4,27.5,38,5487.04836253663,819.544,177.156815532661,PQ32/20
0.084,300,32.0,1.44,30.4,21.3,2.71,22.0,19.0,504,13.4,27.5,15,1701.29299653364,1103.1,38.8724379568812,PQ32/30
0.162,600,50.0,1.63,50.0,36.1,17.75,32.5,31.5,135,20.0,44.0,8,13550.850235813601,6741.27,20.8894129793504,PQ50/50
0.105,250,50.0,1.829,40.0,26.1,2.77,32.0,31.5,323,20.0,44.0,42,24879.0811906861,12018.9,514.731922917867,PQ50/40
0.091,100,16.4,1.709,11.6,6.7,3.18,11.2,9.6,427,7.0,14.4,17,2350.76777687592,152.856,12.8746533802971,PQ16/11.6
0.124,80,26.5,0.973,20.2,11.5,3.48,19.0,15.5,228,12.0,22.5,24,5475.11738951824,1949.07,108.137511627281,PQ26/20
0.156,60,26.5,1.771,20.2,11.5,5.75,19.0,15.5,145,12.0,22.5,27,14778.0752701001,1147.88,82.7306408095017,PQ26/20
0.096,350,50.0,1.645,40.0,26.1,2.93,32.0,31.5,385,20.0,44.0,34,20770.1183531541,13882.4,367.699435792855,PQ50/40
0.106,10,32.0,1.665,20.5,11.5,6.37,22.0,19.0,317,13.4,27.5,16,5065.9555829970295,2419.64,37.85404782662,PQ32/20
0.089,400,26.5,2.426,20.2,11.5,5.75,19.0,15.5,450,12.0,22.5,12,7901.82906425485,538.03,12.5167769272157,PQ26/20
0.08,40,20.5,1.208,16.2,10.3,3.63,14.0,12.5,546,8.8,18.0,10,449.583204076703,402.745,9.101210278940071,PQ20/16
0.095,200,26.5,2.235,24.8,16.1,6.32,19.0,15.5,393,12.0,22.5,20,18271.5608879816,3534.99,38.7304975339083,PQ26/25
0.149,10,32.0,0.434,30.4,21.3,2.5,22.0,19.0,158,13.4,27.5,15,375.809676605041,1457.9,104.84570326076299,PQ32/30
0.085,120,20.5,1.205,20.2,14.3,1.83,14.0,12.5,487,8.8,18.0,19,830.2604393742071,397.28200000000004,33.8661460113405,PQ20/20
0.123,30,40.5,2.376,30.3,20.0,11.8,28.0,28.0,235,14.9,37.0,18,9582.388886352539,9550.09,46.3398370654572,PQ40/30
0.103,30,20.5,1.966,20.2,14.3,1.98,14.0,12.5,332,8.8,18.0,58,6380.1182349058,1713.87,214.817136730332,PQ20/20
0.166,20,26.5,1.266,20.2,11.5,1.59,19.0,15.5,128,12.0,22.5,70,7004.42252256001,801.834,736.718440749165,PQ26/20
0.093,30,40.5,0.798,39.8,29.5,2.18,28.0,28.0,408,14.9,37.0,11,224.125754120148,1104.9,41.5397644366913,PQ40/40
0.125,40,16.4,0.704,11.6,6.7,2.86,11.2,9.6,227,7.0,14.4,23,2221.85903972398,563.726,49.0578810976835,PQ16/11.6
0.062,400,40.5,0.607,39.8,29.5,0.98,28.0,28.0,180,14.9,37.0,58,423.80850678895797,4344.76,1448.18222097446,PQ40/40
0.193,30,40.5,0.742,30.3,20.0,1.54,28.0,28.0,95,14.9,37.0,59,2857.68834129209,2232.53,1262.42311223265,PQ40/30
0.131,100,26.5,1.847,20.2,11.5,6.86,19.0,15.5,206,12.0,22.5,23,21452.3594320375,2081.78,57.9441098771219,PQ26/20
0.083,120,16.4,0.763,11.6,6.7,1.48,11.2,9.6,511,7.0,14.4,16,575.826670082496,143.291,22.214250735793698,PQ16/11.6
0.08,100,40.5,2.471,30.3,20.0,7.02,28.0,28.0,551,14.9,37.0,10,1582.81832404533,2293.53,13.8726947149096,PQ40/30
0.2,50,35.1,2.371,34.8,25.0,12.0,26.0,23.5,57,14.3,32.0,24,8214.40979698314,1750.41,77.171013810024,PQ35/35
0.094,400,40.5,1.348,30.3,20.0,4.15,28.0,28.0,397,14.9,37.0,19,8578.87126815079,6000.05,80.4290537459219,PQ40/30
0.2,80,40.5,1.093,39.8,29.5,5.14,28.0,28.0,24,14.9,37.0,25,532.7754118468549,259.66,167.348708304851,PQ40/40
0.082,300,35.1,0.22,34.8,25.0,0.63,26.0,23.5,127,14.3,32.0,30,35.7550156634845,1022.8,845.564052524139,PQ35/35
0.09,50,26.5,2.296,20.2,11.5,1.88,19.0,15.5,436,12.0,22.5,36,3038.35420109702,547.985,118.09877310309899,PQ26/20
0.099,60,26.5,1.999,24.8,16.1,2.29,19.0,15.5,363,12.0,22.5,50,11749.2926130248,2951.52,264.774258683321,PQ26/25
0.2,120,50.0,2.233,50.0,36.1,11.14,32.5,31.5,52,20.0,44.0,24,10198.1005477119,3172.22,146.68632285533198,PQ50/50
0.084,500,32.0,0.882,30.4,21.3,3.25,22.0,19.0,506,13.4,27.5,8,640.97552591245,966.282,16.425636242785,PQ32/30
0.132,60,26.5,1.742,20.2,11.5,3.9,19.0,15.5,204,12.0,22.5,38,19209.3265508317,1987.4,166.125326484563,PQ26/20
0.092,30,40.5,1.85,30.3,20.0,4.37,28.0,28.0,418,14.9,37.0,13,1186.74177413757,1419.87,29.3587904777963,PQ40/30
0.128,60,35.1,2.369,34.8,25.0,3.44,26.0,23.5,215,14.3,32.0,60,25274.1841292692,8515.49,482.720687646867,PQ35/35
0.096,120,50.0,1.666,40.0,26.1,8.21,32.0,31.5,386,20.0,44.0,13,4072.85285503734,16297.7,53.2128932823278,PQ50/40
0.078,100,16.4,1.588,11.6,6.7,2.0,11.2,9.6,574,7.0,14.4,23,2284.05830388777,204.85600000000002,25.0767171324464,PQ16/11.6
0.081,150,26.5,2.458,20.2,11.5,3.96,19.0,15.5,537,12.0,22.5,19,5550.10464489228,910.992,31.0236859932298,PQ26/20
0.174,60,40.5,2.264,39.8,29.5,11.18,28.0,28.0,117,14.9,37.0,18,6783.15520584219,3664.65,49.6699250377048,PQ40/40
0.098,120,26.5,1.895,20.2,11.5,5.62,19.0,15.5,368,12.0,22.5,20,11382.7465620325,2370.27,42.8378962683762,PQ26/20
0.123,50,40.5,1.146,39.8,29.5,9.99,28.0,28.0,233,14.9,37.0,10,1977.32280441719,7983.32,25.7928818720011,PQ40/40
0.098,180,40.5,2.12,39.8,29.5,5.33,28.0,28.0,367,14.9,37.0,24,9369.129511803481,10370.4,92.6607416204699,PQ40/40
0.052,400,40.5,1.82,30.3,20.0,0.79,28.0,28.0,500,14.9,37.0,66,1894.95419656346,1625.41,766.091206382936,PQ40/30
0.122,600,50.0,1.873,50.0,36.1,19.13,32.5,31.5,238,20.0,44.0,9,22119.417582182,23585.5,23.6461655876166,PQ50/50
0.102,350,32.0,0.871,30.4,21.3,3.84,22.0,19.0,336,13.4,27.5,14,3205.49663778189,3248.49,50.8618207941811,PQ32/30
0.2,20,40.5,1.693,39.8,29.5,3.84,28.0,28.0,88,14.9,37.0,53,6693.38860132762,3788.83,536.0513384578941,PQ40/40
0.069,300,50.0,1.869,50.0,36.1,0.66,32.5,31.5,536,20.0,44.0,82,5074.23180917489,4968.32,1963.05423432877,PQ50/50
0.086,250,40.5,1.784,39.8,29.5,1.22,28.0,28.0,480,14.9,37.0,46,4800.91473504317,2677.14,387.537807786507,PQ40/40
0.09,10,65.0,1.251,60.0,42.0,2.1,45.0,40.8,431,26.0,55.0,18,1539.89079107229,4773.25,209.500324676801,PQ65/60
0.2,400,65.0,0.92,60.0,42.0,14.14,45.0,40.8,49,26.0,55.0,8,1842.17913277571,3125.9700000000003,53.7480248530401,PQ65/60
0.105,150,50.0,1.757,40.0,26.1,5.29,32.0,31.5,320,20.0,44.0,20,6173.15281413139,10080.3,120.605745559321,PQ50/40
0.109,400,40.5,1.511,39.8,29.5,9.6,28.0,28.0,297,14.9,37.0,9,3721.95065504493,4879.72,16.8410073869503,PQ40/40
0.082,10,26.5,1.787,24.8,16.1,3.5,19.0,15.5,520,12.0,22.5,16,2053.99945051767,1079.62,29.7058690492466,PQ26/25
0.089,120,26.5,2.091,20.2,11.5,6.47,19.0,15.5,448,12.0,22.5,10,2084.20888378836,626.695,9.86166482460167,PQ26/20
0.099,100,32.0,1.44,30.4,21.3,4.62,22.0,19.0,357,13.4,27.5,18,3003.6981892755202,3956.73,56.0124793490777,PQ32/30
0.086,250,20.5,0.889,16.2,10.3,2.6,14.0,12.5,480,8.8,18.0,10,655.758428954217,253.489,11.6847127156258,PQ20/16
0.142,100,50.0,1.344,50.0,36.1,2.38,32.5,31.5,174,20.0,44.0,52,11004.3970602285,11191.6,1029.02136136255,PQ50/50
0.098,50,26.5,1.718,24.8,16.1,1.12,19.0,15.5,368,12.0,22.5,89,13288.0957933532,2907.12,950.22348828921,PQ26/25
0.107,30,40.5,1.957,39.8,29.5,7.16,28.0,28.0,308,14.9,37.0,17,3477.28028429798,7657.33,49.378235520103594,PQ40/40
0.2,60,35.1,0.952,34.8,25.0,4.27,26.0,23.5,82,14.3,32.0,27,3473.88372157105,2036.4900000000002,199.951811774709,PQ35/35
0.082,80,32.0,2.047,30.4,21.3,1.15,22.0,19.0,527,13.4,27.5,56,4015.9930175141003,1949.74,410.422279008899,PQ32/30
0.095,250,32.0,2.004,20.5,11.5,5.81,22.0,19.0,387,13.4,27.5,21,25741.4011513276,3754.43,55.981613091958806,PQ32/20
0.166,20,35.1,1.809,34.8,25.0,14.31,26.0,23.5,128,14.3,32.0,11,4521.88508038217,2804.2,19.962976921498,PQ35/35
0.13,30,16.4,0.515,11.6,6.7,2.49,11.2,9.6,208,7.0,14.4,18,656.926915509098,351.587,39.0042008713373,PQ16/11.6
0.2,50,50.0,2.265,40.0,26.1,7.02,32.0,31.5,50,20.0,44.0,41,10264.4965794599,2604.28,413.123847721158,PQ50/40
0.175,80,32.0,1.928,30.4,21.3,7.92,22.0,19.0,115,13.4,27.5,22,11618.135202061201,1864.39,66.45542389844,PQ32/30
0.112,40,20.5,2.198,20.2,14.3,3.42,14.0,12.5,283,8.8,18.0,40,8237.12440913064,1612.17,93.65821095674231,PQ20/20
0.095,80,20.5,1.437,20.2,14.3,2.73,14.0,12.5,391,8.8,18.0,31,5174.1199240918295,1961.51,78.5795754824827,PQ20/20
0.2,350,65.0,1.822,60.0,42.0,13.76,45.0,40.8,85,26.0,55.0,15,27290.4613715274,9297.87,106.992834025462,PQ65/60
0.088,600,26.5,1.525,20.2,11.5,5.43,19.0,15.5,452,12.0,22.5,8,3427.5547700862,448.17600000000004,8.22571929799967,PQ26/20
0.131,500,50.0,0.826,50.0,36.1,5.34,32.5,31.5,205,20.0,44.0,14,5454.70235140736,11426.7,111.225078714898,PQ50/50
0.087,120,20.5,1.269,16.2,10.3,2.02,14.0,12.5,470,8.8,18.0,18,1084.690937828,276.005,28.3217175193051,PQ20/16
0.198,40,40.5,1.366,30.3,20.0,5.0,28.0,28.0,90,14.9,37.0,32,6402.699041139859,2379.61,225.941472884442,PQ40/30
0.135,350,40.5,1.497,39.8,29.5,9.8,28.0,28.0,195,14.9,37.0,14,12666.4560608846,7684.63,41.067212646155504,PQ40/40
0.166,180,40.5,1.161,39.8,29.5,7.81,28.0,28.0,128,14.9,37.0,14,4231.84435624282,3277.02,50.0422527498036,PQ40/40
0.128,60,32.0,1.932,20.5,11.5,3.61,22.0,19.0,214,13.4,27.5,52,36999.7751009614,4141.05,353.713307096384,PQ32/20
0.082,200,20.5,1.837,20.2,14.3,3.23,14.0,12.5,523,8.8,18.0,17,2800.7463582079104,647.217,19.4763322881508,PQ20/20
0.164,350,40.5,0.579,39.8,29.5,6.29,28.0,28.0,132,14.9,37.0,8,997.468345713824,1989.66,28.6273101265799,PQ40/40
0.196,100,50.0,1.711,50.0,36.1,9.99,32.5,31.5,92,20.0,44.0,21,13292.8119324819,8222.04,138.5294523924,PQ50/50
0.117,100,20.5,0.59,20.2,14.3,3.11,14.0,12.5,260,8.8,18.0,11,430.702921829547,544.573,20.1184738812257,PQ20/20
0.19,500,107.0,0.9,87.0,56.0,5.77,70.0,72.5,98,41.0,93.7,18,9383.767339205271,30012.7,646.619163657893,PQ107/87
0.087,180,20.5,1.28,16.2,10.3,3.3,14.0,12.5,464,8.8,18.0,12,1248.35958674241,333.31100000000004,12.4897968583645,PQ20/16
0.19,180,26.5,0.337,24.8,16.1,6.44,19.0,15.5,98,12.0,22.5,6,539.272849681004,756.11,16.9648918775004,PQ26/25
0.103,10,40.5,1.567,39.8,29.5,3.39,28.0,28.0,335,14.9,37.0,27,3196.92441029409,6593.15,147.294171656798,PQ40/40
0.124,10,16.4,0.734,11.6,6.7,2.42,11.2,9.6,230,7.0,14.4,26,942.191164770567,473.3,60.6377019885573,PQ16/11.6
0.2,180,50.0,2.324,50.0,36.1,16.51,32.5,31.5,77,20.0,44.0,16,20859.9020632376,5822.339999999999,63.21676732863931,PQ50/50
0.083,120,107.0,2.026,87.0,56.0,2.42,70.0,72.5,509,41.0,93.7,26,1614.1458275579,26266.8,673.331622693165,PQ107/87
0.069,300,50.0,0.689,40.0,26.1,0.97,32.0,31.5,157,20.0,44.0,60,532.126761532018,4390.049999999999,2369.82544032515,PQ50/40
0.103,300,26.5,0.516,20.2,11.5,2.42,19.0,15.5,335,12.0,22.5,12,1268.6670696628698,1027.22,46.5118322308803,PQ26/20
0.13,40,26.5,1.724,24.8,16.1,2.81,19.0,15.5,208,12.0,22.5,52,13514.9556076252,2732.72,323.36401781850196,PQ26/25
0.101,60,16.4,1.287,11.6,6.7,3.35,11.2,9.6,348,7.0,14.4,23,4223.60871629181,516.786,29.862294746494698,PQ16/11.6
0.077,100,26.5,2.049,24.8,16.1,1.57,19.0,15.5,595,12.0,22.5,37,3660.88781089065,1158.47,142.192894608423,PQ26/25
0.155,400,50.0,1.264,40.0,26.1,10.98,32.0,31.5,146,20.0,44.0,11,11340.6413943236,6798.75,47.799232917801,PQ50/40
0.093,350,32.0,2.078,30.4,21.3,3.59,22.0,19.0,405,13.4,27.5,17,4595.7728623591,1024.2199999999998,37.3775139904364,PQ32/30
0.097,200,40.5,1.852,39.8,29.5,2.84,28.0,28.0,378,14.9,37.0,41,14832.5551016136,11084.7,299.537859586267,PQ40/40
0.107,100,35.1,1.037,34.8,25.0,1.06,26.0,23.5,311,14.3,32.0,59,4152.275789635551,3978.5499999999997,889.076798245328,PQ35/35
0.2,100,35.1,0.602,34.8,25.0,5.09,26.0,23.5,46,14.3,32.0,15,504.726296631705,641.1,89.9993471610437,PQ35/35
0.086,200,40.5,1.742,39.8,29.5,5.35,28.0,28.0,473,14.9,37.0,10,922.6182763345861,2401.22,18.6375729149886,PQ40/40
0.2,40,32.0,1.607,20.5,11.5,6.22,22.0,19.0,51,13.4,27.5,31,5918.71208430566,467.532,146.384208427334,PQ32/20
0.083,120,20.5,1.751,16.2,10.3,2.81,14.0,12.5,512,8.8,18.0,20,2642.89083439452,513.026,26.9129746445236,PQ20/16
0.073,200,26.5,0.241,24.8,16.1,0.83,19.0,15.5,182,12.0,22.5,28,82.6069137264097,1344.98,495.25213037641,PQ26/25
0.112,100,20.5,1.102,16.2,10.3,3.89,14.0,12.5,283,8.8,18.0,16,2397.84482267612,617.528,25.0972519041161,PQ20/16
0.139,30,32.0,2.049,20.5,11.5,3.37,22.0,19.0,182,13.4,27.5,52,16548.6475379582,2268.39,336.925888795536,PQ32/20
0.125,350,50.0,0.447,40.0,26.1,3.08,32.0,31.5,223,20.0,44.0,14,1585.3285320361902,10137.9,187.638979458902,PQ50/40
0.137,40,20.5,0.563,20.2,14.3,3.43,14.0,12.5,188,8.8,18.0,14,496.233715804835,804.326,33.8798995506019,PQ20/20
0.082,100,20.5,0.596,16.2,10.3,0.59,14.0,12.5,530,8.8,18.0,29,332.525741144008,238.711,136.701866929771,PQ20/16
0.128,40,20.5,0.369,16.2,10.3,1.09,14.0,12.5,214,8.8,18.0,29,460.63476448650596,679.982,205.596632812348,PQ20/16
0.105,60,32.0,1.104,20.5,11.5,7.66,22.0,19.0,319,13.4,27.5,9,1549.11035466348,2159.44,16.8810659510927,PQ32/20
0.077,180,32.0,0.413,20.5,11.5,0.73,22.0,19.0,194,13.4,27.5,48,435.447454243999,1364.11,1117.46469425506,PQ32/20
0.175,120,35.1,1.427,34.8,25.0,8.39,26.0,23.5,115,14.3,32.0,16,6223.72325335411,2437.21,50.859766139818,PQ35/35
0.108,600,40.5,1.977,30.3,20.0,11.98,28.0,28.0,304,14.9,37.0,10,15356.349693530501,5033.36,16.4922717993491,PQ40/30
0.187,300,40.5,0.959,39.8,29.5,11.37,28.0,28.0,101,14.9,37.0,8,2786.9870047760996,1960.3600000000001,18.9912633140976,PQ40/40
0.092,50,16.4,2.254,11.6,6.7,2.56,11.2,9.6,418,7.0,14.4,28,3191.06114379322,168.991,27.6681174723461,PQ16/11.6
0.099,250,35.1,2.396,34.8,25.0,10.1,26.0,23.5,360,14.3,32.0,14,11752.6337257483,8129.429999999999,26.041862493685,PQ35/35
0.12,200,40.5,1.817,39.8,29.5,5.65,28.0,28.0,244,14.9,37.0,31,24903.6769195044,14850.699999999999,173.76639484523,PQ40/40
0.089,150,32.0,1.105,20.5,11.5,1.13,22.0,19.0,446,13.4,27.5,28,1560.6743148223,500.709,163.213979005365,PQ32/20
0.2,80,40.5,0.982,39.8,29.5,4.21,28.0,28.0,22,14.9,37.0,28,413.55683372018,220.62,228.46594589266002,PQ40/40
0.138,40,26.5,1.093,20.2,11.5,2.99,19.0,15.5,186,12.0,22.5,32,4955.06576851173,1474.19,174.148167037591,PQ26/20
0.138,200,40.5,1.769,39.8,29.5,7.53,28.0,28.0,186,14.9,37.0,22,16185.506738224,8286.53,89.3406978429929,PQ40/40
0.089,120,26.5,1.513,20.2,11.5,3.93,19.0,15.5,448,12.0,22.5,11,1068.36216313936,442.33299999999997,15.653394107024699,PQ26/20
0.083,250,16.4,0.775,11.6,6.7,3.03,11.2,9.6,512,7.0,14.4,8,628.894172466493,147.455,5.48147952118496,PQ16/11.6
0.079,300,50.0,2.43,40.0,26.1,1.76,32.0,31.5,565,20.0,44.0,41,10548.7517092574,5184.2,390.278372723204,PQ50/40
0.2,20,26.5,1.335,20.2,11.5,3.02,19.0,15.5,28,12.0,22.5,50,1268.84392554994,95.8072,359.471156501482,PQ26/20
0.123,120,50.0,1.65,50.0,36.1,4.52,32.5,31.5,234,20.0,44.0,33,12502.7226423183,20340.2,352.225262429189,PQ50/50
0.2,100,40.5,0.458,39.8,29.5,4.75,28.0,28.0,81,14.9,37.0,12,502.19987323385095,1865.79,78.4513299221981,PQ40/40
0.116,350,40.5,1.723,30.3,20.0,6.84,28.0,28.0,262,14.9,37.0,15,9920.18866202499,3393.32,41.290496061845,PQ40/30
0.085,150,20.5,0.888,16.2,10.3,2.51,14.0,12.5,484,8.8,18.0,11,493.719534492073,302.08,14.1523375406958,PQ20/16
0.122,80,32.0,1.543,30.4,21.3,4.59,22.0,19.0,237,13.4,27.5,32,12467.5783043961,7054.84,167.704625799582,PQ32/30
0.084,400,40.5,2.315,30.3,20.0,4.51,28.0,28.0,503,14.9,37.0,15,4822.05759867164,2007.99,32.8242045963311,PQ40/30
0.092,400,26.5,1.428,24.8,16.1,4.41,19.0,15.5,420,12.0,22.5,10,2451.58651588308,630.265,13.9307704395796,PQ26/25
0.153,400,50.0,1.664,40.0,26.1,14.23,32.0,31.5,151,20.0,44.0,10,14327.9748147726,6172.6900000000005,31.5427119293183,PQ50/40
0.15,180,50.0,0.759,40.0,26.1,7.12,32.0,31.5,157,20.0,44.0,10,1774.93897137243,5973.23,60.642474549031505,PQ50/40
0.14,60,20.5,0.504,20.2,14.3,2.25,14.0,12.5,181,8.8,18.0,19,672.641623447901,704.151,68.40665788771291,PQ20/20
0.144,180,65.0,1.241,60.0,42.0,3.08,45.0,40.8,170,26.0,55.0,35,9807.159679158,14004.2,798.612142867606,PQ65/60
0.153,50,35.1,2.11,34.8,25.0,4.56,26.0,23.5,150,14.3,32.0,42,13193.5608880339,4596.549999999999,258.240554434639,PQ35/35
0.103,80,26.5,1.845,20.2,11.5,3.53,19.0,15.5,334,12.0,22.5,33,13497.0243144255,2310.36,119.379023037432,PQ26/20
0.2,60,32.0,1.141,30.4,21.3,7.05,22.0,19.0,86,13.4,27.5,20,5379.68478236353,1825.43,83.4351199881677,PQ32/30
0.163,60,40.5,2.12,39.8,29.5,7.69,28.0,28.0,133,14.9,37.0,25,8003.12311158722,4644.78,100.610839317682,PQ40/40
0.154,10,16.4,1.326,11.6,6.7,3.65,11.2,9.6,149,7.0,14.4,35,3589.50839982515,373.054,67.4535277438864,PQ16/11.6
0.083,600,40.5,0.616,30.3,20.0,2.74,28.0,28.0,254,14.9,37.0,14,584.211430685861,2153.3,82.8689749583277,PQ40/30
0.08,300,50.0,2.299,50.0,36.1,1.57,32.5,31.5,547,20.0,44.0,42,7129.17325982644,5706.0199999999995,438.368798984674,PQ50/50
0.2,350,40.5,0.329,39.8,29.5,6.73,28.0,28.0,27,14.9,37.0,6,60.6606222512695,211.774,25.9262660033618,PQ40/40
0.084,80,20.5,2.025,20.2,14.3,1.47,14.0,12.5,502,8.8,18.0,40,2999.71402133415,585.209,99.8474764317892,PQ20/20
0.11,80,26.5,2.243,20.2,11.5,3.27,19.0,15.5,290,12.0,22.5,39,17687.0344795914,1474.23,141.337922647384,PQ26/20
0.119,80,32.0,2.237,20.5,11.5,5.64,22.0,19.0,249,13.4,27.5,35,36181.176980097,4556.82,141.99497001238998,PQ32/20
0.199,80,40.5,2.038,30.3,20.0,10.03,28.0,28.0,89,14.9,37.0,23,17625.606126994,2694.59,85.19367660937411,PQ40/30
0.095,200,20.5,0.489,16.2,10.3,2.79,14.0,12.5,388,8.8,18.0,10,605.012942586367,775.206,19.202855240784398,PQ20/16
0.081,100,40.5,1.709,39.8,29.5,1.39,28.0,28.0,534,14.9,37.0,38,1474.2568981672698,3002.52,273.08955491632196,PQ40/40
0.116,500,50.0,2.01,50.0,36.1,18.45,32.5,31.5,261,20.0,44.0,7,8151.44760411279,11423.9,13.5318421833615,PQ50/50
0.096,250,32.0,2.044,20.5,11.5,5.47,22.0,19.0,379,13.4,27.5,22,26155.7978004783,3310.05,60.4257454702622,PQ32/20
0.091,200,20.5,1.215,20.2,14.3,3.9,14.0,12.5,424,8.8,18.0,10,915.800822369317,411.202,9.32159659062285,PQ20/20
0.114,80,32.0,1.457,30.4,21.3,2.22,22.0,19.0,272,13.4,27.5,38,4912.19472951756,2428.09,247.282890528774,PQ32/30
0.074,600,32.0,1.128,30.4,21.3,2.11,22.0,19.0,580,13.4,27.5,16,2006.2460780867402,1475.58,53.8271728166724,PQ32/30
0.117,50,32.0,2.365,30.4,21.3,1.77,22.0,19.0,257,13.4,27.5,76,14012.2729309546,2764.69,675.175440559778,PQ32/30
0.109,20,20.5,0.814,16.2,10.3,0.74,14.0,12.5,297,8.8,18.0,70,1491.46683226536,797.232,615.68188384744,PQ20/16
0.132,300,50.0,1.942,40.0,26.1,9.65,32.0,31.5,204,20.0,44.0,18,28425.7912226639,12993.4,90.1189812620955,PQ50/40
0.099,120,26.5,1.078,20.2,11.5,3.19,19.0,15.5,361,12.0,22.5,21,4667.36293829836,2023.19,75.885487836727,PQ26/20
0.088,600,35.1,1.811,34.8,25.0,5.25,26.0,23.5,460,14.3,32.0,10,2890.47066402798,1624.64,16.4675358687607,PQ35/35
0.173,60,26.5,1.12,20.2,11.5,4.45,19.0,15.5,118,12.0,22.5,22,5210.92251619439,643.985,80.66703921687099,PQ26/20
0.115,40,20.5,0.911,16.2,10.3,1.9,14.0,12.5,268,8.8,18.0,29,1428.32557995979,609.138,96.3318092230904,PQ20/16
0.13,60,26.5,2.47,20.2,11.5,6.31,19.0,15.5,210,12.0,22.5,36,38579.963811982096,2906.28,111.007068026934,PQ26/20
0.123,200,35.1,0.884,34.8,25.0,6.68,26.0,23.5,232,14.3,32.0,12,2856.75577270445,6275.09,41.923170472761704,PQ35/35
0.173,120,50.0,0.507,40.0,26.1,1.86,32.0,31.5,75,20.0,44.0,31,919.1188310516351,2211.29,824.940074970098,PQ50/40
0.174,40,26.5,1.46,20.2,11.5,3.75,19.0,15.5,117,12.0,22.5,33,8034.24746232721,654.148,145.343748186853,PQ26/20
0.084,600,32.0,1.707,30.4,21.3,5.67,22.0,19.0,501,13.4,27.5,9,3081.14255835103,1398.9199999999998,12.2345217019487,PQ32/30
0.142,180,50.0,1.449,50.0,36.1,6.37,32.5,31.5,174,20.0,44.0,20,8168.8157787970895,10221.3,143.367015177505,PQ50/50
0.096,40,40.5,2.283,39.8,29.5,6.71,28.0,28.0,380,14.9,37.0,22,5033.20855749224,13866.6,73.6956857203822,PQ40/40
0.119,80,32.0,1.409,30.4,21.3,6.69,22.0,19.0,250,13.4,27.5,19,6037.53137960833,6465.35,63.5652983313821,PQ32/30
0.131,20,26.5,2.32,24.8,16.1,2.09,19.0,15.5,207,12.0,22.5,95,21816.9899124884,3234.3799999999997,847.87484891808,PQ26/25
0.101,400,32.0,0.714,30.4,21.3,3.54,22.0,19.0,345,13.4,27.5,12,1991.6797961297,2804.96,44.0203944157419,PQ32/30
0.153,10,40.5,0.616,30.3,20.0,1.24,28.0,28.0,151,14.9,37.0,45,550.322021237921,2221.13,857.297655309196,PQ40/30
0.111,30,16.4,0.268,11.6,6.7,0.87,11.2,9.6,287,7.0,14.4,18,85.4755513800346,176.958,67.95884292696651,PQ16/11.6
0.2,20,40.5,0.518,30.3,20.0,3.26,28.0,28.0,30,14.9,37.0,18,262.303798735825,193.28500000000003,158.992112810227,PQ40/30
0.178,20,20.5,0.788,20.2,14.3,3.36,14.0,12.5,112,8.8,18.0,20,729.85965464708,370.682,52.6235025879952,PQ20/20
0.095,150,32.0,2.191,20.5,11.5,3.46,22.0,19.0,393,13.4,27.5,38,32815.8260275454,3849.52,170.254111744452,PQ32/20
0.2,40,32.0,0.298,30.4,21.3,4.24,22.0,19.0,29,13.4,27.5,8,78.68949884313919,117.01,41.2956021458991,PQ32/30
0.171,60,32.0,2.291,20.5,11.5,7.35,22.0,19.0,121,13.4,27.5,27,21351.1417433801,1168.14,82.8582325716085,PQ32/20
0.179,30,26.5,1.779,24.8,16.1,5.74,19.0,15.5,110,12.0,22.5,30,8515.06465407282,1212.86,105.024370640156,PQ26/25
0.076,400,32.0,0.297,30.4,21.3,1.22,22.0,19.0,200,13.4,27.5,21,139.93871818125,1942.44,284.82949211329003,PQ32/30
0.083,100,16.4,0.809,11.6,6.7,1.18,11.2,9.6,513,7.0,14.4,20,596.728875694191,124.995,33.0586276575369,PQ16/11.6
0.087,250,32.0,2.109,20.5,11.5,2.89,22.0,19.0,471,13.4,27.5,22,7558.61570000122,851.468,58.883327670983704,PQ32/20
0.119,60,40.5,0.681,30.3,20.0,0.68,28.0,28.0,248,14.9,37.0,85,3143.5047117818,4837.65,2810.58179127137,PQ40/30
0.086,80,16.4,2.408,11.6,6.7,3.14,11.2,9.6,482,7.0,14.4,23,4115.6035897661,189.123,17.6176558006622,PQ16/11.6
0.096,250,32.0,0.226,20.5,11.5,1.08,22.0,19.0,135,13.4,27.5,19,97.0159220977269,704.455,299.097852045587,PQ32/20
0.139,150,107.0,1.086,87.0,56.0,7.23,70.0,72.5,182,41.0,93.7,13,2235.4298178735,47244.0,286.238896971231,PQ107/87
0.079,60,20.5,2.224,20.2,14.3,2.29,14.0,12.5,561,8.8,18.0,31,2574.61278020615,984.24,55.6935276128294,PQ20/20
0.087,500,107.0,1.627,87.0,56.0,4.72,70.0,72.5,463,41.0,93.7,11,1547.71628917269,21583.0,144.957684085531,PQ107/87
0.1,80,20.5,0.961,16.2,10.3,2.27,14.0,12.5,353,8.8,18.0,25,2477.19627596388,971.736,68.5290928667807,PQ20/16
0.106,20,20.5,2.054,16.2,10.3,2.85,14.0,12.5,316,8.8,18.0,43,5019.29486415437,1187.93,109.139310077758,PQ20/16
0.101,250,26.5,0.628,24.8,16.1,3.21,19.0,15.5,343,12.0,22.5,12,1445.08114177779,1826.28,39.6331224493042,PQ26/25
0.095,350,26.5,0.727,20.2,11.5,4.27,19.0,15.5,395,12.0,22.5,10,2686.1156766683002,1751.71,24.0329638324461,PQ26/20
0.131,20,20.5,0.801,20.2,14.3,1.75,14.0,12.5,206,8.8,18.0,42,1554.1810937020798,1372.49,229.01775943132998,PQ20/20
0.08,50,50.0,1.39,40.0,26.1,4.94,32.0,31.5,545,20.0,44.0,9,987.798613351614,4403.19,29.5520217333173,PQ50/40
0.095,60,20.5,1.332,16.2,10.3,2.59,14.0,12.5,388,8.8,18.0,30,3979.6426955888096,1312.5,75.6679112475196,PQ20/16
0.158,350,40.5,0.892,30.3,20.0,13.44,28.0,28.0,141,14.9,37.0,6,2635.51843863572,2289.2,11.2019133564105,PQ40/30
0.112,250,50.0,1.745,40.0,26.1,3.32,32.0,31.5,281,20.0,44.0,32,15548.791106161,8124.969999999999,310.060037688171,PQ50/40
0.077,250,32.0,2.146,30.4,21.3,2.05,22.0,19.0,597,13.4,27.5,30,5930.191430122371,1974.8799999999999,113.50101536935101,PQ32/30
0.087,80,20.5,1.429,20.2,14.3,1.08,14.0,12.5,467,8.8,18.0,38,1480.87155665396,404.224,118.53904840768,PQ20/20
0.088,350,32.0,2.283,20.5,11.5,3.41,22.0,19.0,457,13.4,27.5,19,9126.49933355231,710.394,41.1281836654759,PQ32/20
0.108,60,32.0,1.916,20.5,11.5,1.56,22.0,19.0,304,13.4,27.5,73,19532.8802969577,2207.49,701.673178413906,PQ32/20
0.077,60,32.0,2.261,20.5,11.5,1.2,22.0,19.0,590,13.4,27.5,56,5006.28682833331,1271.2,360.207806539828,PQ32/20
0.2,60,32.0,1.118,20.5,11.5,6.82,22.0,19.0,20,13.4,27.5,20,718.904032155245,76.3645,82.5294016579925,PQ32/20
0.086,300,32.0,1.336,30.4,21.3,1.73,22.0,19.0,475,13.4,27.5,24,2752.98434877914,1232.41,105.641985675952,PQ32/30
0.132,40,32.0,2.103,20.5,11.5,5.1,22.0,19.0,204,13.4,27.5,36,17329.6283456331,2996.8,158.055516449549,PQ32/20
0.124,400,40.5,1.412,39.8,29.5,8.99,28.0,28.0,228,14.9,37.0,14,11832.5885868318,9106.03,42.9619467434637,PQ40/40
0.104,250,40.5,2.115,39.8,29.5,5.15,28.0,28.0,325,14.9,37.0,24,11823.8350670784,7636.110000000001,92.8417615338858,PQ40/40
0.128,30,20.5,1.637,16.2,10.3,3.71,14.0,12.5,217,8.8,18.0,40,9780.14671837719,1567.79,113.79475167831801,PQ20/16
0.1,150,26.5,2.442,24.8,16.1,5.4,19.0,15.5,356,12.0,22.5,28,27008.7945204607,3914.8,70.625554322728,PQ26/25
0.2,50,26.5,0.73,20.2,11.5,5.15,19.0,15.5,67,12.0,22.5,16,1418.91560698069,373.011,61.386819499680804,PQ26/20
0.197,50,40.5,1.47,30.3,20.0,10.41,28.0,28.0,91,14.9,37.0,16,4895.9564333412,2353.26,53.3474557839097,PQ40/30
0.095,150,26.5,2.184,20.2,11.5,6.01,19.0,15.5,394,12.0,22.5,22,20786.1093750852,3009.58,45.9872019846254,PQ26/20
0.105,80,107.0,2.383,87.0,56.0,10.48,70.0,72.5,319,41.0,93.7,14,6698.99043554632,74116.3,170.600741052341,PQ107/87
0.2,100,35.1,0.312,34.8,25.0,3.07,26.0,23.5,27,14.3,32.0,13,59.9267114017464,192.301,118.12442421972099,PQ35/35
0.175,180,35.1,1.712,34.8,25.0,14.17,26.0,23.5,115,14.3,32.0,11,8514.20253885173,2495.45,20.8488287797785,PQ35/35
0.125,30,20.5,0.941,20.2,14.3,2.1,14.0,12.5,226,8.8,18.0,40,2697.86260015173,1642.1200000000001,182.730122051716,PQ20/20
0.088,120,40.5,1.29,30.3,20.0,3.32,28.0,28.0,454,14.9,37.0,12,552.982015147428,1375.19,33.2300318976274,PQ40/30
0.122,200,40.5,0.829,39.8,29.5,2.48,28.0,28.0,239,14.9,37.0,29,4197.65477068908,6942.57,280.575306134715,PQ40/40
0.084,50,20.5,1.204,20.2,14.3,0.59,14.0,12.5,498,8.8,18.0,61,1159.1731109761502,453.967,349.333277564132,PQ20/20
0.147,250,50.0,2.002,40.0,26.1,13.99,32.0,31.5,163,20.0,44.0,13,18632.9887284421,9108.7,45.849996910631,PQ50/40
0.2,120,50.0,2.064,50.0,36.1,10.23,32.5,31.5,83,20.0,44.0,26,26693.8104821275,8574.06,182.979591305868,PQ50/50
0.118,600,50.0,2.245,40.0,26.1,14.84,32.0,31.5,254,20.0,44.0,9,16376.1822670479,7256.06,20.031070436766097,PQ50/40
0.078,250,32.0,1.781,20.5,11.5,2.25,22.0,19.0,573,13.4,27.5,23,5161.76099791228,1006.81,74.0042680834256,PQ32/20
0.05,300,20.5,0.462,20.2,14.3,0.57,14.0,12.5,578,8.8,18.0,26,91.6172556520487,434.502,137.444876425632,PQ20/20
0.187,250,40.5,1.142,30.3,20.0,12.08,28.0,28.0,101,14.9,37.0,8,3573.5566615653197,1184.27,16.306869761202,PQ40/30
0.109,80,32.0,1.098,30.4,21.3,6.41,22.0,19.0,296,13.4,27.5,10,1066.66432460163,2485.84,21.4976106538965,PQ32/30
0.097,600,107.0,0.477,87.0,56.0,4.4,70.0,72.5,373,41.0,93.7,7,409.26565954857904,60217.5,168.916183922525,PQ107/87
0.175,250,40.5,0.572,30.3,20.0,6.94,28.0,28.0,115,14.9,37.0,7,799.938351619211,1107.79,22.073460419043,PQ40/30
0.092,150,20.5,1.877,20.2,14.3,3.76,14.0,12.5,413,8.8,18.0,16,2362.56884079159,512.553,16.9545247067575,PQ20/20
0.188,300,50.0,1.449,50.0,36.1,16.65,32.5,31.5,100,20.0,44.0,11,15681.1431645032,9571.37,43.3744858103834,PQ50/50
0.2,120,26.5,0.319,20.2,11.5,4.81,19.0,15.5,23,12.0,22.5,8,64.3931701782097,47.5756,31.6105742733139,PQ26/20
0.095,150,50.0,1.557,40.0,26.1,1.09,32.0,31.5,390,20.0,44.0,82,17039.4840505246,11932.5,2237.05658293037,PQ50/40
0.056,350,35.1,0.638,34.8,25.0,0.59,26.0,23.5,279,14.3,32.0,62,331.291936653981,2242.9,1460.21078209231,PQ35/35
0.09,180,26.5,2.321,20.2,11.5,2.85,19.0,15.5,432,12.0,22.5,23,6075.86710734188,483.658,47.7536367789574,PQ26/20
0.174,60,65.0,1.28,60.0,42.0,5.06,45.0,40.8,116,26.0,55.0,23,2969.36869598424,7980.299999999999,336.044257274481,PQ65/60
0.117,250,26.5,0.145,24.8,16.1,1.31,19.0,15.5,206,12.0,22.5,10,83.766835167986,1215.96,98.70811467176681,PQ26/25
0.148,80,32.0,0.647,30.4,21.3,4.44,22.0,19.0,161,13.4,27.5,13,903.238485857263,1917.98,56.1619935256551,PQ32/30
0.162,60,32.0,1.824,20.5,11.5,5.25,22.0,19.0,135,13.4,27.5,30,15669.15986455,1287.14,123.415519259363,PQ32/20
0.108,120,40.5,1.785,30.3,20.0,11.2,28.0,28.0,304,14.9,37.0,9,2756.91660604972,3920.25,14.4744533720972,PQ40/30
0.078,80,20.5,1.191,20.2,14.3,2.56,14.0,12.5,574,8.8,18.0,15,604.2357666889831,711.5709999999999,21.3056783772461,PQ20/20
0.152,600,50.0,1.354,40.0,26.1,17.87,32.0,31.5,153,20.0,44.0,7,11777.5895237252,7007.57,18.29100979619,PQ50/40
0.1,80,65.0,0.723,60.0,42.0,2.96,45.0,40.8,355,26.0,55.0,14,491.434097946082,14548.0,201.597725248351,PQ65/60
0.091,40,26.5,1.834,20.2,11.5,3.32,19.0,15.5,424,12.0,22.5,16,1000.84649773067,447.577,28.1705367250908,PQ26/20
0.195,180,107.0,2.468,87.0,56.0,4.18,70.0,72.5,34,41.0,93.7,71,14466.7036833026,7094.99,4271.72348140334,PQ107/87
0.101,150,20.5,0.492,20.2,14.3,2.3,14.0,12.5,344,8.8,18.0,13,537.255619726599,942.354,32.6442370282774,PQ20/20
0.104,30,65.0,2.241,60.0,42.0,14.62,45.0,40.8,326,26.0,55.0,9,9730.53458115897,22192.7,32.5473024458133,PQ65/60
0.135,40,20.5,0.731,16.2,10.3,3.22,14.0,12.5,195,8.8,18.0,20,1416.01473764646,812.364,54.9881487231801,PQ20/16
0.08,120,20.5,1.338,16.2,10.3,2.14,14.0,12.5,550,8.8,18.0,19,1395.22569816843,443.043,30.230103507839,PQ20/16
0.093,400,26.5,1.967,24.8,16.1,4.91,19.0,15.5,408,12.0,22.5,12,4872.70331320526,657.439,15.4615243428093,PQ26/25
0.096,50,20.5,2.145,20.2,14.3,2.43,14.0,12.5,386,8.8,18.0,50,10010.781925735699,2198.5899999999997,149.145135135584,PQ20/20
0.178,50,26.5,0.971,20.2,11.5,3.46,19.0,15.5,111,12.0,22.5,25,3869.72395843247,572.099,117.568315573028,PQ26/20
0.078,250,16.4,1.024,11.6,6.7,3.23,11.2,9.6,583,7.0,14.4,9,994.711049305485,163.374,5.51745323117458,PQ16/11.6
0.145,100,65.0,1.545,60.0,42.0,18.75,45.0,40.8,168,26.0,55.0,7,3385.02464191451,14265.599999999999,26.6394943795033,PQ65/60
0.093,350,40.5,0.557,30.3,20.0,2.37,28.0,28.0,208,14.9,37.0,21,910.39945368911,3687.62,203.25307512979703,PQ40/30
0.12,60,16.4,0.647,11.6,6.7,3.86,11.2,9.6,244,7.0,14.4,15,1670.5698866676598,557.029,22.360352189109,PQ16/11.6
0.103,80,20.5,0.8,20.2,14.3,1.76,14.0,12.5,333,8.8,18.0,26,1353.83860656596,972.172,87.7869703118568,PQ20/20
0.1,40,16.4,1.858,11.6,6.7,3.21,11.2,9.6,355,7.0,14.4,33,7030.53700608274,550.909,45.2696472911746,PQ16/11.6
0.077,100,16.4,1.896,11.6,6.7,2.24,11.2,9.6,595,7.0,14.4,24,3153.32029829202,221.621,23.5265963917987,PQ16/11.6
0.106,120,20.5,0.55,20.2,14.3,2.92,14.0,12.5,313,8.8,18.0,12,567.306377934457,953.353,25.355327291156797,PQ20/20
0.079,60,20.5,2.428,20.2,14.3,1.98,14.0,12.5,569,8.8,18.0,36,2945.3148215234,845.7130000000001,69.9987216482975,PQ20/20
0.121,10,20.5,1.694,16.2,10.3,1.32,14.0,12.5,242,8.8,18.0,119,10741.9630711001,2054.36,979.6753179011951,PQ20/16
0.083,60,20.5,0.953,16.2,10.3,0.63,14.0,12.5,513,8.8,18.0,48,1003.51536119154,369.129,254.338513925602,PQ20/16
0.112,120,40.5,1.885,30.3,20.0,11.61,28.0,28.0,279,14.9,37.0,10,3677.7832415713697,4353.08,17.1168395714812,PQ40/30
0.151,120,40.5,0.936,30.3,20.0,3.93,28.0,28.0,154,14.9,37.0,23,4268.9107816961305,3256.5400000000004,158.371797223525,PQ40/30
0.11,400,32.0,1.024,30.4,21.3,6.38,22.0,19.0,290,13.4,27.5,10,3711.74926038916,2750.87,22.7413304208933,PQ32/30
0.079,250,20.5,1.655,20.2,14.3,3.7,14.0,12.5,565,8.8,18.0,14,2631.20259759491,784.976,14.3394741491688,PQ20/20
0.08,600,50.0,1.713,40.0,26.1,2.43,32.0,31.5,553,20.0,44.0,22,6566.62998590332,4724.81,148.930702294911,PQ50/40
0.081,120,35.1,1.821,34.8,25.0,1.76,26.0,23.5,540,14.3,32.0,32,2177.7500838021,2595.53,167.882198036453,PQ35/35
0.063,500,32.0,0.688,30.4,21.3,1.55,22.0,19.0,343,13.4,27.5,26,737.789440929625,2620.05,213.049508398717,PQ32/30
0.095,300,32.0,1.757,30.4,21.3,5.04,22.0,19.0,390,13.4,27.5,20,13123.6628230145,5091.35,59.0577065748632,PQ32/30
0.089,80,20.5,1.302,20.2,14.3,1.87,14.0,12.5,445,8.8,18.0,21,798.581474267536,395.415,38.9204686689521,PQ20/20
0.079,10,35.1,0.959,34.8,25.0,1.12,26.0,23.5,569,14.3,32.0,24,456.126608186153,1513.2,156.743638977444,PQ35/35
0.109,200,35.1,0.954,34.8,25.0,3.81,26.0,23.5,298,14.3,32.0,16,2182.15372999706,4090.75,69.9533953861035,PQ35/35
0.084,250,20.5,0.761,16.2,10.3,3.61,14.0,12.5,504,8.8,18.0,6,290.97496646272504,238.739,4.78215460014754,PQ20/16
0.079,250,40.5,1.474,30.3,20.0,3.29,28.0,28.0,559,14.9,37.0,13,1138.04431343144,1840.18,35.0784192064014,PQ40/30
0.097,30,20.5,2.155,16.2,10.3,1.99,14.0,12.5,378,8.8,18.0,65,10936.4664228084,1708.39,239.491420651245,PQ20/16
0.094,200,26.5,0.815,24.8,16.1,1.05,19.0,15.5,403,12.0,22.5,24,997.466110538897,447.298,127.337143029751,PQ26/25
0.2,30,50.0,0.562,40.0,26.1,6.34,32.0,31.5,31,20.0,44.0,10,433.802336496367,444.976,78.543121736374,PQ50/40
0.085,100,65.0,1.921,60.0,42.0,1.21,45.0,40.8,491,26.0,55.0,50,2538.56850966443,8274.56,1136.82020375823,PQ65/60
0.075,600,32.0,1.326,20.5,11.5,2.54,22.0,19.0,594,13.4,27.5,15,4207.07880003644,927.14,40.2042676880703,PQ32/20
0.123,50,40.5,1.848,30.3,20.0,2.39,28.0,28.0,235,14.9,37.0,70,18043.1714937588,8556.34,852.4166581204951,PQ40/30
0.094,250,26.5,1.741,20.2,11.5,6.27,19.0,15.5,400,12.0,22.5,17,18186.1638906895,2913.7400000000002,33.2554249857844,PQ26/20
0.101,10,32.0,2.068,30.4,21.3,1.14,22.0,19.0,346,13.4,27.5,106,4275.39395394116,4737.08,1459.97068694187,PQ32/30
0.148,100,26.5,1.382,24.8,16.1,6.43,19.0,15.5,161,12.0,22.5,19,8905.72833769801,1700.38,51.729123564848,PQ26/25
0.105,120,26.5,2.032,20.2,11.5,5.1,19.0,15.5,323,12.0,22.5,23,14084.8666130913,1793.71,53.4470710165844,PQ26/20
0.184,180,65.0,1.294,60.0,42.0,3.97,45.0,40.8,81,26.0,55.0,37,11641.5177267095,7326.21,862.629025139986,PQ65/60
0.12,10,40.5,0.625,39.8,29.5,8.98,28.0,28.0,244,14.9,37.0,6,3334.16555060985,6201.18,15.119350344073,PQ40/40
0.174,40,26.5,1.592,20.2,11.5,7.08,19.0,15.5,117,12.0,22.5,20,6657.639179310971,770.424,49.601793913908395,PQ26/20
0.115,350,26.5,0.925,20.2,11.5,7.28,19.0,15.5,268,12.0,22.5,8,3916.73135684418,1145.57,12.530163127123,PQ26/20
0.175,60,40.5,0.585,39.8,29.5,1.44,28.0,28.0,115,14.9,37.0,38,957.886602455542,1878.26,640.660181654652,PQ40/40
0.089,80,20.5,2.12,16.2,10.3,2.36,14.0,12.5,441,8.8,18.0,26,2557.73637770065,326.876,38.837342572695995,PQ20/16
0.099,180,32.0,0.728,30.4,21.3,1.52,22.0,19.0,357,13.4,27.5,30,2546.54461781679,3446.45,270.783973297485,PQ32/30
0.122,400,40.5,1.649,39.8,29.5,11.02,28.0,28.0,239,14.9,37.0,14,18133.7019525565,12524.800000000001,38.1122325602624,PQ40/40
0.081,400,20.5,1.089,20.2,14.3,3.87,14.0,12.5,538,8.8,18.0,8,919.8685111758849,433.18899999999996,6.50192142295756,PQ20/20
0.126,10,32.0,1.808,30.4,21.3,2.68,22.0,19.0,222,13.4,27.5,65,6485.80627270278,7079.4,610.611179119566,PQ32/30
0.115,60,16.4,0.547,11.6,6.7,3.81,11.2,9.6,265,7.0,14.4,9,395.693178989601,239.531,9.2667205978885,PQ16/11.6
0.08,10,50.0,1.815,40.0,26.1,1.22,32.0,31.5,557,20.0,44.0,45,1511.19143425351,4535.36,594.456567459793,PQ50/40
0.09,80,16.4,0.859,11.6,6.7,1.45,11.2,9.6,435,7.0,14.4,19,614.408162299463,121.254,28.4071720111057,PQ16/11.6
0.085,80,20.5,2.025,16.2,10.3,3.35,14.0,12.5,493,8.8,18.0,17,1625.14284681353,362.486,17.252333156948502,PQ20/16
0.169,60,40.5,1.416,39.8,29.5,10.1,28.0,28.0,123,14.9,37.0,13,2537.61930039354,3301.13,36.9517652046316,PQ40/40
0.092,120,107.0,1.322,87.0,56.0,7.01,70.0,72.5,415,41.0,93.7,6,860.501174505196,16071.6,51.4627249550007,PQ107/87
0.084,250,40.5,2.328,30.3,20.0,3.07,28.0,28.0,500,14.9,37.0,24,5645.2089829344395,2449.79,83.68512521756739,PQ40/30
0.092,40,16.4,1.781,11.6,6.7,2.5,11.2,9.6,419,7.0,14.4,21,1209.24331796715,125.205,18.987103821606,PQ16/11.6
0.089,250,32.0,0.279,20.5,11.5,1.25,22.0,19.0,84,13.4,27.5,26,105.624187602532,599.059,464.434304392869,PQ32/20
0.124,180,40.5,2.06,30.3,20.0,7.61,28.0,28.0,229,14.9,37.0,24,25298.7645947285,8174.929999999999,91.9923283530414,PQ40/30
0.2,10,26.5,2.242,24.8,16.1,4.18,19.0,15.5,58,12.0,22.5,68,8545.20428702867,829.271,446.886227952105,PQ26/25
0.095,40,32.0,1.911,30.4,21.3,2.37,22.0,19.0,389,13.4,27.5,50,6473.74875361541,6511.2,345.667581173557,PQ32/30
0.15,180,40.5,0.961,30.3,20.0,7.84,28.0,28.0,156,14.9,37.0,11,2863.92140540493,2804.47,35.4516497310019,PQ40/30
0.08,40,16.4,1.961,11.6,6.7,3.78,11.2,9.6,553,7.0,14.4,15,1184.65297326382,204.36,8.92995770691287,PQ16/11.6
0.139,20,107.0,2.038,87.0,56.0,3.18,70.0,72.5,183,41.0,93.7,57,7366.64382494923,65300.4,3225.10854479774,PQ107/87
0.094,500,40.5,2.172,30.3,20.0,4.42,28.0,28.0,401,14.9,37.0,15,5731.90272516775,1425.46,34.4353111749575,PQ40/30
0.08,100,16.4,2.428,11.6,6.7,3.42,11.2,9.6,552,7.0,14.4,21,4527.2517244938,233.279,14.5858643728611,PQ16/11.6
0.077,300,20.5,1.09,20.2,14.3,3.38,14.0,12.5,589,8.8,18.0,10,1010.13477588272,640.116,10.1489199007455,PQ20/20
0.121,500,50.0,0.224,50.0,36.1,1.75,32.5,31.5,241,20.0,44.0,12,330.516629271175,10153.4,247.650192162281,PQ50/50
0.084,120,26.5,1.029,24.8,16.1,0.68,19.0,15.5,497,12.0,22.5,46,1686.5695955335,682.466,385.795541688638,PQ26/25
0.11,120,32.0,2.389,20.5,11.5,4.81,22.0,19.0,290,13.4,27.5,30,23880.470334637197,2322.4,98.7382331247939,PQ32/20
0.134,300,40.5,1.287,39.8,29.5,6.83,28.0,28.0,198,14.9,37.0,17,9482.90620469562,6929.52,68.0861577253189,PQ40/40
0.154,200,50.0,0.779,50.0,36.1,2.73,32.5,31.5,149,20.0,44.0,25,3298.7817186872703,5727.83,372.330539648736,PQ50/50
0.107,500,40.5,1.01,39.8,29.5,3.95,28.0,28.0,311,14.9,37.0,15,3642.55703280382,4447.96,64.0241496466688,PQ40/40
0.2,80,35.1,0.859,34.8,25.0,5.22,26.0,23.5,54,14.3,32.0,21,1486.11650053348,1017.9899999999999,131.574100946495,PQ35/35
0.095,10,40.5,1.935,39.8,29.5,1.23,28.0,28.0,393,14.9,37.0,94,3195.34196827826,10791.9,1522.46660754783,PQ40/40
0.086,80,26.5,1.758,24.8,16.1,5.58,19.0,15.5,477,12.0,22.5,10,1080.68060429382,959.412,11.7636127414009,PQ26/25
0.083,180,20.5,0.983,20.2,14.3,1.63,14.0,12.5,518,8.8,18.0,17,723.890948650576,369.387,31.801671879259096,PQ20/20
0.114,20,26.5,2.214,24.8,16.1,0.97,19.0,15.5,271,12.0,22.5,131,12075.1204491853,1845.46,1674.56291606676,PQ26/25
0.094,120,20.5,0.432,16.2,10.3,1.53,14.0,12.5,398,8.8,18.0,17,537.898195123219,891.919,61.643933772594295,PQ20/16
0.087,80,20.5,1.654,20.2,14.3,1.91,14.0,12.5,470,8.8,18.0,26,1508.70123215802,499.231,49.4890735745891,PQ20/20
0.084,100,20.5,1.632,16.2,10.3,3.3,14.0,12.5,496,8.8,18.0,14,1116.85898441692,335.396,13.9690529587674,PQ20/16
0.151,10,20.5,1.437,16.2,10.3,1.72,14.0,12.5,154,8.8,18.0,75,4829.69921685249,759.612,445.082210823269,PQ20/16
0.178,40,26.5,1.899,24.8,16.1,5.56,19.0,15.5,111,12.0,22.5,31,11117.594004478,1079.95,106.31778618309,PQ26/25
0.101,60,32.0,1.618,30.4,21.3,1.17,22.0,19.0,346,13.4,27.5,82,9935.6521028436,4254.78,1059.72559226194,PQ32/30
0.08,10,16.4,2.43,11.6,6.7,1.37,11.2,9.6,554,7.0,14.4,51,1622.04869078921,216.917,85.9947420111891,PQ16/11.6
0.091,600,26.5,1.23,24.8,16.1,5.65,19.0,15.5,422,12.0,22.5,7,2040.84976928411,655.463,7.71199528523343,PQ26/25
0.08,120,20.5,1.891,20.2,14.3,2.19,14.0,12.5,545,8.8,18.0,27,3039.31792356523,797.885,48.0241298070298,PQ20/20
0.089,300,32.0,1.156,20.5,11.5,2.18,22.0,19.0,448,13.4,27.5,15,1770.97829648896,495.929,45.063441065012306,PQ32/20
0.102,120,35.1,0.511,34.8,25.0,2.62,26.0,23.5,339,14.3,32.0,11,245.164239370117,2806.82,55.326765472918105,PQ35/35
0.19,20,20.5,0.869,20.2,14.3,3.17,14.0,12.5,98,8.8,18.0,31,2006.64681089671,629.385,116.875060689829,PQ20/20
0.115,10,16.4,0.911,11.6,6.7,2.45,11.2,9.6,266,7.0,14.4,23,798.741490366077,293.833,39.6833159520498,PQ16/11.6
0.128,200,40.5,2.465,30.3,20.0,10.33,28.0,28.0,214,14.9,37.0,21,33420.2447405517,7909.53,61.3668948089723,PQ40/30
0.089,350,35.1,2.397,34.8,25.0,6.42,26.0,23.5,449,14.3,32.0,11,3277.75527861746,1939.3400000000001,16.0605317286529,PQ35/35
0.2,60,50.0,2.455,50.0,36.1,7.14,32.5,31.5,86,20.0,44.0,43,31185.5204812078,9406.03,437.367011247477,PQ50/50
0.082,80,16.4,2.116,11.6,6.7,2.61,11.2,9.6,521,7.0,14.4,23,2893.81335926901,179.378,19.681478085203597,PQ16/11.6
0.129,120,32.0,0.287,30.4,21.3,1.35,22.0,19.0,213,13.4,27.5,20,403.46312038209,2720.7,266.267363118348,PQ32/30
0.101,10,20.5,1.509,20.2,14.3,0.84,14.0,12.5,349,8.8,18.0,114,3380.07937857549,1990.09,1022.92450560884,PQ20/20
0.069,600,50.0,1.084,40.0,26.1,1.64,32.0,31.5,261,20.0,44.0,38,1974.10378835367,4869.67,647.027513754106,PQ50/40
0.143,40,20.5,0.882,16.2,10.3,3.62,14.0,12.5,173,8.8,18.0,23,2579.71140287519,852.144,62.263298075856,PQ20/16
0.2,100,35.1,1.319,34.8,25.0,9.0,26.0,23.5,59,14.3,32.0,17,3395.40608501073,1177.76,61.0820072891611,PQ35/35
0.08,300,32.0,2.094,30.4,21.3,2.62,22.0,19.0,555,13.4,27.5,24,6008.36851992669,1912.63,74.0227542150787,PQ32/30
0.082,300,26.5,2.316,20.2,11.5,7.38,19.0,15.5,524,12.0,22.5,9,4226.07216572658,719.325,7.32419857181997,PQ26/20
0.091,180,32.0,1.57,30.4,21.3,1.45,22.0,19.0,422,13.4,27.5,31,2440.4226849237302,867.172,155.101132529946,PQ32/30
0.167,200,35.1,1.132,34.8,25.0,14.7,26.0,23.5,126,14.3,32.0,7,2831.82643006061,2318.4,11.692757109298501,PQ35/35
0.134,350,50.0,2.326,40.0,26.1,11.51,32.0,31.5,198,20.0,44.0,18,45902.6348124335,13407.2,77.9737071919674,PQ50/40
0.098,80,20.5,1.74,20.2,14.3,3.55,14.0,12.5,364,8.8,18.0,29,6793.312793824781,1957.86,59.1263152251625,PQ20/20
0.149,180,40.5,1.512,30.3,20.0,11.66,28.0,28.0,159,14.9,37.0,12,8018.51062440392,3969.6099999999997,29.3155979882845,PQ40/30
0.165,10,16.4,1.535,11.6,6.7,3.56,11.2,9.6,130,7.0,14.4,40,4600.63388460189,280.364,78.0424607134398,PQ16/11.6
0.096,400,40.5,1.697,39.8,29.5,6.42,28.0,28.0,381,14.9,37.0,17,10710.6674987401,11189.9,55.0064749602681,PQ40/40
0.109,400,35.1,1.929,34.8,25.0,9.49,26.0,23.5,296,14.3,32.0,13,13364.409538295,6137.47,26.5148563090258,PQ35/35
0.095,400,26.5,0.651,24.8,16.1,3.74,19.0,15.5,394,12.0,22.5,10,1851.40807511501,2013.46,26.6974395412281,PQ26/25
0.2,60,32.0,0.763,20.5,11.5,5.26,22.0,19.0,51,13.4,27.5,17,1166.23778183236,330.642,82.3805938051141,PQ32/20
0.119,600,35.1,1.822,34.8,25.0,13.99,26.0,23.5,251,14.3,32.0,8,10421.0726650613,3913.15,10.4924372001839,PQ35/35
0.121,300,26.5,0.434,20.2,11.5,4.45,19.0,15.5,242,12.0,22.5,9,1809.24494685931,1954.02,30.4751175488529,PQ26/20
0.108,60,20.5,2.113,20.2,14.3,3.74,14.0,12.5,305,8.8,18.0,33,8263.0034920439,1525.9499999999998,65.7190188936667,PQ20/20
0.111,80,32.0,1.96,30.4,21.3,4.09,22.0,19.0,287,13.4,27.5,31,8806.11088189146,4238.37,130.255820527038,PQ32/30
0.095,400,107.0,1.275,87.0,56.0,3.67,70.0,72.5,392,41.0,93.7,20,4299.66027662046,69324.5,589.7177670501151,PQ107/87
0.087,350,32.0,2.126,30.4,21.3,4.03,22.0,19.0,466,13.4,27.5,17,5842.1823135302,1717.52,36.7140167971635,PQ32/30
0.094,300,26.5,0.854,20.2,11.5,4.33,19.0,15.5,396,12.0,22.5,12,3920.0306547026,2067.61,30.1888495520462,PQ26/20
0.133,250,26.5,0.199,24.8,16.1,2.85,19.0,15.5,67,12.0,22.5,8,45.6437942202743,319.863,47.8645396473026,PQ26/25
0.085,250,40.5,0.432,30.3,20.0,0.5,28.0,28.0,460,14.9,37.0,25,161.78664530999902,729.716,357.023560510003,PQ40/30
0.094,50,20.5,1.797,16.2,10.3,2.02,14.0,12.5,401,8.8,18.0,28,1645.95253884519,319.806,51.6244188998566,PQ20/16
0.09,350,50.0,1.246,50.0,36.1,2.15,32.5,31.5,286,20.0,44.0,37,4961.419631624,10289.9,553.532825335132,PQ50/50
0.109,180,32.0,1.606,30.4,21.3,6.49,22.0,19.0,297,13.4,27.5,16,6996.68887420945,4030.19,40.5762838722656,PQ32/30
0.06,500,16.4,0.294,11.6,6.7,1.28,11.2,9.6,499,7.0,14.4,7,41.2752120434657,88.8436,9.47833112872483,PQ16/11.6
0.083,80,26.5,1.245,20.2,11.5,0.58,19.0,15.5,507,12.0,22.5,64,2740.10168706456,570.957,624.189956526504,PQ26/20
0.102,300,50.0,1.225,40.0,26.1,8.11,32.0,31.5,342,20.0,44.0,9,2796.84657140203,9247.49,32.7891734527642,PQ50/40
0.08,180,16.4,1.231,11.6,6.7,3.59,11.2,9.6,555,7.0,14.4,10,1201.74364370689,175.771,5.85226978515334,PQ16/11.6
0.114,500,40.5,1.239,39.8,29.5,13.01,28.0,28.0,271,14.9,37.0,6,2592.9924722624,4676.27,8.72889114680911,PQ40/40
0.2,60,40.5,1.482,39.8,29.5,4.8,28.0,28.0,61,14.9,37.0,37,4796.84455792883,1795.01,289.44836301947,PQ40/40
0.078,120,20.5,0.924,16.2,10.3,2.63,14.0,12.5,585,8.8,18.0,11,471.474827030846,443.873,13.7010051985458,PQ20/16
0.084,150,35.1,2.004,34.8,25.0,0.96,26.0,23.5,503,14.3,32.0,62,5533.8909151299595,2136.91,585.389714287643,PQ35/35
0.122,200,40.5,0.848,39.8,29.5,6.59,28.0,28.0,236,14.9,37.0,12,2175.93078320135,8216.43,47.1616230584427,PQ40/40
0.167,300,40.5,0.773,39.8,29.5,7.13,28.0,28.0,126,14.9,37.0,10,2108.31622284157,2441.26,35.3052006116469,PQ40/40
0.128,60,26.5,1.812,20.2,11.5,5.15,19.0,15.5,215,12.0,22.5,30,16286.4390446851,2225.4,100.176285964843,PQ26/20
0.05,600,40.5,1.958,39.8,29.5,0.98,28.0,28.0,483,14.9,37.0,59,1820.3445366101,2450.73,594.030559266644,PQ40/40
0.188,100,40.5,1.997,39.8,29.5,11.53,28.0,28.0,100,14.9,37.0,21,16625.9680430715,5514.01,74.2598453328596,PQ40/40
0.086,250,32.0,1.698,30.4,21.3,1.9,22.0,19.0,476,13.4,27.5,26,3422.92966043708,1182.72,102.5094332294,PQ32/30
0.158,350,50.0,2.475,40.0,26.1,18.02,32.0,31.5,141,20.0,44.0,12,32512.4218831682,7048.37,32.9687954794884,PQ50/40
0.082,400,26.5,2.327,24.8,16.1,5.0,19.0,15.5,520,12.0,22.5,14,7480.3579116652,1135.49,18.3582108853629,PQ26/25
0.084,200,20.5,1.655,20.2,14.3,3.15,14.0,12.5,503,8.8,18.0,16,2309.69975512928,590.16,18.7293744799331,PQ20/20
0.089,50,50.0,1.832,40.0,26.1,4.91,32.0,31.5,450,20.0,44.0,12,1248.25517313674,3619.83,41.9218220019213,PQ50/40
0.125,10,20.5,1.088,16.2,10.3,1.15,14.0,12.5,225,8.8,18.0,84,3224.26449394995,1298.44,699.7568535807329,PQ20/16
0.101,30,26.5,1.134,24.8,16.1,2.43,19.0,15.5,349,12.0,22.5,29,1752.30513668331,2561.76,141.477304348045,PQ26/25
0.145,30,20.5,0.916,20.2,14.3,2.21,14.0,12.5,169,8.8,18.0,36,2189.37859674859,889.017,151.07779851453898,PQ20/20
0.092,40,26.5,0.325,24.8,16.1,1.02,19.0,15.5,421,12.0,22.5,9,27.946291419288002,267.01000000000005,39.2761877732039,PQ26/25
0.08,10,32.0,1.966,20.5,11.5,2.82,22.0,19.0,551,13.4,27.5,21,2273.79010384065,1092.45,56.8396476071007,PQ32/20
0.09,400,20.5,0.283,16.2,10.3,1.51,14.0,12.5,437,8.8,18.0,6,76.3038760748079,168.858,11.0470839926357,PQ20/16
0.082,600,40.5,1.82,30.3,20.0,5.63,28.0,28.0,529,14.9,37.0,10,3484.31731585822,2209.32,17.5870593604569,PQ40/30
0.126,80,26.5,2.11,24.8,16.1,5.44,19.0,15.5,224,12.0,22.5,34,27437.506857036202,3795.63,117.352343935059,PQ26/25
0.093,40,50.0,1.515,50.0,36.1,3.69,32.5,31.5,404,20.0,44.0,12,702.151475176394,2700.54,49.727380697255995,PQ50/50
0.115,180,26.5,1.848,20.2,11.5,7.77,19.0,15.5,268,12.0,22.5,14,11171.9163039095,1286.02,21.4350222652236,PQ26/20
0.2,30,32.0,1.286,30.4,21.3,6.34,22.0,19.0,38,13.4,27.5,26,1552.22398458129,478.234,127.982222746626,PQ32/30
0.1,400,50.0,2.435,40.0,26.1,10.97,32.0,31.5,356,20.0,44.0,14,22568.006046893403,16415.0,45.4473124160765,PQ50/40
0.149,300,32.0,0.136,20.5,11.5,2.06,22.0,19.0,126,13.4,27.5,6,62.0193431941588,543.234,46.9157122912344,PQ32/20
0.143,250,50.0,0.887,50.0,36.1,3.59,32.5,31.5,173,20.0,44.0,21,4260.98494041975,7369.53,235.705980869997,PQ50/50
0.079,350,50.0,2.478,50.0,36.1,7.67,32.5,31.5,563,20.0,44.0,10,2976.99754176497,7722.99,23.452329726386402,PQ50/50
0.092,10,16.4,2.043,11.6,6.7,0.76,11.2,9.6,413,7.0,14.4,80,1470.2675861093699,132.163,245.233190658687,PQ16/11.6
0.12,250,50.0,2.418,50.0,36.1,6.08,32.5,31.5,244,20.0,44.0,34,47436.452056544505,23724.5,276.555277159337,PQ50/50
0.097,120,32.0,0.672,30.4,21.3,0.98,22.0,19.0,377,13.4,27.5,41,1849.2425554339,3249.0,540.353684281455,PQ32/30
0.135,10,20.5,2.336,16.2,10.3,2.27,14.0,12.5,194,8.8,18.0,90,12978.351457488101,1377.6699999999998,429.774525055832,PQ20/16
0.079,400,20.5,0.42,20.2,14.3,1.64,14.0,12.5,564,8.8,18.0,8,166.919697888292,367.464,14.0851077245291,PQ20/20
0.087,600,35.1,1.894,34.8,25.0,9.43,26.0,23.5,469,14.3,32.0,6,2051.92989198196,1868.71,5.72430647516317,PQ35/35
0.162,200,65.0,2.218,60.0,42.0,5.06,45.0,40.8,134,26.0,55.0,39,38779.8191741974,12759.5,616.272693478319,PQ65/60
0.1,120,16.4,0.269,11.6,6.7,1.74,11.2,9.6,356,7.0,14.4,9,151.954629332952,260.087,16.9328718918598,PQ16/11.6
0.115,600,40.5,1.635,39.8,29.5,9.39,28.0,28.0,266,14.9,37.0,10,7017.57272017315,4252.39,19.5725449909385,PQ40/40
0.182,180,50.0,2.062,40.0,26.1,13.48,32.0,31.5,107,20.0,44.0,13,12663.7435685325,3618.91,44.7986721840356,PQ50/40
0.081,350,32.0,1.143,20.5,11.5,2.15,22.0,19.0,541,13.4,27.5,17,2938.90795774837,972.241,58.4704369794161,PQ32/20
0.12,180,40.5,2.085,30.3,20.0,6.66,28.0,28.0,245,14.9,37.0,28,30568.5285434183,9568.37,123.914799873923,PQ40/30
0.093,60,20.5,1.224,16.2,10.3,1.1,14.0,12.5,405,8.8,18.0,34,1052.5270626691702,245.72,104.075037718537,PQ20/16
0.174,180,40.5,1.487,30.3,20.0,12.14,28.0,28.0,116,14.9,37.0,11,6603.20395523881,2033.91,24.9672292362027,PQ40/30
0.07,500,26.5,0.356,24.8,16.1,1.25,19.0,15.5,382,12.0,22.5,17,352.164135474159,1679.24,129.44573901992499,PQ26/25
0.106,100,26.5,1.27,20.2,11.5,2.26,19.0,15.5,312,12.0,22.5,34,7867.71346989913,1553.39,173.309222538478,PQ26/20
0.086,100,32.0,1.378,30.4,21.3,0.96,22.0,19.0,472,13.4,27.5,45,1850.1138385053698,1258.2,362.52807398195705,PQ32/30
0.144,20,16.4,0.985,11.6,6.7,2.63,11.2,9.6,170,7.0,14.4,32,2514.13002702009,306.49,72.0018242220829,PQ16/11.6
0.096,80,16.4,0.509,11.6,6.7,1.9,11.2,9.6,379,7.0,14.4,17,772.852675283302,466.099,35.1358115527163,PQ16/11.6
0.153,30,32.0,2.499,20.5,11.5,6.46,22.0,19.0,151,13.4,27.5,37,21804.0627940567,2344.54,144.772459892385,PQ32/20
0.123,100,26.5,2.242,24.8,16.1,7.69,19.0,15.5,235,12.0,22.5,28,37360.5262651697,5386.15,75.78819220971171,PQ26/25
0.101,250,32.0,0.723,30.4,21.3,2.56,22.0,19.0,345,13.4,27.5,17,1840.13703489228,2905.38,87.4452607910997,PQ32/30
0.08,40,65.0,1.667,60.0,42.0,3.1,45.0,40.8,547,26.0,55.0,17,1226.1141532098102,9475.1,147.48171343648,PQ65/60
0.123,500,50.0,1.127,50.0,36.1,6.23,32.5,31.5,232,20.0,44.0,16,11049.3777091576,15603.3,112.407765776373,PQ50/50
0.107,250,32.0,1.542,20.5,11.5,7.06,22.0,19.0,307,13.4,27.5,13,9676.6180992371,2059.35,26.6541460554589,PQ32/20
0.079,200,35.1,1.519,34.8,25.0,3.31,26.0,23.5,566,14.3,32.0,14,1137.6459998412402,2408.74,37.029030876401,PQ35/35
0.2,600,65.0,0.73,60.0,42.0,14.21,45.0,40.8,62,26.0,55.0,6,1791.2612115287102,3872.47,36.8425720258928,PQ65/60
0.159,10,50.0,1.715,40.0,26.1,9.17,32.0,31.5,140,20.0,44.0,17,7602.94176895946,6414.16,88.9395882734569,PQ50/40
0.165,20,26.5,1.776,24.8,16.1,2.35,19.0,15.5,130,12.0,22.5,71,12234.0386138687,1528.0,588.397848877472,PQ26/25
0.2,10,26.5,0.934,20.2,11.5,3.71,19.0,15.5,67,12.0,22.5,30,1544.19731646836,468.032,174.98478160840702,PQ26/20
0.133,500,35.1,0.708,34.8,25.0,10.83,26.0,23.5,200,14.3,32.0,6,2320.72661776325,4424.43,12.5680913258381,PQ35/35
0.097,50,20.5,2.129,16.2,10.3,3.1,14.0,12.5,378,8.8,18.0,39,9545.77444251631,1466.44,86.9925876089716,PQ20/16
0.095,300,32.0,2.3,20.5,11.5,7.12,22.0,19.0,391,13.4,27.5,19,34029.8508707236,3703.92,40.8780135188669,PQ32/20
0.112,120,26.5,0.976,20.2,11.5,4.91,19.0,15.5,280,12.0,22.5,12,2115.7507007318,1137.96,26.9473232168154,PQ26/20
0.077,60,26.5,2.4,24.8,16.1,0.56,19.0,15.5,596,12.0,22.5,120,8996.82119338566,1217.44,1314.92223915055,PQ26/25
0.084,60,20.5,2.196,20.2,14.3,1.26,14.0,12.5,501,8.8,18.0,52,3537.43516288208,661.311,158.230073111879,PQ20/20
0.087,120,20.5,0.99,20.2,14.3,1.68,14.0,12.5,465,8.8,18.0,18,603.946209148463,378.517,35.4683399730343,PQ20/20
0.11,150,26.5,1.831,24.8,16.1,7.27,19.0,15.5,294,12.0,22.5,16,9941.17540295289,2513.67,29.1552937680372,PQ26/25
0.096,600,32.0,1.004,20.5,11.5,6.33,22.0,19.0,382,13.4,27.5,9,6425.55199051095,2254.29,18.2808111599776,PQ32/20
0.077,60,32.0,1.67,20.5,11.5,0.94,22.0,19.0,600,13.4,27.5,56,3374.01494543528,1339.25,462.557245069363,PQ32/20
0.092,250,40.5,2.163,39.8,29.5,9.41,28.0,28.0,416,14.9,37.0,7,1244.17402930314,2152.03,7.75938406384517,PQ40/40
0.121,20,32.0,1.109,30.4,21.3,5.93,22.0,19.0,242,13.4,27.5,16,2140.0304119077,4649.77,54.586158878846504,PQ32/30
0.132,350,40.5,1.514,39.8,29.5,14.67,28.0,28.0,204,14.9,37.0,9,7710.07096394214,7402.68,16.8387319599236,PQ40/40
0.089,600,32.0,1.539,30.4,21.3,4.65,22.0,19.0,448,13.4,27.5,10,2898.57844483637,1112.9,16.390055909064397,PQ32/30
0.086,600,32.0,0.978,20.5,11.5,4.75,22.0,19.0,482,13.4,27.5,6,1116.82673363166,575.518,8.30379511486469,PQ32/20
0.126,60,32.0,2.409,20.5,11.5,4.19,22.0,19.0,223,13.4,27.5,53,51035.8659252442,4280.38,306.220571322734,PQ32/20
0.079,40,20.5,1.923,20.2,14.3,3.07,14.0,12.5,570,8.8,18.0,19,1065.36588893987,806.909,23.462609321076002,PQ20/20
0.181,80,40.5,1.375,39.8,29.5,12.5,28.0,28.0,108,14.9,37.0,10,2271.78680647333,2430.29,22.3734206581595,PQ40/40
0.078,80,20.5,1.043,16.2,10.3,0.79,14.0,12.5,582,8.8,18.0,40,1211.9960307705999,430.158,164.029504654237,PQ20/16
0.079,250,20.5,1.342,20.2,14.3,2.8,14.0,12.5,572,8.8,18.0,14,1602.78409029261,586.963,16.9011728857799,PQ20/20
0.2,30,26.5,1.576,24.8,16.1,6.27,19.0,15.5,36,12.0,22.5,30,2240.58480362288,248.886,115.86183721522,PQ26/25
0.093,400,32.0,0.907,30.4,21.3,2.98,22.0,19.0,409,13.4,27.5,9,606.735231473297,669.99,20.3254047765622,PQ32/30
0.2,30,32.0,1.346,20.5,11.5,4.81,22.0,19.0,34,13.4,27.5,35,2102.30206195718,231.148,216.519846099694,PQ32/20
0.137,30,20.5,1.313,16.2,10.3,3.49,14.0,12.5,188,8.8,18.0,32,4640.828786219749,919.652,87.1689690513197,PQ20/16
0.171,20,20.5,1.129,16.2,10.3,3.28,14.0,12.5,121,8.8,18.0,33,3145.8845424721,516.073,104.810585658053,PQ20/16
0.081,80,16.4,1.622,11.6,6.7,1.88,11.2,9.6,532,7.0,14.4,26,2325.38182781134,201.623,31.4736343804234,PQ16/11.6
0.078,300,20.5,1.164,16.2,10.3,3.47,14.0,12.5,580,8.8,18.0,10,1346.97657277036,430.317,9.37557643091881,PQ20/16
0.085,80,16.4,1.224,11.6,6.7,1.58,11.2,9.6,486,7.0,14.4,23,1230.81969628874,144.178,31.0927885767938,PQ16/11.6
0.091,50,20.5,1.385,16.2,10.3,1.74,14.0,12.5,429,8.8,18.0,24,836.263760084442,278.731,46.9181767051732,PQ20/16
0.181,40,32.0,0.219,20.5,11.5,0.79,22.0,19.0,53,13.4,27.5,32,83.2579143617545,233.989,873.183308371566,PQ32/20
0.095,400,26.5,0.936,20.2,11.5,7.13,19.0,15.5,391,12.0,22.5,8,4261.93416672367,2101.88,12.4081820730739,PQ26/20
0.086,300,32.0,2.091,20.5,11.5,2.92,22.0,19.0,474,13.4,27.5,23,10180.6366920188,1017.05,64.790506744029,PQ32/20
0.117,400,32.0,0.34,30.4,21.3,3.29,22.0,19.0,258,13.4,27.5,6,216.181748467273,1140.66,20.653838333454,PQ32/30
0.103,30,32.0,2.281,30.4,21.3,2.79,22.0,19.0,331,13.4,27.5,48,6118.23931614834,4643.53,277.08327520105803,PQ32/30
0.178,180,26.5,0.18,24.8,16.1,3.22,19.0,15.5,62,12.0,22.5,7,68.6865285486377,338.718,40.0641814223309,PQ26/25
0.155,200,40.5,0.688,39.8,29.5,3.21,28.0,28.0,147,14.9,37.0,19,1953.2165729333399,2757.67,140.095877000726,PQ40/40
0.116,350,35.1,1.777,34.8,25.0,8.12,26.0,23.5,261,14.3,32.0,13,8639.46286770522,3823.14,28.2552588282442,PQ35/35
0.126,180,26.5,0.146,24.8,16.1,2.23,19.0,15.5,85,12.0,22.5,8,28.923519493816,531.247,62.8901878825122,PQ26/25
0.157,150,32.0,0.345,20.5,11.5,3.0,22.0,19.0,144,13.4,27.5,11,695.863618020892,1018.26,68.8133570610606,PQ32/20
0.093,180,50.0,1.385,40.0,26.1,3.56,32.0,31.5,410,20.0,44.0,12,815.8502418678551,2380.1800000000003,52.7011228213818,PQ50/40
0.2,400,65.0,1.43,60.0,42.0,16.05,45.0,40.8,48,26.0,55.0,11,5668.07424366268,3645.63,70.1663579715325,PQ65/60
0.113,30,16.4,1.863,11.6,6.7,3.02,11.2,9.6,274,7.0,14.4,35,5483.59472678291,338.353,50.7802541512223,PQ16/11.6
0.079,80,32.0,1.322,30.4,21.3,2.32,22.0,19.0,568,13.4,27.5,17,617.127506262029,1518.86,53.4577398500835,PQ32/30
0.094,30,16.4,2.455,11.6,6.7,3.0,11.2,9.6,399,7.0,14.4,47,11889.2829758008,756.4419999999999,72.3917210852294,PQ16/11.6
0.089,80,20.5,0.793,20.2,14.3,3.18,14.0,12.5,450,8.8,18.0,8,191.559109844596,360.879,8.36349914922907,PQ20/20
0.082,400,50.0,2.383,50.0,36.1,1.96,32.5,31.5,527,20.0,44.0,38,11154.1847498344,6809.85,349.051718411018,PQ50/50
0.2,200,65.0,2.24,60.0,42.0,11.05,45.0,40.8,24,26.0,55.0,23,3335.9702650379004,1025.82,212.888945454236,PQ65/60
0.144,20,26.5,2.175,24.8,16.1,2.3,19.0,15.5,171,12.0,22.5,88,21274.5731389391,2743.06,766.847162619859,PQ26/25
0.079,40,20.5,2.471,16.2,10.3,3.73,14.0,12.5,568,8.8,18.0,19,1707.05890981366,546.679,18.2709922625127,PQ20/16
0.104,10,20.5,0.62,16.2,10.3,3.83,14.0,12.5,324,8.8,18.0,10,744.921447616553,759.906,15.7305862892321,PQ20/16
0.082,400,32.0,0.388,30.4,21.3,0.78,22.0,19.0,522,13.4,27.5,15,183.819282773708,765.008,115.191008305162,PQ32/30
0.128,10,16.4,1.033,11.6,6.7,1.3,11.2,9.6,216,7.0,14.4,73,3660.40965827614,587.048,360.544972689842,PQ16/11.6
0.082,500,26.5,1.607,24.8,16.1,5.2,19.0,15.5,530,12.0,22.5,9,3067.42022618793,879.961,10.2502149072338,PQ26/25
0.122,180,50.0,1.883,50.0,36.1,10.74,32.5,31.5,239,20.0,44.0,16,12379.0491718957,23164.6,74.4743013296569,PQ50/50
0.2,30,32.0,1.593,20.5,11.5,6.69,22.0,19.0,57,13.4,27.5,28,5102.4729356338,547.886,120.42424842379,PQ32/20
0.085,300,26.5,1.418,20.2,11.5,6.3,19.0,15.5,485,12.0,22.5,7,1635.40823561192,623.314,6.69446979017809,PQ26/20
0.079,150,20.5,2.218,16.2,10.3,3.89,14.0,12.5,559,8.8,18.0,17,3545.18842068191,556.157,16.0008584384395,PQ20/16
0.088,500,26.5,1.852,20.2,11.5,5.54,19.0,15.5,459,12.0,22.5,10,5732.79202139565,568.915,10.9196059907047,PQ26/20
0.083,250,32.0,2.15,20.5,11.5,2.99,22.0,19.0,507,13.4,27.5,21,6733.43963475599,897.9430000000001,52.7975415807401,PQ32/20
0.097,600,40.5,1.955,39.8,29.5,8.65,28.0,28.0,374,14.9,37.0,13,12793.3638627606,8944.14,28.8782518556543,PQ40/40
0.097,100,40.5,1.797,30.3,20.0,1.72,28.0,28.0,377,14.9,37.0,60,11591.6706936172,6127.99,639.624429991448,PQ40/30
0.078,350,50.0,1.686,40.0,26.1,1.64,32.0,31.5,587,20.0,44.0,32,5492.20229468768,5162.58,319.25080005998103,PQ50/40
0.114,80,40.5,2.442,30.3,20.0,2.61,28.0,28.0,273,14.9,37.0,54,14865.8197727425,4133.03,408.167150263193,PQ40/30
0.089,150,20.5,1.841,16.2,10.3,3.72,14.0,12.5,445,8.8,18.0,15,2404.17085236423,349.973,14.5287078020294,PQ20/16
0.143,30,20.5,0.081,20.2,14.3,0.72,14.0,12.5,172,8.8,18.0,10,8.18975714446415,362.953,90.04339409611889,PQ20/20
0.077,150,20.5,0.87,20.2,14.3,2.36,14.0,12.5,590,8.8,18.0,11,360.006855304585,515.911,14.6817252471148,PQ20/20
0.123,30,20.5,0.904,16.2,10.3,2.04,14.0,12.5,232,8.8,18.0,41,3354.98133495407,1403.26,193.820918838955,PQ20/16
0.096,30,16.4,0.811,11.6,6.7,1.15,11.2,9.6,380,7.0,14.4,41,1480.11135521041,455.459,138.73123945042,PQ16/11.6
0.077,60,20.5,2.357,20.2,14.3,1.19,14.0,12.5,588,8.8,18.0,58,4168.2737287492,881.871,186.040547044314,PQ20/20
0.2,180,50.0,0.907,50.0,36.1,10.49,32.5,31.5,52,20.0,44.0,10,1143.0513150396,1826.8,52.5441307323821,PQ50/50
0.2,30,35.1,1.274,34.8,25.0,13.61,26.0,23.5,69,14.3,32.0,12,2654.54547838734,1982.91,31.2963501429096,PQ35/35
0.12,250,40.5,2.096,30.3,20.0,13.0,28.0,28.0,247,14.9,37.0,14,21021.0548511693,9014.69,30.903431657453,PQ40/30
0.092,60,26.5,2.417,24.8,16.1,7.07,19.0,15.5,413,12.0,22.5,10,1450.0846067262,706.774,9.07959063305052,PQ26/25
0.09,150,16.4,0.507,11.6,6.7,1.43,11.2,9.6,432,7.0,14.4,11,218.38020056025,87.0103,14.751351851592801,PQ16/11.6
0.14,30,20.5,0.706,16.2,10.3,2.64,14.0,12.5,179,8.8,18.0,24,1212.78173094059,709.547,81.4587052724332,PQ20/16
0.095,150,35.1,0.469,34.8,25.0,2.7,26.0,23.5,389,14.3,32.0,11,302.561158157453,4710.51,59.5040347225273,PQ35/35
0.173,100,40.5,2.465,39.8,29.5,7.4,28.0,28.0,118,14.9,37.0,29,17172.9387115756,3701.7,120.97230530119701,PQ40/40
0.088,120,32.0,1.312,30.4,21.3,1.83,22.0,19.0,452,13.4,27.5,22,997.272767340487,1073.95,90.08211859442319,PQ32/30
0.157,100,32.0,0.696,30.4,21.3,7.08,22.0,19.0,143,13.4,27.5,9,967.271967567474,1697.43,25.333874850906398,PQ32/30
0.087,120,20.5,2.144,16.2,10.3,2.89,14.0,12.5,466,8.8,18.0,21,3035.98332706201,337.655,25.1167175813903,PQ20/16
0.091,60,32.0,2.228,20.5,11.5,1.12,22.0,19.0,427,13.4,27.5,59,5149.95524839312,695.209,404.721742502572,PQ32/20
0.112,150,32.0,2.359,30.4,21.3,5.33,22.0,19.0,283,13.4,27.5,27,17373.0680210898,3950.9599999999996,85.4120389468902,PQ32/30
0.09,30,20.5,2.398,20.2,14.3,0.83,14.0,12.5,435,8.8,18.0,84,3162.0270811556097,501.595,384.947141834596,PQ20/20
0.054,600,26.5,0.465,20.2,11.5,1.17,19.0,15.5,290,12.0,22.5,23,248.56303721311,822.586,187.119316014618,PQ26/20
0.124,120,26.5,1.034,20.2,11.5,4.61,19.0,15.5,231,12.0,22.5,19,7155.9071316306,1962.7,64.3597958563866,PQ26/20
0.2,20,26.5,1.694,20.2,11.5,6.11,19.0,15.5,20,12.0,22.5,34,1603.44673121182,69.5257,136.102422768975,PQ26/20
0.159,150,40.5,2.107,39.8,29.5,8.18,28.0,28.0,140,14.9,37.0,24,18192.0444675294,5441.3,93.1070468453338,PQ40/40
0.115,150,26.5,0.549,24.8,16.1,3.73,19.0,15.5,265,12.0,22.5,9,523.620536689659,1080.41,24.990008364874697,PQ26/25
0.158,200,32.0,0.573,20.5,11.5,4.87,22.0,19.0,142,13.4,27.5,10,1816.92027272309,855.304,36.4165718634877,PQ32/20
0.081,150,20.5,0.972,20.2,14.3,2.73,14.0,12.5,540,8.8,18.0,11,483.787727933364,505.745,13.4482501404876,PQ20/20
0.195,20,20.5,0.481,16.2,10.3,3.81,14.0,12.5,93,8.8,18.0,16,605.9996511800681,444.228,49.9548837747991,PQ20/16
0.147,20,20.5,1.552,20.2,14.3,3.86,14.0,12.5,164,8.8,18.0,39,5661.6103104849,1503.65,117.091603076663,PQ20/20
0.071,400,50.0,2.193,50.0,36.1,1.04,32.5,31.5,460,20.0,44.0,62,5914.61352663487,4305.82,990.7908583386919,PQ50/50
0.079,10,35.1,1.919,34.8,25.0,1.01,26.0,23.5,563,14.3,32.0,56,1103.56869882351,2536.28,493.776146748672,PQ35/35
0.096,250,32.0,1.328,20.5,11.5,5.65,22.0,19.0,384,13.4,27.5,15,9869.43911820998,3487.06,40.174037287587595,PQ32/20
0.174,40,20.5,0.369,20.2,14.3,3.7,14.0,12.5,116,8.8,18.0,9,170.040593012197,321.23400000000004,19.9069018558311,PQ20/20
0.2,10,26.5,2.263,24.8,16.1,2.56,19.0,15.5,34,12.0,22.5,103,4054.57520345918,253.152,1017.10895438902,PQ26/25
0.17,400,65.0,2.06,60.0,42.0,14.68,45.0,40.8,122,26.0,55.0,12,19377.8633651426,9316.35,61.9244315199386,PQ65/60
0.088,10,26.5,1.33,24.8,16.1,2.3,19.0,15.5,456,12.0,22.5,17,843.052624639435,617.439,42.644144734764296,PQ26/25
0.115,200,26.5,1.169,24.8,16.1,5.43,19.0,15.5,269,12.0,22.5,13,4180.986800010311,1496.36,27.7542947854587,PQ26/25
0.117,40,26.5,0.811,20.2,11.5,0.93,19.0,15.5,256,12.0,22.5,56,2497.34760497687,1049.56,686.682983263225,PQ26/20
0.123,10,26.5,2.417,24.8,16.1,1.28,19.0,15.5,233,12.0,22.5,165,21225.612666280602,4335.38,2472.64196896817,PQ26/25
0.172,180,35.1,1.094,34.8,25.0,14.11,26.0,23.5,119,14.3,32.0,7,2367.11027136699,2016.51,12.0087028912216,PQ35/35
0.2,20,26.5,2.496,20.2,11.5,7.81,19.0,15.5,34,12.0,22.5,40,5878.03170168333,223.725,135.836806813454,PQ26/20
0.077,250,20.5,1.476,20.2,14.3,3.16,14.0,12.5,589,8.8,18.0,15,2358.4983040244197,849.577,18.0054521426697,PQ20/20
0.109,180,35.1,2.226,34.8,25.0,8.06,26.0,23.5,297,14.3,32.0,16,8244.23208235187,5195.41,35.9705100228424,PQ35/35
0.154,200,65.0,1.523,60.0,42.0,3.03,45.0,40.8,149,26.0,55.0,47,25261.3498209681,14700.5,1215.41586847773,PQ65/60
0.153,600,107.0,2.383,87.0,56.0,8.56,70.0,72.5,20,41.0,93.7,36,3842.21916413553,3165.08,1130.65773098408,PQ107/87
0.089,500,32.0,2.218,20.5,11.5,6.42,22.0,19.0,444,13.4,27.5,10,6737.10410208152,701.176,11.6668197785179,PQ32/20
0.1,400,32.0,0.607,20.5,11.5,6.04,22.0,19.0,353,13.4,27.5,6,1222.7351181431202,1836.6899999999998,12.4704808197395,PQ32/20
0.08,150,20.5,1.892,16.2,10.3,2.93,14.0,12.5,546,8.8,18.0,19,2937.0646910424603,475.243,22.7933041857739,PQ20/16
0.126,350,40.5,0.808,30.3,20.0,5.81,28.0,28.0,223,14.9,37.0,12,3886.96635234059,4499.3,48.6314234205067,PQ40/30
0.097,250,26.5,1.865,20.2,11.5,6.36,19.0,15.5,376,12.0,22.5,17,18412.0730995026,2309.68,31.3804077300637,PQ26/20
0.137,50,32.0,2.485,30.4,21.3,5.48,22.0,19.0,187,13.4,27.5,43,24601.263571607502,5961.0599999999995,208.104672394996,PQ32/30
0.158,30,26.5,2.289,24.8,16.1,3.58,19.0,15.5,141,12.0,22.5,55,18247.1588212342,1621.47,287.340602389108,PQ26/25
0.097,300,40.5,1.941,30.3,20.0,12.73,28.0,28.0,376,14.9,37.0,9,6739.10803181469,6866.26,13.5532054189522,PQ40/30
0.107,20,20.5,2.182,16.2,10.3,1.57,14.0,12.5,311,8.8,18.0,79,8270.74706470264,1046.45,350.334767020428,PQ20/16
0.127,120,50.0,0.682,40.0,26.1,2.17,32.0,31.5,219,20.0,44.0,27,2039.59917468881,8420.27,484.069043901768,PQ50/40
0.144,150,40.5,2.273,30.3,20.0,11.6,28.0,28.0,171,14.9,37.0,17,17779.0470108955,4836.02,42.802569381095495,PQ40/30
0.098,350,32.0,0.842,20.5,11.5,4.13,22.0,19.0,369,13.4,27.5,12,3891.56763479173,2159.22,37.7015477225188,PQ32/20
0.096,10,32.0,2.351,20.5,11.5,1.58,22.0,19.0,383,13.4,27.5,90,7729.59875261136,3874.35,900.8757958781559,PQ32/20
0.102,10,20.5,1.698,16.2,10.3,1.69,14.0,12.5,340,8.8,18.0,58,2704.4634779445,1136.94,232.23259269908502,PQ20/16
0.073,600,32.0,0.595,20.5,11.5,2.34,22.0,19.0,387,13.4,27.5,16,1728.05252005868,2475.16,90.22253070199051,PQ32/20
0.2,50,35.1,1.727,34.8,25.0,10.47,26.0,23.5,26,14.3,32.0,19,1472.27298485726,303.236,61.7568456527035,PQ35/35
0.176,120,50.0,2.377,40.0,26.1,7.62,32.0,31.5,114,20.0,44.0,27,23123.5513727712,4568.63,172.362749424291,PQ50/40
0.136,80,26.5,2.088,24.8,16.1,6.31,19.0,15.5,190,12.0,22.5,28,20291.5450001223,2547.6200000000003,80.2537410773555,PQ26/25
0.141,300,35.1,0.877,34.8,25.0,11.85,26.0,23.5,178,14.3,32.0,7,2712.87307190975,4279.56,14.3562330487542,PQ35/35
0.07,600,32.0,0.968,30.4,21.3,2.01,22.0,19.0,534,13.4,27.5,15,1021.2341382058701,1277.68,53.5194058895146,PQ32/30
0.083,350,26.5,1.549,24.8,16.1,2.59,19.0,15.5,518,12.0,22.5,17,3617.33608511884,772.892,37.652328889935504,PQ26/25
0.108,120,26.5,1.541,24.8,16.1,2.94,19.0,15.5,301,12.0,22.5,30,8531.5326668055,1829.23,117.873946354639,PQ26/25
0.2,80,40.5,1.144,30.3,20.0,6.05,28.0,28.0,86,14.9,37.0,22,5700.82839676139,1995.25,123.22330671779399,PQ40/30
0.078,80,20.5,2.143,16.2,10.3,1.61,14.0,12.5,587,8.8,18.0,40,4439.74560580834,616.581,91.1535379810569,PQ20/16
0.078,300,26.5,2.12,20.2,11.5,4.01,19.0,15.5,575,12.0,22.5,16,6933.52539218837,944.912,24.942989751689,PQ26/20
0.117,60,32.0,2.489,30.4,21.3,4.43,22.0,19.0,258,13.4,27.5,32,8283.5865730787,2876.28,114.961613992468,PQ32/30
0.095,300,32.0,2.496,20.5,11.5,7.5,22.0,19.0,395,13.4,27.5,19,37476.3546351716,3619.86,38.1955665505163,PQ32/20
0.137,30,40.5,1.911,30.3,20.0,1.46,28.0,28.0,189,14.9,37.0,127,23768.517999326,6969.74,2733.22003999788,PQ40/30
0.083,250,26.5,2.442,20.2,11.5,3.52,19.0,15.5,511,12.0,22.5,21,9688.36851606596,811.08,38.1084320350925,PQ26/20
0.2,80,50.0,1.753,50.0,36.1,9.85,32.5,31.5,74,20.0,44.0,21,7655.18593235785,5043.33,135.83103784782202,PQ50/50
0.164,120,26.5,0.708,24.8,16.1,7.76,19.0,15.5,131,12.0,22.5,8,1278.63825281332,843.699,15.9355512750986,PQ26/25
0.132,600,107.0,1.568,87.0,56.0,13.49,70.0,72.5,204,41.0,93.7,10,10978.754083183001,65637.3,123.808042903781,PQ107/87
0.078,100,20.5,0.511,16.2,10.3,0.51,14.0,12.5,582,8.8,18.0,29,245.08854075273402,270.803,155.455456058994,PQ20/16
0.113,180,26.5,2.1,24.8,16.1,7.73,19.0,15.5,275,12.0,22.5,17,15155.2735382191,2316.45,29.4424259277842,PQ26/25
0.128,120,40.5,1.969,30.3,20.0,4.44,28.0,28.0,217,14.9,37.0,38,23412.541688554702,6637.71,238.986302327274,PQ40/30
0.12,600,50.0,2.189,40.0,26.1,16.53,32.0,31.5,244,20.0,44.0,12,47251.68380539359,19742.4,36.3480280987507,PQ50/40
0.078,50,26.5,2.14,20.2,11.5,3.23,19.0,15.5,581,12.0,22.5,20,1921.32775863833,954.733,38.6712404994557,PQ26/20
0.096,200,50.0,1.551,50.0,36.1,11.37,32.5,31.5,386,20.0,44.0,8,2526.66539884448,15870.6,21.6919485003806,PQ50/50
0.079,200,20.5,1.924,16.2,10.3,3.76,14.0,12.5,571,8.8,18.0,15,3290.1982171723503,520.633,14.0127861301112,PQ20/16
0.166,80,50.0,0.347,50.0,36.1,0.73,32.5,31.5,97,20.0,44.0,56,584.443161118184,4123.87,3721.9830866224797,PQ50/50
0.1,150,65.0,2.081,60.0,42.0,1.95,45.0,40.8,354,26.0,55.0,65,20520.456178793,27172.7,1800.59192788483,PQ65/60
0.105,180,20.5,0.139,20.2,14.3,0.89,14.0,12.5,321,8.8,18.0,9,30.2503872397206,443.078,45.8690814720219,PQ20/20
0.106,300,32.0,1.564,30.4,21.3,6.51,22.0,19.0,315,13.4,27.5,15,9494.5084579745,4025.36,36.4149146217431,PQ32/30
0.09,120,26.5,1.662,24.8,16.1,2.42,19.0,15.5,440,12.0,22.5,20,1782.2987649141598,632.731,49.2866112274107,PQ26/25
0.103,40,20.5,1.845,20.2,14.3,2.96,14.0,12.5,331,8.8,18.0,39,5907.86855258707,1965.53,102.221652608966,PQ20/20
0.131,30,16.4,0.977,11.6,6.7,3.44,11.2,9.6,205,7.0,14.4,26,3382.77020668871,511.394,47.843080353920904,PQ16/11.6
0.124,60,26.5,1.544,20.2,11.5,3.27,19.0,15.5,231,12.0,22.5,41,17380.3576736859,2489.12,213.911942995892,PQ26/20
0.088,350,26.5,1.626,20.2,11.5,7.39,19.0,15.5,453,12.0,22.5,7,2517.2319461430297,620.267,5.9668977507764,PQ26/20
0.113,150,50.0,1.194,40.0,26.1,6.81,32.0,31.5,276,20.0,44.0,10,1517.4498429485,5520.66,41.3695898104718,PQ50/40
0.11,250,32.0,1.074,20.5,11.5,3.69,22.0,19.0,294,13.4,27.5,17,6257.83129407408,1547.57,61.6118986029596,PQ32/20
0.122,80,32.0,1.347,30.4,21.3,7.09,22.0,19.0,237,13.4,27.5,18,5789.53535952782,6506.21,59.1147567453842,PQ32/30
0.2,20,26.5,0.997,20.2,11.5,2.53,19.0,15.5,53,12.0,22.5,47,2155.54217983224,310.304,406.269233558312,PQ26/20
0.141,180,40.5,1.924,30.3,20.0,14.2,28.0,28.0,177,14.9,37.0,13,14506.0562962946,6008.66,28.4851926882076,PQ40/30
0.096,40,16.4,1.217,11.6,6.7,2.35,11.2,9.6,384,7.0,14.4,31,3469.42839855933,601.267,56.779291614564706,PQ16/11.6
0.2,20,26.5,0.341,24.8,16.1,5.22,19.0,15.5,54,12.0,22.5,8,212.198673491086,301.449,29.849202147432198,PQ26/25
0.194,300,50.0,1.049,40.0,26.1,12.52,32.0,31.5,94,20.0,44.0,10,8574.94452010384,4936.96,46.1652968446477,PQ50/40
0.152,180,50.0,1.168,50.0,36.1,9.49,32.5,31.5,152,20.0,44.0,11,3253.0943018095304,7493.400000000001,51.5952673478005,PQ50/50
0.078,500,50.0,0.581,50.0,36.1,2.23,32.5,31.5,104,20.0,44.0,24,200.34699213558198,2993.61,439.367564310647,PQ50/50
0.149,100,32.0,1.504,20.5,11.5,5.63,22.0,19.0,158,13.4,27.5,23,13705.5640127554,1574.03,85.2185987548706,PQ32/20
0.145,30,32.0,2.204,30.4,21.3,6.36,22.0,19.0,168,13.4,27.5,32,9805.99694478171,4263.63,126.638496798823,PQ32/30
0.117,500,40.5,2.327,39.8,29.5,10.89,28.0,28.0,257,14.9,37.0,13,16457.855430385698,5891.04,25.3685739167764,PQ40/40
0.089,80,16.4,1.09,11.6,6.7,1.87,11.2,9.6,448,7.0,14.4,17,736.754859090742,112.37,18.6931858231031,PQ16/11.6
0.167,20,20.5,1.372,20.2,14.3,2.83,14.0,12.5,126,8.8,18.0,41,3408.5783420148,613.271,142.603102782799,PQ20/20
0.091,10,50.0,1.359,50.0,36.1,6.39,32.5,31.5,427,20.0,44.0,6,3617.21818384785,2568.52,13.5596822016778,PQ50/50
0.079,20,20.5,1.691,16.2,10.3,0.57,14.0,12.5,571,8.8,18.0,88,1651.31214959562,503.939,536.114122766466,PQ20/16
0.08,100,26.5,2.48,24.8,16.1,5.1,19.0,15.5,549,12.0,22.5,15,2742.88250568844,1363.34,19.9973973941611,PQ26/25
0.2,600,65.0,1.018,60.0,42.0,13.39,45.0,40.8,33,26.0,55.0,9,1556.90842580388,1422.99,62.4460638017688,PQ65/60
0.123,80,26.5,0.347,20.2,11.5,0.9,19.0,15.5,185,12.0,22.5,33,619.201214191336,926.087,498.551874286644,PQ26/20
0.124,30,40.5,0.612,39.8,29.5,0.73,28.0,28.0,230,14.9,37.0,79,1156.44779914799,6955.58,2667.35635324088,PQ40/40
0.123,40,35.1,1.502,34.8,25.0,2.06,26.0,23.5,233,14.3,32.0,64,8064.145626380579,7711.509999999999,781.572720626918,PQ35/35
0.101,350,20.5,0.312,20.2,14.3,3.15,14.0,12.5,348,8.8,18.0,6,232.09531105121602,789.875,10.1833133456591,PQ20/20
0.2,40,107.0,1.441,87.0,56.0,16.93,70.0,72.5,25,41.0,93.7,11,5161.43531180405,3900.89,161.125119127011,PQ107/87
0.179,150,35.1,0.756,34.8,25.0,8.12,26.0,23.5,110,14.3,32.0,8,988.778779840128,1286.59,21.160186129136697,PQ35/35
0.092,150,26.5,2.112,20.2,11.5,2.79,19.0,15.5,413,12.0,22.5,22,4401.660654552889,459.502,47.3141805234652,PQ26/20
0.15,50,65.0,1.23,60.0,42.0,18.18,45.0,40.8,156,26.0,55.0,6,3184.20912638017,12615.5,23.6478946791352,PQ65/60
0.096,100,40.5,2.437,30.3,20.0,2.26,28.0,28.0,384,14.9,37.0,63,21995.0720610185,7975.889999999999,556.672611106791,PQ40/30
0.189,50,32.0,1.225,30.4,21.3,4.7,22.0,19.0,99,13.4,27.5,30,6993.830226777671,2051.94,177.289520578903,PQ32/30
0.088,60,16.4,1.992,11.6,6.7,1.88,11.2,9.6,456,7.0,14.4,30,2584.76910428302,137.172,35.2351385565302,PQ16/11.6
0.162,60,40.5,1.993,39.8,29.5,4.39,28.0,28.0,134,14.9,37.0,41,10666.8859990048,4454.34,283.541243951259,PQ40/40
0.132,250,40.5,2.467,39.8,29.5,12.56,28.0,28.0,204,14.9,37.0,19,34947.7935820397,13321.1,51.8884655249713,PQ40/40
0.109,60,35.1,2.081,34.8,25.0,1.47,26.0,23.5,296,14.3,32.0,89,15136.643192174,6096.26,1172.96045481448,PQ35/35
0.092,180,16.4,0.663,11.6,6.7,3.21,11.2,9.6,414,7.0,14.4,6,223.61582359685,76.4387,3.50746176114071,PQ16/11.6
0.05,350,40.5,1.266,39.8,29.5,0.56,28.0,28.0,500,14.9,37.0,72,712.00395320266,2374.24,1234.84346293699,PQ40/40
0.099,200,32.0,0.747,30.4,21.3,4.47,22.0,19.0,363,13.4,27.5,10,1006.47376515467,3194.32,29.442822783309,PQ32/30
0.078,60,40.5,1.447,39.8,29.5,1.44,28.0,28.0,586,14.9,37.0,29,575.239275228282,2688.89,180.621158353027,PQ40/40
0.111,250,35.1,1.33,34.8,25.0,3.5,26.0,23.5,289,14.3,32.0,22,5808.992661199391,3594.31,101.579887874406,PQ35/35
0.078,50,16.4,1.2,11.6,6.7,0.84,11.2,9.6,576,7.0,14.4,45,1616.69713256292,228.385,121.008112880405,PQ16/11.6
0.1,150,65.0,2.139,60.0,42.0,10.65,45.0,40.8,355,26.0,55.0,12,5180.12102078522,26226.0,60.0418609003154,PQ65/60
0.111,500,40.5,0.867,30.3,20.0,4.65,28.0,28.0,288,14.9,37.0,12,3528.76157718388,3440.63,45.8307361271786,PQ40/30
0.149,200,50.0,0.824,40.0,26.1,11.4,32.0,31.5,160,20.0,44.0,7,1873.00622016311,6964.13,27.7139762933854,PQ50/40
0.118,150,32.0,1.215,20.5,11.5,5.87,22.0,19.0,254,13.4,27.5,12,3394.49701935533,1222.66,27.686483436109697,PQ32/20
0.2,20,40.5,1.873,39.8,29.5,14.67,28.0,28.0,30,14.9,37.0,15,4191.2553378421,538.258,39.7694750523268,PQ40/40
0.169,20,32.0,0.855,30.4,21.3,7.78,22.0,19.0,123,13.4,27.5,10,1097.26367518854,1401.35,26.3746023938681,PQ32/30
0.05,600,32.0,1.013,30.4,21.3,0.81,22.0,19.0,584,13.4,27.5,36,718.0517356860539,1252.0800000000002,297.328604196811,PQ32/30
0.084,300,35.1,1.551,34.8,25.0,2.66,26.0,23.5,506,14.3,32.0,17,1867.4744199881602,1757.48,53.709527669642,PQ35/35
0.127,500,50.0,0.579,50.0,36.1,7.03,32.5,31.5,220,20.0,44.0,7,1232.60449781345,9570.23,37.468854864905694,PQ50/50
0.097,40,16.4,1.873,11.6,6.7,3.07,11.2,9.6,375,7.0,14.4,35,7528.63294197612,615.637,50.561403962569,PQ16/11.6
0.126,400,50.0,1.591,50.0,36.1,7.18,32.5,31.5,223,20.0,44.0,19,19585.2850572897,15874.4,120.104068001165,PQ50/50
0.089,60,16.4,1.248,11.6,6.7,1.47,11.2,9.6,449,7.0,14.4,24,936.415904517417,109.757,33.2994039973576,PQ16/11.6
0.135,250,40.5,2.04,39.8,29.5,8.92,28.0,28.0,193,14.9,37.0,20,20548.6154349346,8114.750000000001,66.2325229751023,PQ40/40
0.079,180,32.0,2.28,20.5,11.5,1.55,22.0,19.0,568,13.4,27.5,42,10546.307673048601,1068.8899999999999,201.138526635978,PQ32/20
0.2,30,20.5,0.392,20.2,14.3,3.71,14.0,12.5,48,8.8,18.0,13,155.974877657814,145.651,39.5315601085329,PQ20/20
0.089,100,50.0,1.625,50.0,36.1,2.14,32.5,31.5,447,20.0,44.0,22,824.1597393880869,3293.04,158.071480582757,PQ50/50
0.103,50,16.4,0.912,11.6,6.7,2.9,11.2,9.6,335,7.0,14.4,19,1629.98483176224,421.696,27.0547203320072,PQ16/11.6
0.093,350,32.0,1.903,30.4,21.3,5.28,22.0,19.0,404,13.4,27.5,11,2762.33780263459,1064.84,16.7745298981206,PQ32/30
0.097,60,32.0,2.084,30.4,21.3,1.22,22.0,19.0,375,13.4,27.5,96,16519.6967740621,4979.07,1189.78103308949,PQ32/30
0.11,120,26.5,1.012,24.8,16.1,7.37,19.0,15.5,292,12.0,22.5,8,1245.21584205564,1467.96,11.82780021171,PQ26/25
0.097,50,20.5,1.405,20.2,14.3,1.95,14.0,12.5,372,8.8,18.0,42,4095.75143154202,1706.13,146.739005462242,PQ20/20
0.107,40,20.5,0.742,20.2,14.3,1.48,14.0,12.5,310,8.8,18.0,32,944.9133133130119,1089.72,141.335966268502,PQ20/20
0.083,180,20.5,2.048,16.2,10.3,3.8,14.0,12.5,515,8.8,18.0,16,3559.22415057515,457.518,15.1365382333997,PQ20/16
0.105,120,26.5,2.046,24.8,16.1,6.16,19.0,15.5,323,12.0,22.5,20,11005.8339254533,2775.04,41.6055878665006,PQ26/25
0.102,350,26.5,0.886,24.8,16.1,5.56,19.0,15.5,337,12.0,22.5,10,3445.0204015076097,2191.47,20.6280908380889,PQ26/25
0.134,60,50.0,2.219,50.0,36.1,1.89,32.5,31.5,198,20.0,44.0,111,39733.8683916793,19902.2,3151.11369287851,PQ50/50
0.119,500,50.0,0.465,40.0,26.1,6.18,32.0,31.5,249,20.0,44.0,7,1189.9503541527401,11431.300000000001,45.3111777627006,PQ50/40
0.2,60,32.0,0.444,30.4,21.3,2.45,22.0,19.0,38,13.4,27.5,22,203.557925532579,260.369,221.450026393935,PQ32/30
0.073,400,26.5,0.291,24.8,16.1,1.54,19.0,15.5,359,12.0,22.5,12,160.72333190147302,1655.6599999999999,76.9377136887243,PQ26/25
0.2,600,65.0,0.93,60.0,42.0,12.88,45.0,40.8,27,26.0,55.0,9,1005.3795813537901,1088.6499999999999,67.4253482063803,PQ65/60
0.099,80,20.5,1.522,20.2,14.3,3.95,14.0,12.5,358,8.8,18.0,22,3894.4624442767,1598.94,37.8178047227146,PQ20/20
0.134,150,26.5,0.4,20.2,11.5,3.55,19.0,15.5,198,12.0,22.5,10,822.303571706064,1190.51,40.3992412125637,PQ26/20
0.117,250,40.5,2.262,30.3,20.0,6.74,28.0,28.0,260,14.9,37.0,19,13707.2416861044,3409.8199999999997,53.608536015075,PQ40/30
0.085,350,26.5,1.678,24.8,16.1,5.97,19.0,15.5,486,12.0,22.5,9,2756.64788476625,979.724,9.905024108418829,PQ26/25
0.104,40,20.5,0.739,16.2,10.3,1.8,14.0,12.5,326,8.8,18.0,26,947.54461742038,887.572,91.9820711778318,PQ20/16
0.109,400,50.0,1.635,50.0,36.1,4.67,32.5,31.5,295,20.0,44.0,22,12645.237127807899,12059.900000000001,157.423009150248,PQ50/50
0.097,30,20.5,0.896,20.2,14.3,0.67,14.0,12.5,378,8.8,18.0,78,1975.75210739104,1361.92,721.015984460898,PQ20/20
0.106,40,20.5,1.457,20.2,14.3,3.1,14.0,12.5,312,8.8,18.0,30,3210.70649326212,1611.58,72.79622728741529,PQ20/20
0.099,350,107.0,0.964,87.0,56.0,4.87,70.0,72.5,363,41.0,93.7,12,1600.5403267831,62280.4,269.919845267224,PQ107/87
0.2,40,32.0,1.555,20.5,11.5,5.84,22.0,19.0,48,13.4,27.5,31,4733.06162079493,384.188,150.569524242492,PQ32/20
0.2,250,40.5,0.55,39.8,29.5,7.31,28.0,28.0,41,14.9,37.0,9,328.033419076055,524.021,37.8446482211559,PQ40/40
0.078,500,40.5,2.072,39.8,29.5,4.23,28.0,28.0,583,14.9,37.0,15,3971.68115235269,3930.6299999999997,36.8134418511995,PQ40/40
0.099,150,16.4,0.244,11.6,6.7,2.22,11.2,9.6,363,7.0,14.4,7,145.58872240269898,331.051,11.1603541856405,PQ16/11.6
0.084,350,32.0,2.272,20.5,11.5,3.1,22.0,19.0,503,13.4,27.5,21,10240.3111775352,861.622,50.4379218290408,PQ32/20
0.2,10,35.1,2.118,34.8,25.0,11.71,26.0,23.5,58,14.3,32.0,21,7230.88552528623,1505.08,64.398121453509,PQ35/35
0.115,80,20.5,1.306,20.2,14.3,3.85,14.0,12.5,265,8.8,18.0,21,3247.19152831303,1035.6399999999999,38.8618377577376,PQ20/20
0.084,350,40.5,1.752,39.8,29.5,5.48,28.0,28.0,506,14.9,37.0,10,1518.17081975852,2870.95,18.5561097204438,PQ40/40
0.091,50,16.4,1.629,11.6,6.7,2.1,11.2,9.6,425,7.0,14.4,23,1328.95776193351,127.991,24.5242677961812,PQ16/11.6
0.107,60,26.5,1.771,20.2,11.5,2.87,19.0,15.5,310,12.0,22.5,36,8866.08719183534,1610.98,147.028376243217,PQ26/20
0.099,40,20.5,0.678,16.2,10.3,1.34,14.0,12.5,362,8.8,18.0,32,966.40022358067,1023.78,149.607923155553,PQ20/16
0.2,100,35.1,1.674,34.8,25.0,12.61,26.0,23.5,26,14.3,32.0,15,1320.86975701244,282.474,39.4772966596677,PQ35/35
0.086,120,32.0,2.038,30.4,21.3,5.95,22.0,19.0,482,13.4,27.5,10,1214.60152251894,1364.58,13.1231583123951,PQ32/30
0.102,150,20.5,0.105,16.2,10.3,1.03,14.0,12.5,21,8.8,18.0,12,4.516702775668199,14.7736,105.812374890453,PQ20/16
0.149,180,40.5,0.878,30.3,20.0,6.72,28.0,28.0,160,14.9,37.0,12,2773.04532311765,2984.36,45.4107817682734,PQ40/30
0.162,20,32.0,1.571,30.4,21.3,7.44,22.0,19.0,135,13.4,27.5,20,3569.76940284132,2509.6,64.5141626874789,PQ32/30
0.08,600,40.5,1.024,30.3,20.0,1.8,28.0,28.0,545,14.9,37.0,18,2058.69129943473,1825.78,90.05180934419229,PQ40/30
0.081,50,20.5,2.206,16.2,10.3,1.24,14.0,12.5,535,8.8,18.0,55,4095.70873357133,565.311,168.201029047324,PQ20/16
0.2,30,26.5,1.612,24.8,16.1,5.27,19.0,15.5,37,12.0,22.5,35,2418.5377761066,236.852,154.828342249512,PQ26/25
0.121,180,32.0,0.874,30.4,21.3,5.84,22.0,19.0,240,13.4,27.5,14,3938.4054832556,5172.64,50.7549624497184,PQ32/30
0.09,10,16.4,1.397,11.6,6.7,3.17,11.2,9.6,436,7.0,14.4,14,839.518541489602,149.097,10.3344880391978,PQ16/11.6
0.081,300,32.0,2.072,20.5,11.5,4.19,22.0,19.0,532,13.4,27.5,16,7094.12870769462,1272.6299999999999,31.597920237026305,PQ32/20
0.122,20,35.1,0.594,34.8,25.0,2.48,26.0,23.5,237,14.3,32.0,23,684.148839253648,6327.04,213.70671856895498,PQ35/35
0.2,180,107.0,2.135,87.0,56.0,4.37,70.0,72.5,74,41.0,93.7,58,44777.4494292254,26719.0,3214.0575688950203,PQ107/87
0.155,60,20.5,0.307,16.2,10.3,2.1,14.0,12.5,146,8.8,18.0,13,238.21404201941098,348.633,48.3591928566366,PQ20/16
0.087,600,26.5,1.735,20.2,11.5,6.51,19.0,15.5,466,12.0,22.5,8,4860.9658596421605,577.4110000000001,7.38203485467028,PQ26/20
0.083,60,20.5,1.482,20.2,14.3,2.86,14.0,12.5,517,8.8,18.0,16,735.316703747788,599.57,20.4217190977872,PQ20/20
0.1,40,65.0,1.739,60.0,42.0,14.06,45.0,40.8,355,26.0,55.0,8,6599.09647372451,29188.7,31.553308574202003,PQ65/60
0.092,300,50.0,0.839,40.0,26.1,1.73,32.0,31.5,174,20.0,44.0,45,2621.3015952166998,7330.87,1127.70989813554,PQ50/40
0.126,150,26.5,1.157,24.8,16.1,7.17,19.0,15.5,221,12.0,22.5,14,6761.316207043231,2657.03,32.448142846446,PQ26/25
0.119,50,20.5,1.013,16.2,10.3,3.1,14.0,12.5,249,8.8,18.0,28,4087.0568838738404,1378.93,82.3502486771974,PQ20/16
0.082,150,32.0,2.45,30.4,21.3,1.82,22.0,19.0,520,13.4,27.5,42,7324.33798245597,2081.87,200.428578729451,PQ32/30
0.098,300,50.0,0.543,40.0,26.1,2.25,32.0,31.5,145,20.0,44.0,22,492.75380599103704,4256.62,391.323413625017,PQ50/40
0.2,10,50.0,2.007,50.0,36.1,17.02,32.5,31.5,52,20.0,44.0,15,13689.731547474199,3485.11,62.2750263489331,PQ50/50
0.146,50,40.5,1.402,30.3,20.0,5.35,28.0,28.0,166,14.9,37.0,25,4737.57353025408,4436.62,135.03589179093998,PQ40/30
0.078,120,16.4,1.252,11.6,6.7,2.04,11.2,9.6,579,7.0,14.4,19,1725.92250374728,223.936,20.8424417049876,PQ16/11.6
0.133,40,20.5,1.193,20.2,14.3,3.81,14.0,12.5,201,8.8,18.0,29,4466.06865274606,1685.42,79.613728239538,PQ20/20
0.083,40,20.5,2.227,20.2,14.3,2.94,14.0,12.5,515,8.8,18.0,24,1613.79649372253,824.414,33.3220724693801,PQ20/20
0.175,80,20.5,0.167,20.2,14.3,1.98,14.0,12.5,115,8.8,18.0,8,51.7759185347094,268.051,31.0571710319143,PQ20/20
0.189,120,40.5,1.432,30.3,20.0,11.78,28.0,28.0,99,14.9,37.0,14,8782.757239281,2821.32,41.6910439408914,PQ40/30
0.182,10,16.4,1.333,11.6,6.7,3.83,11.2,9.6,106,7.0,14.4,32,2893.91700470295,178.393,56.127339992472606,PQ16/11.6
0.171,30,32.0,1.479,30.4,21.3,3.75,22.0,19.0,120,13.4,27.5,34,4019.1248982849697,1537.25,195.835738666388,PQ32/30
0.185,120,65.0,1.259,60.0,42.0,3.17,45.0,40.8,99,26.0,55.0,47,15604.9529644694,11731.0,1423.96203594144,PQ65/60
0.078,50,26.5,0.578,24.8,16.1,2.6,19.0,15.5,577,12.0,22.5,7,138.739253436417,775.124,14.4653232342128,PQ26/25
0.133,100,20.5,0.309,16.2,10.3,2.53,14.0,12.5,201,8.8,18.0,11,345.224273873865,646.403,34.4718766701384,PQ20/16
0.085,20,65.0,0.85,60.0,42.0,1.05,45.0,40.8,489,26.0,55.0,23,306.080750275544,4318.2,473.796943781854,PQ65/60
0.101,250,32.0,2.315,20.5,11.5,7.23,22.0,19.0,347,13.4,27.5,20,34181.5926475242,3502.21,45.0515639100669,PQ32/20
0.123,150,26.5,0.411,20.2,11.5,2.17,19.0,15.5,232,12.0,22.5,17,1436.0280937968,1661.49,113.993174709646,PQ26/20
0.11,20,16.4,2.101,11.6,6.7,3.23,11.2,9.6,293,7.0,14.4,37,5172.27335616486,397.525,51.201670355371,PQ16/11.6
0.093,100,50.0,0.237,50.0,36.1,0.74,32.5,31.5,406,20.0,44.0,9,11.8075088424278,1103.19,132.25149110636198,PQ50/50
0.135,400,107.0,2.007,87.0,56.0,3.44,70.0,72.5,177,41.0,93.7,51,49529.3961694712,58189.7,2615.12528403907,PQ107/87
0.155,600,65.0,1.7,60.0,42.0,12.27,45.0,40.8,146,26.0,55.0,12,20304.0446357992,12172.2,72.4100847890028,PQ65/60
0.2,50,50.0,1.231,50.0,36.1,18.09,32.5,31.5,51,20.0,44.0,8,1978.01607651368,2102.2,26.1719231673964,PQ50/50
0.2,120,35.1,0.784,34.8,25.0,6.68,26.0,23.5,69,14.3,32.0,14,1707.86730523131,1293.71,62.977052509945096,PQ35/35
0.135,40,20.5,0.297,20.2,14.3,0.96,14.0,12.5,193,8.8,18.0,27,231.082080757751,685.87,215.414826034481,PQ20/20
0.14,30,20.5,0.54,16.2,10.3,2.46,14.0,12.5,181,8.8,18.0,20,662.137480741577,680.155,70.7181541766536,PQ20/16
0.086,80,35.1,1.196,34.8,25.0,0.82,26.0,23.5,481,14.3,32.0,44,857.358798858704,1520.74,441.43882489917104,PQ35/35
0.082,180,20.5,0.779,16.2,10.3,1.41,14.0,12.5,520,8.8,18.0,16,551.075442469987,267.641,33.3290857277118,PQ20/16
0.083,400,32.0,0.361,20.5,11.5,2.01,22.0,19.0,122,13.4,27.5,17,186.393426614918,744.719,157.836955628967,PQ32/20
0.154,20,20.5,1.374,20.2,14.3,2.87,14.0,12.5,148,8.8,18.0,41,3548.34401859945,848.618,142.420491859035,PQ20/20
0.148,200,50.0,2.465,50.0,36.1,8.17,32.5,31.5,161,20.0,44.0,27,34656.2893166914,12656.800000000001,171.870220046294,PQ50/50
0.153,40,50.0,2.29,40.0,26.1,4.6,32.0,31.5,150,20.0,44.0,43,12213.8969012747,7389.56,450.531946373438,PQ50/40
0.11,600,40.5,2.315,39.8,29.5,12.9,28.0,28.0,294,14.9,37.0,11,17211.3364772762,7657.24,18.2371261999963,PQ40/40
0.2,20,26.5,0.88,20.2,11.5,2.04,19.0,15.5,20,12.0,22.5,50,387.389372603334,46.8725,511.16646971434,PQ26/20
0.104,250,35.1,1.663,34.8,25.0,4.06,26.0,23.5,326,14.3,32.0,24,9797.59570596075,5267.07,101.506755685884,PQ35/35
0.176,50,32.0,0.421,20.5,11.5,1.64,22.0,19.0,114,13.4,27.5,23,634.688174638118,595.326,252.207356823596,PQ32/20
0.135,40,32.0,2.282,20.5,11.5,5.14,22.0,19.0,195,13.4,27.5,40,23230.8959873919,3079.9,182.291623048163,PQ32/20
0.2,180,50.0,1.363,50.0,36.1,10.84,32.5,31.5,35,20.0,44.0,16,2203.21360114484,1374.49,96.4315247083121,PQ50/50
0.098,100,20.5,0.599,20.2,14.3,1.61,14.0,12.5,364,8.8,18.0,21,731.253898009593,947.3439999999999,72.3860761805703,PQ20/20
0.081,500,32.0,2.352,20.5,11.5,4.55,22.0,19.0,536,13.4,27.5,15,11183.7503974888,1020.2800000000001,25.0102129893231,PQ32/20
0.193,80,32.0,0.367,30.4,21.3,2.58,22.0,19.0,95,13.4,27.5,17,616.483902674919,1253.47,155.681759423404,PQ32/30
0.094,350,32.0,0.974,20.5,11.5,1.86,22.0,19.0,403,13.4,27.5,15,1536.52311338029,393.051,52.0499394676042,PQ32/20
0.077,300,26.5,1.362,20.2,11.5,4.91,19.0,15.5,600,12.0,22.5,8,1528.91542945157,739.685,9.0434473640944,PQ26/20
0.2,20,32.0,2.433,20.5,11.5,7.84,22.0,19.0,76,13.4,27.5,37,16911.9374969595,1132.04,148.02937648791902,PQ32/20
0.109,200,26.5,1.701,24.8,16.1,7.1,19.0,15.5,299,12.0,22.5,15,10498.470434073299,2430.61,27.1958551460205,PQ26/25
0.105,350,32.0,1.377,20.5,11.5,6.04,22.0,19.0,321,13.4,27.5,13,10153.2634457112,1904.8,29.2842749435839,PQ32/20
0.083,60,50.0,2.232,40.0,26.1,4.43,32.0,31.5,507,20.0,44.0,15,1512.92160946257,4087.67,55.8971467727909,PQ50/40
0.079,600,32.0,2.37,20.5,11.5,6.25,22.0,19.0,568,13.4,27.5,12,13170.1314753939,1430.91,15.902230632802802,PQ32/20
0.069,400,40.5,0.647,39.8,29.5,1.37,28.0,28.0,440,14.9,37.0,14,111.014570707323,1098.8899999999999,79.8507233849496,PQ40/40
0.102,200,26.5,1.985,24.8,16.1,5.67,19.0,15.5,342,12.0,22.5,20,15183.8093907926,2640.76,42.6621576419784,PQ26/25
0.139,300,107.0,2.167,87.0,56.0,2.83,70.0,72.5,146,41.0,93.7,66,41543.4973061657,40902.799999999996,4108.93287633863,PQ107/87
0.097,80,26.5,2.44,20.2,11.5,2.98,19.0,15.5,378,12.0,22.5,48,27265.8195792293,2700.2000000000003,199.423958843687,PQ26/20
0.077,600,32.0,1.364,20.5,11.5,3.53,22.0,19.0,600,13.4,27.5,12,4719.71333640985,1179.81,25.1479195851177,PQ32/20
0.2,600,65.0,1.19,60.0,42.0,15.93,45.0,40.8,60,26.0,55.0,9,6999.04548755035,4772.43,54.7294199167306,PQ65/60
0.2,180,50.0,0.722,50.0,36.1,8.86,32.5,31.5,69,20.0,44.0,10,1331.12701453832,3232.78,63.5841966657113,PQ50/50
0.099,200,40.5,1.43,30.3,20.0,2.2,28.0,28.0,363,14.9,37.0,38,9826.17890320951,5264.12,306.959472861678,PQ40/30
0.08,250,50.0,1.912,40.0,26.1,1.31,32.0,31.5,552,20.0,44.0,43,5853.01863904556,4273.86,520.250109219699,PQ50/40
0.078,100,20.5,1.721,20.2,14.3,3.3,14.0,12.5,573,8.8,18.0,15,1114.8605969463902,666.078,15.9614449126228,PQ20/20
0.079,180,35.1,1.865,34.8,25.0,1.07,26.0,23.5,570,14.3,32.0,51,4667.84669568935,2492.36,418.890863993972,PQ35/35
0.142,350,35.1,1.201,34.8,25.0,11.34,26.0,23.5,176,14.3,32.0,9,5919.29227786706,3683.1,18.4248914051421,PQ35/35
0.109,350,40.5,2.293,39.8,29.5,7.86,28.0,28.0,299,14.9,37.0,18,16281.8324906724,7962.73,49.174594084765396,PQ40/40
0.102,300,32.0,1.216,30.4,21.3,4.27,22.0,19.0,341,13.4,27.5,17,6158.21041088698,3607.21,57.1963601787148,PQ32/30
0.118,80,40.5,0.868,30.3,20.0,1.41,28.0,28.0,252,14.9,37.0,35,1307.97925799787,1940.33,389.672356527533,PQ40/30
0.181,60,26.5,1.171,20.2,11.5,5.33,19.0,15.5,108,12.0,22.5,19,4826.44085559612,541.037,57.9179094103018,PQ26/20
0.078,350,20.5,1.003,20.2,14.3,2.99,14.0,12.5,585,8.8,18.0,10,957.061362601483,547.119,10.8449333126116,PQ20/20
0.083,80,20.5,1.042,20.2,14.3,0.84,14.0,12.5,512,8.8,18.0,36,795.399897359734,409.374,136.364349141615,PQ20/20
0.08,50,20.5,1.984,16.2,10.3,1.01,14.0,12.5,551,8.8,18.0,58,3321.19913989761,501.327,204.186092824317,PQ20/16
0.077,180,20.5,1.8,16.2,10.3,3.55,14.0,12.5,589,8.8,18.0,15,2597.38949415867,544.097,14.7902031605035,PQ20/16
0.108,600,26.5,0.184,24.8,16.1,1.78,19.0,15.5,302,12.0,22.5,6,124.309630586419,818.473,28.7684963927738,PQ26/25
0.123,600,50.0,1.445,50.0,36.1,12.26,32.5,31.5,234,20.0,44.0,11,16851.1288381377,20707.7,43.4391443800009,PQ50/50
0.088,500,32.0,2.201,30.4,21.3,4.7,22.0,19.0,459,13.4,27.5,14,6364.82543896943,1382.48,24.2403598736964,PQ32/30
0.171,150,50.0,1.085,40.0,26.1,3.54,32.0,31.5,120,20.0,44.0,26,5890.90845412826,3242.61,303.089100675425,PQ50/40
0.167,500,65.0,1.78,60.0,42.0,12.2,45.0,40.8,126,26.0,55.0,13,21241.9544700698,10186.7,81.849073544732,PQ65/60
0.139,80,26.5,0.627,20.2,11.5,2.33,19.0,15.5,183,12.0,22.5,23,2225.20131860261,1091.48,144.46494324148802,PQ26/20
0.11,30,40.5,1.069,39.8,29.5,0.5,28.0,28.0,291,14.9,37.0,127,2142.68169696752,4231.09,4389.46697983458,PQ40/40
0.086,300,26.5,2.187,24.8,16.1,5.62,19.0,15.5,476,12.0,22.5,11,3613.9640265052,779.828,11.9237625525456,PQ26/25
0.087,400,35.1,2.35,34.8,25.0,3.01,26.0,23.5,469,14.3,32.0,22,6352.17032306363,1823.34,65.2423810787294,PQ35/35
0.095,60,32.0,2.434,20.5,11.5,3.14,22.0,19.0,393,13.4,27.5,48,21573.8190087501,4387.96,248.989311935251,PQ32/20
0.1,50,20.5,1.903,20.2,14.3,3.1,14.0,12.5,355,8.8,18.0,36,6405.9249106424195,1929.09,84.970226097513,PQ20/20
0.086,350,32.0,1.648,30.4,21.3,3.83,22.0,19.0,476,13.4,27.5,13,2477.79423474603,1278.03,26.2348962531876,PQ32/30
0.08,350,35.1,1.065,34.8,25.0,1.5,26.0,23.5,556,14.3,32.0,23,1716.39573585531,2236.46,132.265751079895,PQ35/35
0.092,600,40.5,2.066,39.8,29.5,3.62,28.0,28.0,420,14.9,37.0,17,5037.61345088162,2011.34,47.3412913364733,PQ40/40
0.2,100,32.0,0.627,20.5,11.5,6.36,22.0,19.0,43,13.4,27.5,12,709.1836186087161,248.194,48.5696897897552,PQ32/20
0.105,350,35.1,1.956,34.8,25.0,7.95,26.0,23.5,318,14.3,32.0,15,12517.4355780976,6205.93,34.9203311925265,PQ35/35
0.087,600,32.0,1.25,30.4,21.3,3.61,22.0,19.0,465,13.4,27.5,10,1756.17643843692,936.234,19.3488569777701,PQ32/30
0.122,350,50.0,2.1,40.0,26.1,10.72,32.0,31.5,238,20.0,44.0,17,33924.239855291,16516.4,75.4692058628497,PQ50/40
0.2,350,65.0,1.6,60.0,42.0,14.04,45.0,40.8,61,26.0,55.0,13,9777.96466331541,4875.71,89.3761740193808,PQ65/60
0.081,300,32.0,0.366,30.4,21.3,1.49,22.0,19.0,64,13.4,27.5,28,70.8138275751718,536.818,423.464332528322,PQ32/30
0.091,250,20.5,0.893,20.2,14.3,2.64,14.0,12.5,422,8.8,18.0,10,525.853666410099,276.665,11.8875184716091,PQ20/20
0.087,150,32.0,2.176,30.4,21.3,7.81,22.0,19.0,465,13.4,27.5,9,1740.84387913424,1738.83,10.1115103625471,PQ32/30
0.111,250,40.5,1.091,30.3,20.0,7.45,28.0,28.0,287,14.9,37.0,9,2020.44298914315,3383.26,21.3868213163914,PQ40/30
0.092,200,26.5,1.843,20.2,11.5,2.93,19.0,15.5,415,12.0,22.5,18,3694.45173020141,423.343,35.5245840045949,PQ26/20
0.2,50,35.1,1.823,34.8,25.0,8.26,26.0,23.5,36,14.3,32.0,25,2248.90694988856,540.489,102.578131554758,PQ35/35
0.19,40,40.5,0.747,39.8,29.5,1.79,28.0,28.0,98,14.9,37.0,53,2715.99031006821,3483.23,1020.40636960628,PQ40/40
0.097,100,26.5,2.312,24.8,16.1,3.28,19.0,15.5,372,12.0,22.5,42,22001.5869137984,3701.26,166.030152024502,PQ26/25
0.158,60,65.0,1.177,60.0,42.0,9.09,45.0,40.8,141,26.0,55.0,11,1804.57513441318,9163.29,82.4565498921268,PQ65/60
0.153,400,50.0,1.106,40.0,26.1,16.94,32.0,31.5,150,20.0,44.0,6,4564.21598452301,6108.62,15.8860067949097,PQ50/40
0.2,10,32.0,1.08,30.4,21.3,0.92,22.0,19.0,73,13.4,27.5,136,3497.20142234941,1114.47,4032.99804696279,PQ32/30
0.083,120,16.4,0.57,11.6,6.7,1.01,11.2,9.6,517,7.0,14.4,16,275.046071199496,99.2891,28.2903733468813,PQ16/11.6
0.104,350,32.0,0.894,30.4,21.3,4.98,22.0,19.0,324,13.4,27.5,11,2616.9798241118597,3006.78,30.7266236431687,PQ32/30
0.097,40,35.1,2.095,34.8,25.0,0.68,26.0,23.5,376,14.3,32.0,183,19004.6267111185,8236.89,4930.1489984806,PQ35/35
0.083,250,20.5,1.451,20.2,14.3,3.55,14.0,12.5,514,8.8,18.0,13,2008.68412512011,636.0649999999999,13.6996605713613,PQ20/20
0.093,80,16.4,0.472,11.6,6.7,0.77,11.2,9.6,406,7.0,14.4,19,177.638087410514,76.3117,46.767525738399,PQ16/11.6
0.105,400,40.5,0.556,39.8,29.5,3.62,28.0,28.0,319,14.9,37.0,9,533.48966671642,3480.45,37.393848403923,PQ40/40
0.133,20,50.0,2.123,40.0,26.1,10.27,32.0,31.5,201,20.0,44.0,20,10139.6129854293,16202.3,103.594952532095,PQ50/40
0.095,150,32.0,1.302,30.4,21.3,2.53,22.0,19.0,387,13.4,27.5,30,5750.04063770346,4449.82,168.605591749632,PQ32/30
0.079,300,26.5,1.52,24.8,16.1,2.89,19.0,15.5,564,12.0,22.5,15,2601.24538802504,904.843,29.7844829478235,PQ26/25
0.137,80,26.5,1.153,24.8,16.1,5.61,19.0,15.5,188,12.0,22.5,18,4859.39118894809,2035.6,53.7837753768183,PQ26/25
0.081,10,65.0,2.081,60.0,42.0,1.83,45.0,40.8,541,26.0,55.0,36,3036.45003893185,10377.8,552.117303211576,PQ65/60
0.121,50,40.5,2.451,39.8,29.5,11.22,28.0,28.0,240,14.9,37.0,19,8561.02767538945,13411.4,52.1564019817566,PQ40/40
0.126,30,16.4,0.603,11.6,6.7,2.06,11.2,9.6,221,7.0,14.4,28,1554.7388590882501,534.579,82.7556872805066,PQ16/11.6
0.14,100,50.0,1.733,40.0,26.1,6.66,32.0,31.5,179,20.0,44.0,23,9809.26062167445,9373.63,161.358861109539,PQ50/40
0.133,100,32.0,0.739,30.4,21.3,2.49,22.0,19.0,201,13.4,27.5,27,2897.9335825377198,3229.61,216.787026841295,PQ32/30
0.136,20,20.5,0.66,16.2,10.3,1.51,14.0,12.5,190,8.8,18.0,39,1141.22243953203,767.066,227.513721236027,PQ20/16
0.14,20,20.5,1.083,16.2,10.3,3.0,14.0,12.5,179,8.8,18.0,33,2733.50586565312,920.439,108.400667316705,PQ20/16
0.084,150,20.5,2.49,20.2,14.3,3.44,14.0,12.5,497,8.8,18.0,21,4107.7569678234295,652.03,23.3420791138552,PQ20/20
0.11,120,20.5,0.413,16.2,10.3,3.95,14.0,12.5,293,8.8,18.0,6,187.702361684349,439.959,7.98008980074054,PQ20/16
0.125,80,50.0,1.684,40.0,26.1,1.93,32.0,31.5,226,20.0,44.0,84,30862.6153931802,17642.4,2204.20027436563,PQ50/40
0.079,150,20.5,1.723,20.2,14.3,2.1,14.0,12.5,560,8.8,18.0,24,2501.55767144725,663.158,40.8184509426115,PQ20/20
0.1,400,50.0,1.581,40.0,26.1,5.04,32.0,31.5,354,20.0,44.0,20,14335.7891184856,13368.8,131.424097967125,PQ50/40
0.079,300,20.5,0.756,16.2,10.3,2.44,14.0,12.5,561,8.8,18.0,10,671.084329165396,400.89599999999996,13.3493649883843,PQ20/16
0.097,180,32.0,2.315,20.5,11.5,5.38,22.0,19.0,376,13.4,27.5,27,33537.9773374225,4104.85,82.1067484460632,PQ32/20
0.2,400,65.0,1.979,60.0,42.0,16.78,45.0,40.8,30,26.0,55.0,14,4975.84808940405,1621.63,87.1353471254667,PQ65/60
0.078,180,20.5,2.179,20.2,14.3,3.6,14.0,12.5,582,8.8,18.0,19,4249.0459742889,989.304,21.2586701595683,PQ20/20
0.109,250,32.0,0.543,30.4,21.3,1.78,22.0,19.0,292,13.4,27.5,18,1026.09815516804,1788.6200000000001,124.646252215758,PQ32/30
0.107,250,35.1,2.114,34.8,25.0,5.04,26.0,23.5,310,14.3,32.0,24,14812.6896639119,5289.21,84.2317209088613,PQ35/35
0.138,150,35.1,1.489,34.8,25.0,5.9,26.0,23.5,185,14.3,32.0,23,11113.8358440844,5476.87,101.58127082058,PQ35/35
0.08,180,20.5,1.925,20.2,14.3,3.13,14.0,12.5,554,8.8,18.0,18,2814.06128636716,693.5,21.0258245218334,PQ20/20
0.068,500,65.0,1.407,60.0,42.0,1.47,45.0,40.8,129,26.0,55.0,90,3117.93372130879,11007.3,4759.36304597778,PQ65/60
0.18,500,50.0,1.274,40.0,26.1,17.37,32.0,31.5,109,20.0,44.0,7,9248.66643369293,3965.9,19.2171226340316,PQ50/40
0.135,350,40.5,0.754,30.3,20.0,5.96,28.0,28.0,195,14.9,37.0,11,3169.13149930655,3481.08,43.2777730558173,PQ40/30
0.083,400,32.0,1.665,30.4,21.3,4.09,22.0,19.0,517,13.4,27.5,13,3298.8388258263203,1735.32,26.024837783926998,PQ32/30
0.092,600,26.5,0.774,24.8,16.1,3.87,19.0,15.5,420,12.0,22.5,6,644.544591566889,436.235,8.3080065257612,PQ26/25
0.182,300,50.0,1.024,40.0,26.1,13.75,32.0,31.5,106,20.0,44.0,7,3580.77915391826,3301.13,23.0649889116607,PQ50/40
0.096,60,50.0,2.465,50.0,36.1,9.09,32.5,31.5,382,20.0,44.0,16,5539.86454029996,20911.9,60.3130803583879,PQ50/50
0.085,100,20.5,2.004,16.2,10.3,2.71,14.0,12.5,486,8.8,18.0,21,2296.38354348431,363.595,26.5474463237499,PQ20/16
0.188,40,35.1,1.535,34.8,25.0,5.11,26.0,23.5,100,14.3,32.0,35,8283.13793051841,3407.83,229.70258101030097,PQ35/35
0.077,120,32.0,2.172,20.5,11.5,1.21,22.0,19.0,596,13.4,27.5,54,9075.64907403792,1316.47,345.778715498898,PQ32/20
0.089,100,20.5,1.383,16.2,10.3,1.83,14.0,12.5,446,8.8,18.0,24,1696.66345309364,346.915,46.9724248559553,PQ20/16
0.116,300,40.5,2.237,30.3,20.0,13.33,28.0,28.0,264,14.9,37.0,10,9636.29128740086,4005.62,14.9821338107916,PQ40/30
0.086,20,20.5,1.679,20.2,14.3,3.41,14.0,12.5,479,8.8,18.0,15,818.466380873615,543.298,16.2771317777907,PQ20/20
0.095,200,35.1,2.045,34.8,25.0,3.49,26.0,23.5,392,14.3,32.0,34,16080.951691623899,8171.18,173.405193707348,PQ35/35
0.087,500,32.0,1.098,30.4,21.3,2.75,22.0,19.0,471,13.4,27.5,12,1506.18040580829,988.746,30.933051308714703,PQ32/30
0.14,120,40.5,0.279,30.3,20.0,1.5,28.0,28.0,145,14.9,37.0,18,198.272511911568,1834.39,270.544237774853,PQ40/30
0.116,600,50.0,1.48,50.0,36.1,7.83,32.5,31.5,264,20.0,44.0,12,8959.98970811314,9556.46,50.6827185908783,PQ50/50
0.106,180,16.4,0.308,11.6,6.7,2.69,11.2,9.6,313,7.0,14.4,7,244.696591261102,244.148,9.12578817761512,PQ16/11.6
0.114,350,26.5,0.333,24.8,16.1,3.48,19.0,15.5,273,12.0,22.5,6,302.65162976957,1007.75,17.0967382310623,PQ26/25
0.2,10,20.5,0.324,20.2,14.3,1.33,14.0,12.5,55,8.8,18.0,31,131.06111861060398,190.066,264.126536673946,PQ20/20
0.117,60,35.1,1.963,34.8,25.0,8.89,26.0,23.5,259,14.3,32.0,13,2843.96593439276,3889.24,26.1699179319906,PQ35/35
0.132,60,50.0,1.887,50.0,36.1,3.69,32.5,31.5,203,20.0,44.0,49,13736.9974791319,19717.7,696.918903321364,PQ50/50
0.078,300,32.0,2.209,20.5,11.5,3.19,22.0,19.0,586,13.4,27.5,20,8189.794579935769,1147.57,46.7831573107751,PQ32/20
0.086,400,26.5,2.047,24.8,16.1,5.98,19.0,15.5,474,12.0,22.5,11,5457.99715417553,1049.95,12.5802124810474,PQ26/25
0.099,180,32.0,1.065,30.4,21.3,4.76,22.0,19.0,362,13.4,27.5,13,2153.40620739192,3488.13,37.222807993783604,PQ32/30
0.155,10,40.5,0.786,39.8,29.5,0.74,28.0,28.0,146,14.9,37.0,97,887.977801402863,3141.83,3277.30139584392,PQ40/40
0.125,150,35.1,1.818,34.8,25.0,8.17,26.0,23.5,227,14.3,32.0,21,16341.215712724501,9979.36,72.5006584393015,PQ35/35
0.094,300,35.1,2.278,34.8,25.0,3.85,26.0,23.5,402,14.3,32.0,17,3651.93399054805,1417.67,39.8914409910279,PQ35/35
0.148,150,35.1,2.017,34.8,25.0,11.49,26.0,23.5,162,14.3,32.0,17,16960.9254664161,6066.42,43.8455053025612,PQ35/35
0.099,100,20.5,0.439,20.2,14.3,1.2,14.0,12.5,360,8.8,18.0,22,473.474575504995,952.389,102.765727422692,PQ20/20
0.095,20,16.4,0.656,11.6,6.7,0.5,11.2,9.6,388,7.0,14.4,75,1128.18922546428,403.524,552.477231398123,PQ16/11.6
0.087,400,50.0,1.771,50.0,36.1,2.96,32.5,31.5,468,20.0,44.0,19,3324.96472821146,4783.75,109.98184465598,PQ50/50
0.122,100,40.5,1.701,30.3,20.0,2.94,28.0,28.0,239,14.9,37.0,50,19823.8847448377,7467.8,463.98436867347596,PQ40/30
0.08,100,32.0,1.211,20.5,11.5,2.21,22.0,19.0,546,13.4,27.5,17,948.098001257643,940.767,55.7023367096827,PQ32/20
0.085,120,20.5,1.834,16.2,10.3,2.36,14.0,12.5,488,8.8,18.0,23,2766.3257364836,387.98,34.2676371500154,PQ20/16
0.115,50,16.4,0.363,11.6,6.7,1.42,11.2,9.6,268,7.0,14.4,15,200.194124212917,175.173,36.397919421767995,PQ16/11.6
0.103,300,40.5,1.65,39.8,29.5,7.87,28.0,28.0,331,14.9,37.0,13,5557.58783550956,7778.030000000001,32.8426736900527,PQ40/40
0.123,350,40.5,2.214,30.3,20.0,14.47,28.0,28.0,234,14.9,37.0,13,28247.8246992681,7964.49,25.5424515389705,PQ40/30
0.107,350,32.0,0.672,30.4,21.3,4.87,22.0,19.0,308,13.4,27.5,8,1000.20329788815,2067.37,20.5714123212353,PQ32/30
0.084,500,26.5,1.375,20.2,11.5,3.85,19.0,15.5,503,12.0,22.5,11,3911.91347700741,641.256,16.9533733602875,PQ26/20
0.079,120,26.5,2.251,20.2,11.5,1.21,19.0,15.5,567,12.0,22.5,53,9105.54043534222,787.336,260.28700424621996,PQ26/20
0.121,100,50.0,2.273,40.0,26.1,15.0,32.0,31.5,241,20.0,44.0,14,12852.7527535692,20768.0,48.043155470792904,PQ50/40
0.2,600,107.0,1.6,87.0,56.0,13.91,70.0,72.5,48,41.0,93.7,14,9219.11407604439,11434.6,238.693240068836,PQ107/87
0.2,20,32.0,0.71,20.5,11.5,6.46,22.0,19.0,76,13.4,27.5,13,1031.2445322844,684.116,51.2013213331563,PQ32/20
0.131,500,40.5,0.641,39.8,29.5,6.21,28.0,28.0,207,14.9,37.0,9,1961.07555496639,4769.38,33.3288773862497,PQ40/40
0.13,80,40.5,0.484,30.3,20.0,0.74,28.0,28.0,208,14.9,37.0,55,1342.79219007277,2995.6299999999997,1570.43930994179,PQ40/30
0.082,500,26.5,1.895,20.2,11.5,6.31,19.0,15.5,526,12.0,22.5,9,5350.94046045918,743.094,8.67282711463767,PQ26/20
0.084,60,40.5,1.137,39.8,29.5,2.76,28.0,28.0,495,14.9,37.0,13,363.494540409424,2147.33,43.783325722979704,PQ40/40
0.079,100,32.0,1.518,30.4,21.3,2.61,22.0,19.0,572,13.4,27.5,17,891.0928965790849,1563.08,47.8982473240748,PQ32/30
0.077,30,35.1,2.121,34.8,25.0,3.83,26.0,23.5,599,14.3,32.0,16,1462.37504266193,2837.02,37.3180914573508,PQ35/35
0.069,600,40.5,2.191,39.8,29.5,2.07,28.0,28.0,496,14.9,37.0,31,4383.40075570562,2717.14,150.733000926955,PQ40/40
0.2,200,65.0,1.756,60.0,42.0,8.9,45.0,40.8,44,26.0,55.0,24,7459.33707109662,3282.58,282.367313050781,PQ65/60
0.13,40,35.1,1.999,34.8,25.0,5.73,26.0,23.5,210,14.3,32.0,30,7225.09994238572,7177.469999999999,137.526994613836,PQ35/35
0.08,250,40.5,1.895,30.3,20.0,2.85,28.0,28.0,554,14.9,37.0,20,2963.8159015278898,2289.39,68.117183505587,PQ40/30
0.142,10,20.5,1.274,16.2,10.3,3.81,14.0,12.5,174,8.8,18.0,30,2480.0485182764496,900.212,78.4204179913568,PQ20/16
0.172,250,65.0,0.9,60.0,42.0,3.16,45.0,40.8,119,26.0,55.0,25,5225.01678843917,6598.72,534.045517103062,PQ65/60
0.1,500,65.0,2.135,60.0,42.0,3.82,45.0,40.8,351,26.0,55.0,34,36296.6877072545,26906.2,482.426193612423,PQ65/60
0.081,600,26.5,1.047,20.2,11.5,4.59,19.0,15.5,541,12.0,22.5,7,1776.74748856896,646.057,8.63562142785215,PQ26/20
0.078,350,50.0,2.024,40.0,26.1,1.14,32.0,31.5,549,20.0,44.0,54,10835.3684344308,4729.14,783.202533485796,PQ50/40
0.133,150,32.0,1.023,30.4,21.3,5.7,22.0,19.0,201,13.4,27.5,16,4707.47618722628,3564.57,58.324636084318506,PQ32/30
0.079,60,32.0,1.262,30.4,21.3,1.76,22.0,19.0,566,13.4,27.5,23,653.545937136887,1780.95,101.561461032408,PQ32/30
0.116,350,65.0,0.299,60.0,42.0,0.73,45.0,40.8,199,26.0,55.0,37,661.81596118196,12217.0,3021.8947728964,PQ65/60
0.097,180,40.5,0.767,39.8,29.5,1.16,28.0,28.0,326,14.9,37.0,41,1730.54209960859,4884.74,595.931037168878,PQ40/40
0.093,180,40.5,0.889,39.8,29.5,0.95,28.0,28.0,408,14.9,37.0,27,448.20182117856797,1045.01,229.490209608533,PQ40/40
0.102,50,20.5,0.52,20.2,14.3,1.79,14.0,12.5,341,8.8,18.0,18,338.319203025281,1004.85,59.7366623965227,PQ20/20
0.099,200,40.5,1.524,39.8,29.5,1.95,28.0,28.0,357,14.9,37.0,44,8538.42545272371,6642.25,399.701283229271,PQ40/40
0.2,180,50.0,2.342,50.0,36.1,17.69,32.5,31.5,74,20.0,44.0,15,18338.6271944999,5406.54,55.1964717910508,PQ50/50
0.2,100,40.5,2.171,39.8,29.5,14.8,28.0,28.0,64,14.9,37.0,17,8121.50976511452,2288.39,45.7177813572508,PQ40/40
0.151,300,40.5,0.829,30.3,20.0,7.47,28.0,28.0,154,14.9,37.0,10,3157.7279151839098,2584.43,33.0754352054649,PQ40/30
0.079,100,20.5,2.073,20.2,14.3,1.9,14.0,12.5,561,8.8,18.0,31,2846.72115861833,690.041,58.8341893062274,PQ20/20
0.129,200,40.5,1.478,39.8,29.5,8.67,28.0,28.0,212,14.9,37.0,15,7059.81749687827,7966.74,47.6307657686296,PQ40/40
0.153,500,50.0,1.561,50.0,36.1,14.15,32.5,31.5,151,20.0,44.0,10,14003.1662392915,8930.53,33.7690782875366,PQ50/50
0.088,600,35.1,1.83,34.8,25.0,9.37,26.0,23.5,454,14.3,32.0,6,1998.98261546312,1848.72,5.8792454655428,PQ35/35
0.061,500,26.5,0.34,24.8,16.1,1.23,19.0,15.5,384,12.0,22.5,16,168.747307887762,1529.46,119.42573491139099,PQ26/25
0.095,150,20.5,0.32,16.2,10.3,1.49,14.0,12.5,393,8.8,18.0,13,287.813040024089,790.219,46.6471461437696,PQ20/16
0.2,60,40.5,2.132,30.3,20.0,7.81,28.0,28.0,49,14.9,37.0,31,6490.64499908335,921.653,149.39695299523999,PQ40/30
0.115,50,40.5,1.648,30.3,20.0,3.83,28.0,28.0,269,14.9,37.0,25,2622.64053002328,3239.93,118.847768161361,PQ40/30
0.086,120,20.5,0.715,20.2,14.3,2.55,14.0,12.5,477,8.8,18.0,9,203.232891149104,376.528,11.5164697014434,PQ20/20
0.099,50,20.5,1.458,16.2,10.3,3.66,14.0,12.5,358,8.8,18.0,23,3144.14501230417,1163.36,41.2965415386811,PQ20/16
0.158,30,32.0,1.738,30.4,21.3,2.95,22.0,19.0,141,13.4,27.5,55,9779.835871317,2770.16,450.995889428699,PQ32/30
0.2,50,35.1,2.324,34.8,25.0,14.15,26.0,23.5,81,14.3,32.0,20,12650.1971424803,3304.38,54.4132476363961,PQ35/35
0.104,500,32.0,0.507,30.4,21.3,3.1,22.0,19.0,326,13.4,27.5,10,1098.56867481744,2339.82,40.7562113604628,PQ32/30
0.117,300,40.5,1.277,39.8,29.5,8.31,28.0,28.0,259,14.9,37.0,9,2185.46438596955,3623.81,19.1855214770332,PQ40/40
0.15,50,26.5,2.213,20.2,11.5,7.23,19.0,15.5,156,12.0,22.5,29,22682.1019820292,1760.12,79.0157372210823,PQ26/20
0.079,350,20.5,0.148,20.2,14.3,1.68,14.0,12.5,28,8.8,18.0,10,7.24411066573799,31.0219,53.9140672157512,PQ20/20
0.13,20,20.5,1.292,16.2,10.3,3.07,14.0,12.5,210,8.8,18.0,38,4300.12399638635,1304.05,124.52517687752,PQ20/16
0.2,120,50.0,1.249,40.0,26.1,7.33,32.0,31.5,72,20.0,44.0,21,7302.42917250226,3541.94,176.056003352641,PQ50/40
0.078,80,35.1,2.496,34.8,25.0,1.66,26.0,23.5,577,14.3,32.0,47,3839.31132856086,3686.54,284.21347307076,PQ35/35
0.117,600,32.0,0.429,20.5,11.5,6.32,22.0,19.0,170,13.4,27.5,6,862.63061675562,1206.26,16.8847434331649,PQ32/20
0.095,120,32.0,2.177,30.4,21.3,3.21,22.0,19.0,394,13.4,27.5,40,16850.2406635149,6341.08,199.704271866643,PQ32/30
0.132,40,26.5,1.268,20.2,11.5,3.88,19.0,15.5,204,12.0,22.5,30,6884.35917144836,2090.14,135.142711229559,PQ26/20
0.128,50,65.0,2.435,60.0,42.0,6.74,45.0,40.8,214,26.0,55.0,35,15087.3776640061,39330.6,460.794029546044,PQ65/60
0.105,300,32.0,1.45,30.4,21.3,5.25,22.0,19.0,320,13.4,27.5,16,7568.14740489384,3272.7400000000002,44.0213991356251,PQ32/30
0.16,30,26.5,0.559,20.2,11.5,1.29,19.0,15.5,137,12.0,22.5,37,1073.97775816138,612.97,412.98952885506196,PQ26/20
0.2,120,50.0,0.753,50.0,36.1,5.14,32.5,31.5,45,20.0,44.0,17,681.714337475443,1308.6,177.322775349658,PQ50/50
0.194,50,40.5,2.245,30.3,20.0,7.66,28.0,28.0,94,14.9,37.0,37,26592.7278194069,4128.55,204.676935455264,PQ40/30
0.087,120,20.5,0.706,16.2,10.3,1.13,14.0,12.5,470,8.8,18.0,20,479.81887076860204,273.179,56.5093658847635,PQ20/16
0.162,100,26.5,0.975,20.2,11.5,6.1,19.0,15.5,135,12.0,22.5,15,5236.18134151174,937.338,42.162752598141594,PQ26/20
0.125,30,20.5,1.398,20.2,14.3,2.88,14.0,12.5,227,8.8,18.0,41,5264.621188061729,1805.5,140.51503609591,PQ20/20
0.132,50,32.0,1.4,20.5,11.5,5.22,22.0,19.0,202,13.4,27.5,26,9103.57366543486,3226.29,115.596055962327,PQ32/20
0.128,60,107.0,1.007,87.0,56.0,7.24,70.0,72.5,214,41.0,93.7,12,2151.81730735675,61319.5,260.370741714463,PQ107/87
0.2,100,50.0,1.634,50.0,36.1,6.94,32.5,31.5,63,20.0,44.0,27,7009.74642506899,3399.21,237.493603485087,PQ50/50
0.1,350,40.5,0.703,30.3,20.0,2.8,28.0,28.0,351,14.9,37.0,16,2087.1700928986597,4382.61,96.8888929082302,PQ40/30
0.073,150,16.4,0.114,11.6,6.7,0.6,11.2,9.6,582,7.0,14.4,6,5.62929309319832,96.3438,16.017364866253498,PQ16/11.6
0.113,80,32.0,1.317,20.5,11.5,3.73,22.0,19.0,276,13.4,27.5,22,4463.26350191687,1793.96,87.0224132513277,PQ32/20
0.092,500,35.1,1.33,34.8,25.0,7.1,26.0,23.5,415,14.3,32.0,6,992.910112266035,1444.14,7.55205940506255,PQ35/35
0.2,40,40.5,1.225,30.3,20.0,10.3,28.0,28.0,36,14.9,37.0,15,1414.82222690753,511.244,54.2249513990976,PQ40/30
0.132,50,32.0,1.335,20.5,11.5,5.99,22.0,19.0,203,13.4,27.5,21,6649.12592401886,2966.05,78.4501573038785,PQ32/20
0.097,180,26.5,1.492,24.8,16.1,4.34,19.0,15.5,378,12.0,22.5,22,11411.4482107807,3698.52,65.04417062767651,PQ26/25
0.101,60,16.4,0.629,11.6,6.7,1.8,11.2,9.6,349,7.0,14.4,22,1157.10041839407,428.767,49.2754363850519,PQ16/11.6
0.132,180,20.5,0.234,20.2,14.3,3.36,14.0,12.5,203,8.8,18.0,6,138.915881744577,667.004,13.0354755438745,PQ20/20
0.134,150,40.5,1.346,39.8,29.5,12.53,28.0,28.0,196,14.9,37.0,10,3710.24512769148,7585.4,22.7439364109902,PQ40/40
0.125,50,40.5,1.775,30.3,20.0,1.61,28.0,28.0,225,14.9,37.0,95,19780.6423200967,6806.48,1619.13489716188,PQ40/30
0.192,300,107.0,2.457,87.0,56.0,6.19,70.0,72.5,79,41.0,93.7,45,66437.2606047176,28406.7,1722.0563283113,PQ107/87
0.084,60,16.4,1.83,11.6,6.7,2.07,11.2,9.6,501,7.0,14.4,25,1898.3237550679,158.077,26.2971010944364,PQ16/11.6
0.138,40,20.5,0.91,20.2,14.3,3.37,14.0,12.5,186,8.8,18.0,26,2594.38557440526,1388.56,79.2740751124765,PQ20/20
0.153,30,16.4,0.558,11.6,6.7,3.09,11.2,9.6,150,7.0,14.4,17,827.919992033184,244.954,32.5305684820495,PQ16/11.6
0.113,180,32.0,2.441,30.4,21.3,6.1,22.0,19.0,274,13.4,27.5,23,16335.6288106294,3279.35,60.354374140488,PQ32/30
0.077,60,65.0,1.795,60.0,42.0,6.15,45.0,40.8,588,26.0,55.0,9,1681.13857007865,10472.0,38.9020963127594,PQ65/60
0.14,50,26.5,1.448,20.2,11.5,3.21,19.0,15.5,181,12.0,22.5,41,14046.1612503252,1737.08,225.700159916627,PQ26/20
0.116,500,32.0,0.983,30.4,21.3,7.56,22.0,19.0,262,13.4,27.5,8,3351.50589278794,2158.76,15.0451213176957,PQ32/30
0.079,100,20.5,1.055,16.2,10.3,1.58,14.0,12.5,569,8.8,18.0,21,906.200892344717,458.555,44.7898217703552,PQ20/16
0.156,350,35.1,0.927,34.8,25.0,13.26,26.0,23.5,145,14.3,32.0,6,2435.1592134610496,2316.75,10.076068166782,PQ35/35
0.079,40,16.4,2.239,11.6,6.7,2.13,11.2,9.6,569,7.0,14.4,33,2979.60225798837,283.284,38.5982245359992,PQ16/11.6
0.094,600,50.0,1.68,40.0,26.1,7.37,32.0,31.5,396,20.0,44.0,14,15327.308499844201,15355.0,61.2889052950888,PQ50/40
0.172,150,50.0,0.664,40.0,26.1,3.41,32.0,31.5,28,20.0,44.0,25,348.169042952289,546.057,425.321854423916,PQ50/40
0.077,100,26.5,1.426,20.2,11.5,4.81,19.0,15.5,599,12.0,22.5,9,889.200974621783,855.265,11.0142522457247,PQ26/20
0.182,120,32.0,0.743,20.5,11.5,7.37,22.0,19.0,106,13.4,27.5,9,1842.26710406629,619.739,23.600684473131203,PQ32/20
0.084,200,26.5,1.555,20.2,11.5,2.41,19.0,15.5,495,12.0,22.5,19,3014.93103765214,587.4730000000001,45.6508661067487,PQ26/20
0.077,120,20.5,1.163,16.2,10.3,1.33,14.0,12.5,599,8.8,18.0,28,1750.69255988116,551.578,73.5525709613667,PQ20/16
0.143,10,32.0,0.422,30.4,21.3,2.99,22.0,19.0,172,13.4,27.5,13,486.217867403007,1985.85,80.6881566596938,PQ32/30
0.131,600,50.0,1.979,50.0,36.1,18.75,32.5,31.5,207,20.0,44.0,10,29116.6510763062,20274.2,27.9699501621908,PQ50/50
0.151,600,50.0,0.799,50.0,36.1,8.38,32.5,31.5,155,20.0,44.0,9,4320.97436864386,7520.43,47.2526433030192,PQ50/50
0.153,300,26.5,0.475,24.8,16.1,7.36,19.0,15.5,150,12.0,22.5,6,1150.0858274114,1070.84,12.5910793423427,PQ26/25
0.131,10,26.5,0.851,24.8,16.1,1.44,19.0,15.5,206,12.0,22.5,50,1231.38254575148,1912.03,533.674291147828,PQ26/25
0.158,100,26.5,0.697,24.8,16.1,3.97,19.0,15.5,141,12.0,22.5,15,1768.25796748672,895.281,56.7500376035789,PQ26/25
0.084,180,26.5,1.742,20.2,11.5,1.73,19.0,15.5,498,12.0,22.5,29,4871.78704136301,588.095,96.7024955237968,PQ26/20
0.12,250,50.0,0.903,40.0,26.1,2.8,32.0,31.5,247,20.0,44.0,28,7907.44872133667,12045.9,410.00612621817,PQ50/40
0.083,50,26.5,2.179,24.8,16.1,0.51,19.0,15.5,511,12.0,22.5,122,6638.17265003521,907.843,1471.0137901063101,PQ26/25
0.2,200,50.0,2.024,50.0,36.1,16.17,32.5,31.5,72,20.0,44.0,15,16336.8744689066,5452.33,61.8821581922274,PQ50/50
0.111,10,16.4,0.955,11.6,6.7,1.34,11.2,9.6,285,7.0,14.4,42,923.1455655105541,299.749,127.24430781965,PQ16/11.6
0.082,600,32.0,2.0,20.5,11.5,5.74,22.0,19.0,523,13.4,27.5,11,8773.43549089415,1131.21,15.3778033358616,PQ32/20
0.186,300,107.0,2.375,87.0,56.0,7.21,70.0,72.5,67,41.0,93.7,40,40622.7113166939,24780.4,1399.26711868699,PQ107/87
0.094,120,26.5,0.516,24.8,16.1,1.37,19.0,15.5,400,12.0,22.5,23,909.209893212526,2221.6,172.062385905016,PQ26/25
0.115,350,26.5,0.187,24.8,16.1,2.47,19.0,15.5,58,12.0,22.5,9,30.1081212923184,264.04,64.0913934314694,PQ26/25
0.088,180,20.5,2.005,20.2,14.3,3.91,14.0,12.5,451,8.8,18.0,15,2477.5779283666,489.649,14.1513349097044,PQ20/20
0.077,10,20.5,0.285,16.2,10.3,0.7,14.0,12.5,597,8.8,18.0,13,58.6689673557398,297.924,51.56317171764341,PQ20/16
0.117,250,32.0,1.694,30.4,21.3,7.72,22.0,19.0,257,13.4,27.5,13,7196.574281749869,2540.88,25.6788824259353,PQ32/30
0.116,350,32.0,0.454,20.5,11.5,3.24,22.0,19.0,261,13.4,27.5,9,1008.0564179879199,1169.0100000000002,36.123284050247,PQ32/20
0.134,400,26.5,0.523,24.8,16.1,7.86,19.0,15.5,197,12.0,22.5,6,1765.21879505841,1700.3500000000001,11.588133875315,PQ26/25
0.162,60,20.5,0.367,20.2,14.3,4.0,14.0,12.5,134,8.8,18.0,8,187.444349626828,382.76,15.8092700319994,PQ20/20
0.095,100,20.5,0.162,20.2,14.3,0.93,14.0,12.5,394,8.8,18.0,10,29.3586413676507,668.25,49.590651310561604,PQ20/20
0.2,10,32.0,1.746,20.5,11.5,3.54,22.0,19.0,26,13.4,27.5,61,2331.0089733093,152.521,529.624160137928,PQ32/20
0.169,80,40.5,1.254,30.3,20.0,7.17,28.0,28.0,123,14.9,37.0,15,2848.5798320016,1846.02,53.1894749263473,PQ40/30
0.109,150,65.0,1.176,60.0,42.0,7.67,45.0,40.8,295,26.0,55.0,9,1299.70373161583,13460.3,55.151892511596,PQ65/60
0.098,400,26.5,0.582,24.8,16.1,5.52,19.0,15.5,368,12.0,22.5,6,874.187980576635,1661.69,10.5690341781803,PQ26/25
0.092,60,40.5,0.886,39.8,29.5,1.47,28.0,28.0,418,14.9,37.0,18,178.00431956102,1200.04,102.26122109909,PQ40/40
0.102,50,20.5,1.786,20.2,14.3,3.33,14.0,12.5,341,8.8,18.0,32,5314.30190197902,1804.84,70.6038739940566,PQ20/20
0.105,40,26.5,2.23,24.8,16.1,1.4,19.0,15.5,320,12.0,22.5,92,17204.3997026892,2565.88,820.894038144822,PQ26/25
0.155,180,40.5,1.345,39.8,29.5,6.51,28.0,28.0,146,14.9,37.0,20,8217.06274504769,4843.91,91.046705166058,PQ40/40
0.118,250,50.0,1.169,50.0,36.1,2.52,32.5,31.5,255,20.0,44.0,29,5488.46788960107,7615.16,358.074420065849,PQ50/50
0.122,500,40.5,0.406,39.8,29.5,5.81,28.0,28.0,237,14.9,37.0,6,505.19137697491,4827.5,21.6594524558475,PQ40/40
0.2,40,26.5,0.785,20.2,11.5,5.83,19.0,15.5,85,12.0,22.5,16,2332.1637086021897,674.577,57.6948972523374,PQ26/20
0.084,180,32.0,1.558,30.4,21.3,2.27,22.0,19.0,499,13.4,27.5,22,2210.84886056496,1585.61,78.62707723615961,PQ32/30
0.1,150,32.0,2.273,30.4,21.3,3.61,22.0,19.0,356,13.4,27.5,36,19100.3086175562,4946.53,156.342145353176,PQ32/30
0.135,80,35.1,1.724,34.8,25.0,3.91,26.0,23.5,195,14.3,32.0,38,11923.0004364179,5747.07,247.281489022195,PQ35/35
0.147,100,40.5,1.217,30.3,20.0,3.8,28.0,28.0,164,14.9,37.0,29,6710.07582912605,3524.89,203.61523132617,PQ40/30
0.114,10,40.5,0.226,30.3,20.0,0.96,28.0,28.0,273,14.9,37.0,15,109.991545719086,1804.28,224.80445394054098,PQ40/30
0.161,250,32.0,0.606,30.4,21.3,6.9,22.0,19.0,136,13.4,27.5,8,1423.5110813214,1447.82,22.460601488719103,PQ32/30
0.077,500,40.5,1.033,39.8,29.5,1.99,28.0,28.0,382,14.9,37.0,30,3010.44144826289,6368.11,251.511927700876,PQ40/40
0.09,100,16.4,2.099,11.6,6.7,3.91,11.2,9.6,436,7.0,14.4,17,3331.90322333843,172.311,10.8433383562975,PQ16/11.6
0.081,350,32.0,1.494,30.4,21.3,2.81,22.0,19.0,542,13.4,27.5,17,3067.77490043419,1805.8799999999999,48.4785166945708,PQ32/30
0.101,180,26.5,2.137,24.8,16.1,6.17,19.0,15.5,347,12.0,22.5,22,20961.926470885,3729.49,48.6453952071257,PQ26/25
0.16,40,50.0,1.174,40.0,26.1,1.9,32.0,31.5,137,20.0,44.0,60,5704.63433727077,6075.79,1512.29747105075,PQ50/40
0.111,40,16.4,0.964,11.6,6.7,2.73,11.2,9.6,288,7.0,14.4,20,1355.99816941223,275.65099999999995,28.6152903615953,PQ16/11.6
0.078,400,32.0,2.329,30.4,21.3,4.17,22.0,19.0,584,13.4,27.5,18,8425.98200560487,2714.8500000000004,38.3311774318935,PQ32/30
0.086,600,32.0,2.157,20.5,11.5,7.62,22.0,19.0,472,13.4,27.5,9,8217.19633091327,994.197,9.66986472955769,PQ32/20
0.2,200,50.0,1.351,40.0,26.1,11.09,32.0,31.5,25,20.0,44.0,14,1215.0468132737499,441.653,73.319730822548,PQ50/40
0.142,120,32.0,1.481,30.4,21.3,6.46,22.0,19.0,174,13.4,27.5,22,11843.5808154591,3982.95,81.7965478829794,PQ32/30
0.2,40,40.5,1.922,39.8,29.5,3.99,28.0,28.0,61,14.9,37.0,55,7086.06726426675,1870.26,524.306061457121,PQ40/40
0.2,40,16.4,0.104,11.6,6.7,1.61,11.2,9.6,26,7.0,14.4,8,7.60141897458295,11.5936,31.0115145382736,PQ16/11.6
0.088,600,35.1,0.903,34.8,25.0,3.17,26.0,23.5,452,14.3,32.0,9,778.474381817878,1323.6399999999999,23.1282106306425,PQ35/35
0.08,350,26.5,2.108,20.2,11.5,3.63,19.0,15.5,546,12.0,22.5,17,7883.48177703061,780.026,28.284035045345203,PQ26/20
0.153,180,50.0,1.701,40.0,26.1,7.01,32.0,31.5,150,20.0,44.0,21,14259.3271885811,6369.79,136.579639924915,PQ50/40
0.12,300,35.1,2.034,34.8,25.0,11.5,26.0,23.5,245,14.3,32.0,15,22610.1607714023,9288.96,33.9034486206765,PQ35/35
0.165,80,35.1,1.333,34.8,25.0,4.47,26.0,23.5,130,14.3,32.0,27,5729.76612485044,2675.91,152.772396965469,PQ35/35
0.093,120,20.5,0.8,16.2,10.3,1.34,14.0,12.5,407,8.8,18.0,19,568.23401059375,221.82399999999998,45.9953924618079,PQ20/16
0.2,150,50.0,2.083,50.0,36.1,11.95,32.5,31.5,39,20.0,44.0,20,5044.36846503586,1618.23,107.531444395849,PQ50/50
0.085,60,32.0,1.21,20.5,11.5,1.85,22.0,19.0,492,13.4,27.5,20,722.974184342566,747.589,77.1490946817405,PQ32/20
0.15,30,20.5,0.245,20.2,14.3,0.74,14.0,12.5,156,8.8,18.0,28,115.797241257965,398.077,272.936901835542,PQ20/20
0.087,500,26.5,1.554,24.8,16.1,4.27,19.0,15.5,466,12.0,22.5,11,3707.1874857940397,752.905,15.7346540464689,PQ26/25
0.109,300,26.5,1.295,20.2,11.5,7.45,19.0,15.5,297,12.0,22.5,10,6588.61375177385,1252.5,14.749331355931801,PQ26/20
0.113,80,26.5,2.351,20.2,11.5,4.79,19.0,15.5,277,12.0,22.5,29,15663.1711012476,1532.55,75.0412178904565,PQ26/20
0.112,500,40.5,2.252,39.8,29.5,11.13,28.0,28.0,279,14.9,37.0,13,17131.1373262586,7690.43,25.9892908655687,PQ40/40
0.101,50,26.5,1.05,20.2,11.5,0.78,19.0,15.5,346,12.0,22.5,77,5606.11077484976,1498.34,1042.86980616988,PQ26/20
0.128,150,35.1,0.314,34.8,25.0,0.97,26.0,23.5,206,14.3,32.0,28,489.991935189353,2868.97,543.3720593914729,PQ35/35
0.084,100,32.0,1.801,30.4,21.3,5.57,22.0,19.0,499,13.4,27.5,10,1003.43906082687,1577.62,14.4712640449974,PQ32/30
0.117,300,65.0,1.469,60.0,42.0,6.21,45.0,40.8,257,26.0,55.0,14,4352.31084538325,11743.9,110.994837088627,PQ65/60
0.137,600,50.0,1.798,50.0,36.1,14.21,32.5,31.5,188,20.0,44.0,11,21922.5139681834,12816.6,36.4974412358105,PQ50/50
0.2,150,50.0,1.886,50.0,36.1,13.29,32.5,31.5,69,20.0,44.0,17,11333.512941740199,4847.64,84.0075588649549,PQ50/50
0.123,50,20.5,0.677,16.2,10.3,3.65,14.0,12.5,235,8.8,18.0,16,1184.60092337765,1044.18,37.4667217864032,PQ20/16
0.11,30,32.0,1.849,20.5,11.5,5.66,22.0,19.0,290,13.4,27.5,21,4415.12439522281,2440.39,59.7798633423476,PQ32/20
0.2,60,50.0,2.258,50.0,36.1,13.63,32.5,31.5,77,20.0,44.0,20,10811.5809068316,6688.78,100.914277151304,PQ50/50
0.178,80,50.0,0.88,40.0,26.1,1.93,32.0,31.5,111,20.0,44.0,44,4546.73598612407,3611.96,1035.0846851050198,PQ50/40
0.113,600,40.5,1.578,39.8,29.5,11.03,28.0,28.0,276,14.9,37.0,9,7161.18311863474,5646.94,16.279008314518,PQ40/40
0.05,600,40.5,1.045,30.3,20.0,0.85,28.0,28.0,460,14.9,37.0,36,408.391201456734,1082.71,354.030078838036,PQ40/30
0.108,80,26.5,1.967,24.8,16.1,3.95,19.0,15.5,304,12.0,22.5,29,9212.1384998803,2239.69,90.3258166058585,PQ26/25
0.137,80,40.5,0.318,30.3,20.0,1.09,28.0,28.0,46,14.9,37.0,37,80.5427277191586,472.387,1021.87896064588,PQ40/30
0.2,100,35.1,1.477,34.8,25.0,11.58,26.0,23.5,46,14.3,32.0,15,2558.41339496319,824.234,43.5172408639306,PQ35/35
0.084,400,26.5,1.455,20.2,11.5,4.97,19.0,15.5,503,12.0,22.5,9,2835.67958111688,652.717,10.8269304415521,PQ26/20
0.104,20,20.5,0.908,16.2,10.3,3.64,14.0,12.5,328,8.8,18.0,15,803.521585818389,866.973,25.8357013227712,PQ20/16
0.153,20,26.5,1.934,24.8,16.1,6.93,19.0,15.5,150,12.0,22.5,25,5996.50296661395,1838.55,68.0810401898598,PQ26/25
0.121,100,32.0,0.619,20.5,11.5,7.33,22.0,19.0,241,13.4,27.5,8,1259.59585718273,3070.77,21.8168556336765,PQ32/20
0.106,100,26.5,1.659,24.8,16.1,2.92,19.0,15.5,314,12.0,22.5,33,9334.62944835402,2152.29,134.349735133245,PQ26/25
0.131,300,26.5,0.538,20.2,11.5,7.67,19.0,15.5,205,12.0,22.5,6,1594.59215011597,1256.64,11.2237755368424,PQ26/20
0.083,30,35.1,1.789,34.8,25.0,5.66,26.0,23.5,513,14.3,32.0,10,1525.25893040884,2451.23,16.618388198461,PQ35/35
0.093,200,50.0,2.043,50.0,36.1,5.02,32.5,31.5,409,20.0,44.0,12,1380.00341092055,3332.73,39.240530753345006,PQ50/50
0.089,10,40.5,2.078,39.8,29.5,1.58,28.0,28.0,448,14.9,37.0,39,1407.46639866487,2237.07,248.183444487917,PQ40/40
0.078,300,26.5,1.627,24.8,16.1,4.61,19.0,15.5,582,12.0,22.5,11,2626.35911143306,1243.81,15.162269425614701,PQ26/25
0.125,300,107.0,1.932,87.0,56.0,2.82,70.0,72.5,220,41.0,93.7,61,48856.4984207461,89697.8,3862.45873651105,PQ107/87
0.2,120,40.5,1.263,39.8,29.5,12.27,28.0,28.0,63,14.9,37.0,12,2504.95205205919,1616.89,34.4416748517182,PQ40/40
0.105,120,35.1,0.45,34.8,25.0,0.78,26.0,23.5,164,14.3,32.0,49,410.908209984372,2066.59,1224.9255433413,PQ35/35
0.137,40,16.4,0.3,11.6,6.7,1.41,11.2,9.6,188,7.0,14.4,19,310.416371773992,256.924,68.7714583241919,PQ16/11.6
0.098,400,32.0,1.506,30.4,21.3,6.79,22.0,19.0,365,13.4,27.5,14,11103.9767029601,5332.4,32.6885344633487,PQ32/30
0.124,150,32.0,0.602,20.5,11.5,4.53,22.0,19.0,230,13.4,27.5,12,2085.30594658413,2469.82,50.284607707782,PQ32/20
0.093,20,40.5,2.254,30.3,20.0,7.36,28.0,28.0,410,14.9,37.0,9,2917.76963471965,1372.5400000000002,12.0674299332886,PQ40/30
0.145,500,50.0,0.57,50.0,36.1,5.61,32.5,31.5,158,20.0,44.0,9,1431.02228501758,5763.07,62.7973971518113,PQ50/50
0.2,120,107.0,1.928,87.0,56.0,15.94,70.0,72.5,56,41.0,93.7,14,5067.51502048448,14345.0,203.870749011427,PQ107/87
0.115,40,35.1,0.747,34.8,25.0,1.36,26.0,23.5,266,14.3,32.0,32,524.298452954272,2322.86,341.559406537844,PQ35/35
0.143,80,32.0,1.452,30.4,21.3,4.37,22.0,19.0,172,13.4,27.5,30,9239.918957226972,3292.45,154.60893771419,PQ32/30
0.2,10,20.5,0.305,16.2,10.3,0.72,14.0,12.5,42,8.8,18.0,50,88.1067471650853,73.4305,721.143724828958,PQ20/16
0.099,400,35.1,1.229,34.8,25.0,4.24,26.0,23.5,361,14.3,32.0,17,6253.16457907133,5310.42,64.5575784249138,PQ35/35
0.096,20,20.5,0.967,20.2,14.3,1.24,14.0,12.5,379,8.8,18.0,45,997.460191503367,1390.66,226.19892101284202,PQ20/20
0.166,100,20.5,0.271,20.2,14.3,3.15,14.0,12.5,128,8.8,18.0,8,163.959219178037,367.525,20.454550896134702,PQ20/20
0.093,150,20.5,1.838,20.2,14.3,3.26,14.0,12.5,410,8.8,18.0,17,2198.71377147451,424.142,19.471619775435,PQ20/20
0.055,400,32.0,0.424,20.5,11.5,0.62,22.0,19.0,567,13.4,27.5,20,113.117979257073,582.906,189.36576538347902,PQ32/20
0.127,500,65.0,1.069,60.0,42.0,5.06,45.0,40.8,81,26.0,55.0,26,4215.62378597681,8334.01,500.095816183875,PQ65/60
0.2,60,40.5,1.058,30.3,20.0,9.24,28.0,28.0,57,14.9,37.0,13,1324.83648548401,847.248,45.8164534591936,PQ40/30
0.2,80,40.5,2.063,39.8,29.5,9.47,28.0,28.0,86,14.9,37.0,27,17928.6436579191,4528.1,119.81634337419,PQ40/40
0.141,100,26.5,1.127,20.2,11.5,4.93,19.0,15.5,178,12.0,22.5,20,7949.737871926,1372.59,66.32643511720589,PQ26/20
0.08,500,35.1,0.489,34.8,25.0,0.88,26.0,23.5,458,14.3,32.0,17,233.115540919814,944.789,137.130168381639,PQ35/35
0.2,180,35.1,0.417,34.8,25.0,6.24,26.0,23.5,68,14.3,32.0,8,407.425150930398,979.43,34.8848435877389,PQ35/35
0.168,200,32.0,0.286,20.5,11.5,4.24,22.0,19.0,125,13.4,27.5,6,300.53556888697705,622.3689999999999,24.1696054122486,PQ32/20
0.084,60,20.5,1.478,16.2,10.3,1.96,14.0,12.5,502,8.8,18.0,22,961.936759200667,354.466,37.3826021620627,PQ20/16
0.169,30,50.0,0.774,50.0,36.1,6.19,32.5,31.5,124,20.0,44.0,11,813.583085999221,4104.5199999999995,72.4704259846684,PQ50/50
0.124,80,35.1,1.914,34.8,25.0,3.56,26.0,23.5,231,14.3,32.0,48,19319.1897949316,9128.05,364.035540400839,PQ35/35
0.116,30,26.5,0.978,20.2,11.5,5.65,19.0,15.5,263,12.0,22.5,11,1084.57330389018,1163.3,22.6059501935207,PQ26/20
0.2,200,50.0,1.566,50.0,36.1,16.49,32.5,31.5,69,20.0,44.0,11,6541.5318344536,4019.5,40.7604091505089,PQ50/50
0.191,150,35.1,1.233,34.8,25.0,14.12,26.0,23.5,97,14.3,32.0,10,5596.48287466195,2728.45,22.299983791741898,PQ35/35
0.134,30,20.5,0.548,16.2,10.3,2.52,14.0,12.5,198,8.8,18.0,20,702.985231861134,817.67,69.82505831565311,PQ20/16
0.2,60,40.5,1.454,30.3,20.0,6.81,28.0,28.0,57,14.9,37.0,26,4179.53695835684,1183.8200000000002,141.999692464665,PQ40/30
0.114,500,50.0,1.947,40.0,26.1,11.61,32.0,31.5,271,20.0,44.0,10,11639.9329844996,7638.29,27.7471899855638,PQ50/40
0.094,50,32.0,1.336,30.4,21.3,7.87,22.0,19.0,398,13.4,27.5,10,1774.10977416859,4887.7,18.3470437610961,PQ32/30
0.087,150,20.5,1.797,16.2,10.3,3.38,14.0,12.5,468,8.8,18.0,15,2031.16260027331,317.03,14.8156237889128,PQ20/16
0.082,400,26.5,1.545,24.8,16.1,3.1,19.0,15.5,522,12.0,22.5,15,3918.2049304604298,919.467,29.411956707852,PQ26/25
0.117,600,50.0,0.309,40.0,26.1,2.35,32.0,31.5,117,20.0,44.0,12,209.427165539533,2379.98,190.078142566591,PQ50/40
0.083,350,26.5,1.65,20.2,11.5,3.77,19.0,15.5,516,12.0,22.5,13,4199.08710516289,660.407,20.3222408422337,PQ26/20
0.137,600,107.0,2.496,87.0,56.0,8.41,70.0,72.5,165,41.0,93.7,28,66583.13816222259,68743.09999999999,657.405639195701,PQ107/87
0.088,150,32.0,1.391,30.4,21.3,4.98,22.0,19.0,460,13.4,27.5,8,559.782658558242,949.412,11.3758989647333,PQ32/30
0.2,180,40.5,1.011,39.8,29.5,13.69,28.0,28.0,67,14.9,37.0,9,2147.70115915046,1791.99,23.0728536900321,PQ40/40
0.2,50,40.5,2.202,39.8,29.5,8.28,28.0,28.0,38,14.9,37.0,32,3725.88144294162,984.487,160.245732042605,PQ40/40
0.2,50,50.0,1.77,40.0,26.1,15.56,32.0,31.5,47,20.0,44.0,14,3682.63375837433,1905.19,58.7806722650705,PQ50/40
0.092,120,32.0,1.005,20.5,11.5,2.12,22.0,19.0,415,13.4,27.5,14,583.8530933713389,461.034,44.1872449974762,PQ32/20
0.11,500,26.5,0.125,24.8,16.1,2.06,19.0,15.5,67,12.0,22.5,7,14.2164672185668,281.674,55.228026340581,PQ26/25
0.132,180,40.5,0.959,30.3,20.0,4.19,28.0,28.0,204,14.9,37.0,21,5607.6827585502,4843.73,129.426637728106,PQ40/30
0.154,150,50.0,0.22,50.0,36.1,1.09,32.5,31.5,37,20.0,44.0,25,31.3262352246721,677.333,1095.41014943084,PQ50/50
0.085,300,32.0,1.403,30.4,21.3,1.89,22.0,19.0,489,13.4,27.5,23,2917.23172875059,1319.18,93.3165341973949,PQ32/30
0.097,200,32.0,1.62,20.5,11.5,3.45,22.0,19.0,377,13.4,27.5,27,16568.284275444,2792.31,110.316945942206,PQ32/20
0.184,400,65.0,1.474,60.0,42.0,8.29,45.0,40.8,104,26.0,55.0,16,15037.8921797083,6781.02,144.715394268993,PQ65/60
0.085,80,16.4,2.343,11.6,6.7,3.65,11.2,9.6,488,7.0,14.4,20,3660.10412551293,213.455,13.642812851526,PQ16/11.6
0.1,40,40.5,0.993,39.8,29.5,1.82,28.0,28.0,353,14.9,37.0,33,912.62330571687,6080.26,313.941458219102,PQ40/40
0.12,200,26.5,0.305,24.8,16.1,1.88,19.0,15.5,244,12.0,22.5,14,616.648076410313,1848.31,100.64816584502499,PQ26/25
0.128,10,16.4,2.243,11.6,6.7,2.51,11.2,9.6,217,7.0,14.4,76,12862.596869888901,656.911,204.734662297749,PQ16/11.6
0.102,150,32.0,0.752,20.5,11.5,3.51,22.0,19.0,341,13.4,27.5,13,1614.8169590507,1955.02,48.6993646202364,PQ32/20
0.137,60,26.5,1.114,20.2,11.5,5.18,19.0,15.5,189,12.0,22.5,20,5488.52886356445,1779.4,66.9643663637663,PQ26/20
0.078,100,16.4,1.098,11.6,6.7,2.71,11.2,9.6,576,7.0,14.4,12,683.381280726497,183.322,9.259349546435669,PQ16/11.6
0.174,200,50.0,2.382,50.0,36.1,13.42,32.5,31.5,117,20.0,44.0,15,16545.5814047746,5976.59,54.460826273318496,PQ50/50
0.127,350,50.0,0.706,40.0,26.1,3.0,32.0,31.5,220,20.0,44.0,20,4591.45787746311,8356.72,257.921691651963,PQ50/40
0.162,250,40.5,0.418,39.8,29.5,4.16,28.0,28.0,28,14.9,37.0,13,88.310464542197,284.161,99.4638025186164,PQ40/40
0.145,350,50.0,1.075,40.0,26.1,7.83,32.0,31.5,169,20.0,44.0,13,8600.23193789745,8066.96,76.3784858604414,PQ50/40
0.093,200,35.1,1.264,34.8,25.0,1.04,26.0,23.5,404,14.3,32.0,35,1598.07696484269,1007.3000000000001,267.231337345026,PQ35/35
0.098,180,40.5,2.121,30.3,20.0,3.69,28.0,28.0,366,14.9,37.0,34,16690.6847002178,6918.72,180.394583037926,PQ40/30
0.191,30,40.5,1.902,39.8,29.5,14.52,28.0,28.0,97,14.9,37.0,16,6427.65001243657,5169.42,44.7600178045256,PQ40/40
0.146,100,26.5,0.722,24.8,16.1,3.18,19.0,15.5,165,12.0,22.5,20,2630.59771274752,1309.21,97.94715504237,PQ26/25
0.091,150,26.5,1.41,24.8,16.1,1.46,19.0,15.5,427,12.0,22.5,29,2432.89441269696,598.8599999999999,118.299858338804,PQ26/25
0.082,400,26.5,0.654,20.2,11.5,1.43,19.0,15.5,404,12.0,22.5,13,442.298526873173,257.022,44.4763020454691,PQ26/20
0.106,120,26.5,1.905,24.8,16.1,3.76,19.0,15.5,312,12.0,22.5,29,12015.4071300164,2204.32,92.85381524045731,PQ26/25
0.132,300,50.0,1.696,50.0,36.1,13.3,32.5,31.5,204,20.0,44.0,11,10133.4375991251,14149.0,38.2793611845128,PQ50/50
0.081,400,32.0,0.818,30.4,21.3,1.41,22.0,19.0,540,13.4,27.5,17,905.423627536075,1036.16,78.93587696268321,PQ32/30
0.089,250,32.0,1.103,30.4,21.3,2.43,22.0,19.0,443,13.4,27.5,14,924.055140537629,950.987,41.9307758421137,PQ32/30
0.099,30,20.5,0.941,16.2,10.3,0.81,14.0,12.5,357,8.8,18.0,66,2139.183880268,888.637,485.83607151192996,PQ20/16
0.077,50,107.0,2.284,87.0,56.0,3.24,70.0,72.5,597,41.0,93.7,22,2512.02394436453,37429.2,436.317211352334,PQ107/87
0.103,20,40.5,2.427,30.3,20.0,4.04,28.0,28.0,333,14.9,37.0,37,5580.17465810494,7004.34,192.536673233358,PQ40/30
0.186,180,40.5,1.403,30.3,20.0,12.47,28.0,28.0,102,14.9,37.0,10,5333.78157309132,1516.91,21.602342256975,PQ40/30
0.095,120,16.4,0.451,11.6,6.7,1.97,11.2,9.6,391,7.0,14.4,13,557.667447205579,347.257,22.7479741407994,PQ16/11.6
0.136,300,32.0,0.543,20.5,11.5,6.56,22.0,19.0,192,13.4,27.5,8,2522.4018596770497,2021.5100000000002,24.4467424837929,PQ32/20
0.09,20,20.5,0.739,16.2,10.3,0.62,14.0,12.5,436,8.8,18.0,34,153.856053592896,181.071,157.22085482317402,PQ20/16
0.167,80,32.0,1.037,20.5,11.5,5.13,22.0,19.0,126,13.4,27.5,18,4616.16934803127,966.251,71.20964762402,PQ32/20
0.127,350,50.0,0.91,50.0,36.1,7.64,32.5,31.5,218,20.0,44.0,11,3882.13391712217,14080.7,63.3252651179678,PQ50/50
0.154,40,26.5,1.814,20.2,11.5,4.31,19.0,15.5,149,12.0,22.5,38,15498.6115625234,1307.32,160.52038534731,PQ26/20
0.131,10,35.1,1.459,34.8,25.0,5.38,26.0,23.5,206,14.3,32.0,26,4737.38386722526,7611.39,131.874803657735,PQ35/35
0.118,20,20.5,0.455,16.2,10.3,0.99,14.0,12.5,252,8.8,18.0,27,192.730146485238,370.808,148.86040591664698,PQ20/16
0.098,200,26.5,0.915,24.8,16.1,2.46,19.0,15.5,371,12.0,22.5,21,3655.0064425130604,1997.64,88.5631599284474,PQ26/25
0.095,60,40.5,2.181,30.3,20.0,1.11,28.0,28.0,394,14.9,37.0,123,24221.7251321943,9317.85,2312.68397158871,PQ40/30
0.081,120,16.4,1.551,11.6,6.7,3.45,11.2,9.6,543,7.0,14.4,14,1945.8512977187,219.994,9.46561508568125,PQ16/11.6
0.098,50,20.5,2.011,16.2,10.3,2.81,14.0,12.5,365,8.8,18.0,41,9064.94151112019,1381.38,100.979533276103,PQ20/16
0.088,600,40.5,1.166,30.3,20.0,2.56,28.0,28.0,457,14.9,37.0,14,1995.69966017984,1294.97,49.0324360737989,PQ40/30
0.134,150,50.0,1.433,50.0,36.1,5.66,32.5,31.5,197,20.0,44.0,22,7416.5861754506295,12522.4,175.018052588268,PQ50/50
0.122,10,26.5,1.44,20.2,11.5,4.76,19.0,15.5,236,12.0,22.5,26,4098.96932543796,2433.57,91.2394719279024,PQ26/20
0.135,180,26.5,0.681,20.2,11.5,5.79,19.0,15.5,194,12.0,22.5,11,3403.39982519024,1582.45,30.7778281155171,PQ26/20
0.081,180,32.0,2.079,20.5,11.5,1.46,22.0,19.0,542,13.4,27.5,40,8270.13187456358,896.148,196.747606874532,PQ32/20
0.088,120,26.5,1.037,20.2,11.5,0.87,19.0,15.5,458,12.0,22.5,38,2031.27900567128,520.918,256.594723555792,PQ26/20
0.078,120,20.5,1.786,16.2,10.3,2.2,14.0,12.5,583,8.8,18.0,24,2803.13259130221,527.999,38.118612907329904,PQ20/16
0.077,350,32.0,1.982,30.4,21.3,4.55,22.0,19.0,592,13.4,27.5,13,3401.97882061822,2080.8399999999997,22.6726103374384,PQ32/30
0.099,80,26.5,0.494,20.2,11.5,1.61,19.0,15.5,361,12.0,22.5,19,624.907158220489,1496.65,121.155875619044,PQ26/20
0.178,100,35.1,0.725,34.8,25.0,2.95,26.0,23.5,111,14.3,32.0,21,1461.51987726597,1262.9,150.919288749739,PQ35/35
0.088,180,16.4,0.642,11.6,6.7,2.94,11.2,9.6,454,7.0,14.4,7,293.677922109026,114.731,4.8959807931535995,PQ16/11.6
0.095,200,16.4,0.198,11.6,6.7,1.73,11.2,9.6,391,7.0,14.4,7,112.227520877067,318.98900000000003,13.4041663583684,PQ16/11.6
0.156,20,35.1,2.07,34.8,25.0,1.58,26.0,23.5,145,14.3,32.0,115,13052.4723802455,3922.38,1967.60063174167,PQ35/35
0.161,20,40.5,1.123,30.3,20.0,6.62,28.0,28.0,136,14.9,37.0,15,1792.0777216130598,2237.0,58.0896771897501,PQ40/30
0.134,20,32.0,1.339,20.5,11.5,2.24,22.0,19.0,198,13.4,27.5,53,5998.06539078402,2430.5099999999998,498.297380286815,PQ32/20
0.108,30,40.5,1.71,39.8,29.5,10.41,28.0,28.0,301,14.9,37.0,10,3484.65838363526,6388.55,18.9227035683375,PQ40/40
0.134,400,65.0,1.201,60.0,42.0,5.11,45.0,40.8,198,26.0,55.0,21,13080.0531053417,19724.8,295.486322022087,PQ65/60
0.2,100,26.5,0.358,24.8,16.1,4.16,19.0,15.5,71,12.0,22.5,10,384.865661200545,439.747,44.6925587613218,PQ26/25
0.096,180,26.5,2.12,24.8,16.1,5.91,19.0,15.5,380,12.0,22.5,21,16453.283153825498,3535.33,44.6003731476043,PQ26/25
0.2,300,65.0,2.272,60.0,42.0,16.58,45.0,40.8,38,26.0,55.0,16,8549.48964235251,2581.4,101.75525248964,PQ65/60
0.101,60,16.4,1.259,11.6,6.7,3.15,11.2,9.6,347,7.0,14.4,23,3699.90793151092,455.058,30.398300841408,PQ16/11.6
0.154,80,26.5,0.481,20.2,11.5,3.44,19.0,15.5,148,12.0,22.5,12,710.337483049814,679.747,49.5155814709649,PQ26/20
0.087,180,26.5,1.48,24.8,16.1,1.66,19.0,15.5,462,12.0,22.5,26,2642.77355517188,656.705,91.4475501547523,PQ26/25
0.109,120,26.5,1.484,24.8,16.1,2.91,19.0,15.5,298,12.0,22.5,30,8489.22055724674,1906.45,121.554649002627,PQ26/25
0.157,300,35.1,0.942,34.8,25.0,14.26,26.0,23.5,144,14.3,32.0,6,2483.58555960545,2686.66,9.952697536705829,PQ35/35
0.137,120,40.5,2.24,30.3,20.0,7.14,28.0,28.0,188,14.9,37.0,27,21105.7072845875,5572.37,109.12704051629599,PQ40/30
0.086,120,65.0,2.038,60.0,42.0,3.51,45.0,40.8,472,26.0,55.0,17,1270.50802974761,6494.64,125.26490933186099,PQ65/60
0.154,100,50.0,2.039,50.0,36.1,11.41,32.5,31.5,149,20.0,44.0,16,8232.35899822083,9781.49,69.973083351144,PQ50/50
0.097,120,26.5,1.59,20.2,11.5,2.78,19.0,15.5,376,12.0,22.5,35,15243.031184703501,2483.33,152.065771212191,PQ26/20
0.136,30,20.5,0.502,16.2,10.3,3.29,14.0,12.5,190,8.8,18.0,14,472.17885550821,730.3309999999999,36.8793106973909,PQ20/16
0.071,300,40.5,0.125,30.3,20.0,1.04,28.0,28.0,270,14.9,37.0,7,7.50843224383035,1121.82,81.3353953132784,PQ40/30
0.112,400,40.5,1.33,39.8,29.5,5.33,28.0,28.0,281,14.9,37.0,16,6289.30668980694,5512.5599999999995,58.6653938679951,PQ40/40
0.101,60,35.1,2.278,34.8,25.0,3.01,26.0,23.5,343,14.3,32.0,48,10166.4785797494,8640.64,318.228581902546,PQ35/35
0.135,150,50.0,1.468,50.0,36.1,6.06,32.5,31.5,195,20.0,44.0,23,9701.48250746658,15603.9,187.542844349986,PQ50/50
0.072,600,40.5,1.195,30.3,20.0,2.05,28.0,28.0,520,14.9,37.0,17,1334.91457801182,1430.8700000000001,70.8964162722854,PQ40/30
0.142,60,40.5,1.319,30.3,20.0,11.14,28.0,28.0,174,14.9,37.0,11,2892.13243468077,4398.74,27.4568850772089,PQ40/30
0.15,20,32.0,0.984,30.4,21.3,4.05,22.0,19.0,156,13.4,27.5,21,1271.52145413659,2032.7600000000002,103.628651851296,PQ32/30
0.2,200,32.0,0.263,30.4,21.3,5.32,22.0,19.0,81,13.4,27.5,6,241.286699627042,870.688,25.9048470347772,PQ32/30
0.078,80,20.5,1.94,20.2,14.3,1.36,14.0,12.5,586,8.8,18.0,44,3488.88257912954,895.537,124.921711373086,PQ20/20
0.089,150,40.5,2.143,30.3,20.0,1.23,28.0,28.0,446,14.9,37.0,51,5257.44923557749,1549.3,402.82629695600497,PQ40/30
0.17,600,65.0,2.345,60.0,42.0,19.04,45.0,40.8,122,26.0,55.0,11,36833.8935460781,11106.4,46.9000652742894,PQ65/60
0.173,10,20.5,0.933,20.2,14.3,1.62,14.0,12.5,118,8.8,18.0,50,1197.99678824721,466.995,287.484287601326,PQ20/20
0.19,300,65.0,1.987,60.0,42.0,10.96,45.0,40.8,98,26.0,55.0,21,43592.8517683703,13401.8,195.41129951711798,PQ65/60
0.121,50,32.0,0.607,30.4,21.3,3.14,22.0,19.0,240,13.4,27.5,17,724.4604076021161,3733.41,101.315292022285,PQ32/30
0.132,400,107.0,2.467,87.0,56.0,8.25,70.0,72.5,204,41.0,93.7,26,45573.509267191,81645.6,572.517661669748,PQ107/87
0.091,200,32.0,1.201,30.4,21.3,3.85,22.0,19.0,426,13.4,27.5,10,731.485698960173,1030.98,19.9762745517475,PQ32/30
0.165,20,20.5,0.812,16.2,10.3,1.91,14.0,12.5,130,8.8,18.0,36,1411.55534463604,367.222,163.286500506007,PQ20/16
0.081,350,26.5,2.375,20.2,11.5,5.84,19.0,15.5,536,12.0,22.5,12,7081.97841029504,810.414,12.7482237507889,PQ26/20
0.151,200,40.5,2.069,30.3,20.0,10.94,28.0,28.0,155,14.9,37.0,16,17442.5745441164,3571.06,40.7703142176822,PQ40/30
0.089,60,16.4,1.261,11.6,6.7,1.69,11.2,9.6,442,7.0,14.4,22,935.820910177965,120.855,27.7763992395776,PQ16/11.6
0.15,120,32.0,0.873,20.5,11.5,4.55,22.0,19.0,157,13.4,27.5,17,4583.79117478959,1331.5600000000002,73.3192948898598,PQ32/20
0.125,10,20.5,0.196,16.2,10.3,1.52,14.0,12.5,226,8.8,18.0,11,94.0710000692103,601.054,51.2954685553781,PQ20/16
0.165,80,40.5,1.655,39.8,29.5,9.19,28.0,28.0,129,14.9,37.0,16,4211.09286807083,3535.9,49.6789963891784,PQ40/40
0.098,40,20.5,2.08,20.2,14.3,3.85,14.0,12.5,367,8.8,18.0,31,5194.27691824407,2034.6799999999998,58.7303228958431,PQ20/20
0.114,80,20.5,0.539,16.2,10.3,2.05,14.0,12.5,271,8.8,18.0,17,653.51097395918,578.25,51.1151957480825,PQ20/16
0.092,60,40.5,2.413,30.3,20.0,0.75,28.0,28.0,413,14.9,37.0,103,6175.5626679069,1827.5300000000002,1498.21345667544,PQ40/30
0.161,50,40.5,1.241,30.3,20.0,5.06,28.0,28.0,136,14.9,37.0,22,2903.65086136649,2439.9,115.32607757321401,PQ40/30
0.148,20,35.1,0.895,34.8,25.0,13.71,26.0,23.5,161,14.3,32.0,6,2401.60099992427,3323.4,10.3737246018186,PQ35/35
0.098,60,32.0,2.474,20.5,11.5,1.95,22.0,19.0,367,13.4,27.5,82,40030.9493290299,4339.92,716.842381187076,PQ32/20
0.171,50,40.5,2.14,30.3,20.0,4.03,28.0,28.0,120,14.9,37.0,48,15764.9281566106,2693.48,357.296767937666,PQ40/30
0.137,150,20.5,0.295,20.2,14.3,3.88,14.0,12.5,187,8.8,18.0,7,246.211911827445,742.673,14.571257447645799,PQ20/20
0.107,50,107.0,2.112,87.0,56.0,10.38,70.0,72.5,306,41.0,93.7,12,6595.80563383755,57704.3,138.480736663374,PQ107/87
0.109,350,50.0,2.312,50.0,36.1,5.86,32.5,31.5,298,20.0,44.0,25,25079.858055673,15277.8,154.787107519572,PQ50/50
0.12,30,40.5,0.805,39.8,29.5,3.58,28.0,28.0,245,14.9,37.0,19,915.086756874074,6712.83,123.355486340086,PQ40/40
0.125,350,50.0,2.438,40.0,26.1,17.88,32.0,31.5,227,20.0,44.0,13,41689.5792772366,20910.4,39.1689317131545,PQ50/40
0.079,350,26.5,0.816,20.2,11.5,1.33,19.0,15.5,571,12.0,22.5,18,1514.83494445909,576.031,70.5349739627446,PQ26/20
0.103,250,35.1,0.899,34.8,25.0,2.49,26.0,23.5,333,14.3,32.0,21,2579.33834063103,3820.25,126.448868273451,PQ35/35
0.115,30,40.5,1.838,30.3,20.0,9.7,28.0,28.0,266,14.9,37.0,12,3661.05697204652,4240.3,25.1451088307951,PQ40/30
0.103,60,40.5,2.237,30.3,20.0,14.16,28.0,28.0,335,14.9,37.0,9,4303.9492921165,5509.93,12.1348185040721,PQ40/30
0.188,180,50.0,1.298,40.0,26.1,11.99,32.0,31.5,100,20.0,44.0,14,12949.6021724249,7431.15,75.8043609758854,PQ50/40
0.091,200,26.5,2.28,20.2,11.5,5.16,19.0,15.5,425,12.0,22.5,14,5143.07395268987,631.406,17.9634091634438,PQ26/20
0.085,120,26.5,2.092,24.8,16.1,1.3,19.0,15.5,485,12.0,22.5,47,5963.3302782748,860.478,225.591754292581,PQ26/25
0.118,150,20.5,0.372,20.2,14.3,2.26,14.0,12.5,252,8.8,18.0,10,238.523678289136,474.168,24.3769665123488,PQ20/20
0.093,300,20.5,0.571,20.2,14.3,2.26,14.0,12.5,409,8.8,18.0,8,243.138749232427,244.323,10.9189527830831,PQ20/20
0.184,300,65.0,1.959,60.0,42.0,14.5,45.0,40.8,104,26.0,55.0,12,14352.3479802873,7479.88,64.4804607271916,PQ65/60
0.2,180,40.5,1.005,39.8,29.5,10.63,28.0,28.0,45,14.9,37.0,11,1124.8250448109,774.481,34.6216014336852,PQ40/40
0.126,10,26.5,2.232,24.8,16.1,1.63,19.0,15.5,223,12.0,22.5,132,18564.7246627796,4882.25,1690.24703208139,PQ26/25
0.149,40,35.1,2.121,34.8,25.0,4.2,26.0,23.5,160,14.3,32.0,48,13814.2223708209,5774.96,336.259560682795,PQ35/35
0.091,100,20.5,1.206,20.2,14.3,2.43,14.0,12.5,422,8.8,18.0,14,508.928674254515,288.769,18.3841868089739,PQ20/20
0.073,600,26.5,0.112,20.2,11.5,0.95,19.0,15.5,110,12.0,22.5,10,7.3848173404328,253.381,125.308678206635,PQ26/20
0.08,150,20.5,1.693,20.2,14.3,2.36,14.0,12.5,548,8.8,18.0,21,2148.76003881913,629.44,31.6894134834848,PQ20/20
0.09,200,26.5,2.167,24.8,16.1,3.79,19.0,15.5,438,12.0,22.5,18,4841.52005905575,891.555,32.1653432266572,PQ26/25
0.093,80,20.5,2.166,16.2,10.3,2.43,14.0,12.5,410,8.8,18.0,26,2754.97121033982,293.62300000000005,38.1364620243789,PQ20/16
0.135,180,40.5,1.569,39.8,29.5,4.91,28.0,28.0,195,14.9,37.0,28,12983.0443098187,6964.8,158.57904511783002,PQ40/40
0.081,40,40.5,2.268,39.8,29.5,1.37,28.0,28.0,532,14.9,37.0,52,1665.6292548448798,3776.0,413.415958735935,PQ40/40
0.146,80,26.5,1.806,24.8,16.1,6.67,19.0,15.5,165,12.0,22.5,25,16670.6412622995,2280.19,71.9936844564928,PQ26/25
0.2,180,65.0,2.211,60.0,42.0,15.39,45.0,40.8,48,26.0,55.0,17,8799.21579821224,4052.31,117.444790366023,PQ65/60
0.144,50,32.0,0.607,30.4,21.3,2.87,22.0,19.0,170,13.4,27.5,18,656.374552087472,1823.17,113.57318982508801,PQ32/30
0.086,300,40.5,1.483,30.3,20.0,1.73,28.0,28.0,481,14.9,37.0,26,2917.71433550351,1576.36,139.562554679973,PQ40/30
0.115,600,40.5,2.295,39.8,29.5,12.19,28.0,28.0,268,14.9,37.0,11,15246.403201525,5605.41,18.3440106976633,PQ40/40
0.183,500,107.0,1.413,87.0,56.0,6.76,70.0,72.5,39,41.0,93.7,24,4291.33157758937,6425.88,780.037404551682,PQ107/87
0.14,60,26.5,1.699,20.2,11.5,6.42,19.0,15.5,180,12.0,22.5,23,11680.0978841803,1630.1200000000001,62.2016835724498,PQ26/20
0.146,250,50.0,2.42,40.0,26.1,10.65,32.0,31.5,166,20.0,44.0,21,43909.8142710518,10797.1,102.798734869559,PQ50/40
0.118,200,35.1,0.958,34.8,25.0,3.54,26.0,23.5,252,14.3,32.0,17,2214.28257174396,2910.99,78.7357662757617,PQ35/35
0.132,40,50.0,2.431,40.0,26.1,18.48,32.0,31.5,204,20.0,44.0,12,11054.9214532147,15349.6,33.439633262315105,PQ50/40
0.114,400,40.5,1.133,30.3,20.0,7.24,28.0,28.0,270,14.9,37.0,9,2860.98329069509,2591.32,20.7422109332111,PQ40/30
0.081,600,50.0,1.961,50.0,36.1,1.81,32.5,31.5,404,20.0,44.0,31,4418.01116687876,2926.53,270.157463104728,PQ50/50
0.198,180,50.0,1.189,50.0,36.1,19.03,32.5,31.5,90,20.0,44.0,8,5148.281477088761,7352.7,26.9291051223554,PQ50/50
0.095,300,40.5,0.962,39.8,29.5,1.95,28.0,28.0,387,14.9,37.0,29,3716.24210726489,6557.81,248.660924803548,PQ40/40
0.128,30,20.5,1.409,20.2,14.3,2.78,14.0,12.5,214,8.8,18.0,46,6670.79793472983,1970.37,175.799861541962,PQ20/20
0.096,10,32.0,0.9,20.5,11.5,6.12,22.0,19.0,383,13.4,27.5,9,2934.68750942974,2640.56,20.0344168334723,PQ32/20
0.123,80,50.0,1.099,50.0,36.1,0.99,32.5,31.5,233,20.0,44.0,103,12007.2297964133,17579.4,4755.74069418134,PQ50/50
0.118,400,35.1,1.071,34.8,25.0,5.6,26.0,23.5,254,14.3,32.0,12,3862.80255797923,3108.86,35.8850173727784,PQ35/35
0.087,200,32.0,2.171,20.5,11.5,4.37,22.0,19.0,465,13.4,27.5,16,5243.18699309735,999.927,30.4227427412377,PQ32/20
0.131,350,32.0,0.322,30.4,21.3,3.79,22.0,19.0,184,13.4,27.5,8,470.108376666589,2160.05,38.5742169293551,PQ32/30
0.2,250,40.5,0.708,39.8,29.5,12.75,28.0,28.0,50,14.9,37.0,7,719.6849155813591,966.834,18.5983650955431,PQ40/40
0.078,180,20.5,1.504,20.2,14.3,2.2,14.0,12.5,587,8.8,18.0,21,2358.61789847874,748.152,34.775926520919,PQ20/20
0.08,60,50.0,1.01,40.0,26.1,3.78,32.0,31.5,555,20.0,44.0,8,439.985472916826,3308.67,30.4183794966027,PQ50/40
0.138,350,50.0,1.831,50.0,36.1,18.31,32.5,31.5,184,20.0,44.0,9,11898.3671570129,13735.099999999999,24.0695117114426,PQ50/50
0.079,50,26.5,1.3,24.8,16.1,0.52,19.0,15.5,571,12.0,22.5,80,2237.99540429411,1162.11,962.533933288385,PQ26/25
0.103,30,20.5,0.597,16.2,10.3,0.89,14.0,12.5,331,8.8,18.0,42,709.860352340938,802.948,286.46863078609704,PQ20/16
0.086,250,32.0,2.069,30.4,21.3,2.09,22.0,19.0,477,13.4,27.5,28,5042.169155098471,1245.5400000000002,101.700731211292,PQ32/30
0.103,400,32.0,1.068,30.4,21.3,6.26,22.0,19.0,332,13.4,27.5,11,4763.43657976895,3914.62,26.5965787362046,PQ32/30
0.092,120,16.4,1.847,11.6,6.7,3.89,11.2,9.6,413,7.0,14.4,14,2261.82152233325,123.537,8.17990315384637,PQ16/11.6
0.098,200,50.0,2.207,40.0,26.1,2.21,32.0,31.5,364,20.0,44.0,59,32997.7588898683,13605.0,872.8684265622779,PQ50/40
0.086,80,20.5,0.977,16.2,10.3,1.1,14.0,12.5,476,8.8,18.0,28,814.9396464234619,318.365,84.7837983614656,PQ20/16
0.134,600,65.0,1.186,60.0,42.0,8.68,45.0,40.8,198,26.0,55.0,12,10595.373349744299,18734.4,97.4916251064396,PQ65/60
0.078,60,35.1,2.472,34.8,25.0,7.72,26.0,23.5,582,14.3,32.0,10,2014.00412511715,3720.71,12.9621787251974,PQ35/35
0.2,60,26.5,0.754,20.2,11.5,5.92,19.0,15.5,36,12.0,22.5,16,736.903305864184,158.414,59.6916653249777,PQ26/20
0.082,200,26.5,1.664,20.2,11.5,1.73,19.0,15.5,530,12.0,22.5,29,5625.67682707873,721.671,100.462482624608,PQ26/20
0.112,600,65.0,0.79,60.0,42.0,3.41,45.0,40.8,65,26.0,55.0,29,1280.8969263235701,5199.27,804.3915993980339,PQ65/60
0.083,350,40.5,1.862,30.3,20.0,1.8,28.0,28.0,450,14.9,37.0,30,4179.18908499191,1412.41,155.419650406526,PQ40/30
0.128,200,26.5,0.501,24.8,16.1,3.44,19.0,15.5,216,12.0,22.5,13,1716.78686837126,1927.74,56.4522802885018,PQ26/25
0.102,250,26.5,0.553,20.2,11.5,3.31,19.0,15.5,338,12.0,22.5,10,1132.98024800558,1254.01,30.4206467982023,PQ26/20
0.115,180,32.0,1.596,20.5,11.5,4.68,22.0,19.0,266,13.4,27.5,20,11059.7868920859,1542.89,61.3056241005558,PQ32/20
0.129,50,32.0,2.119,20.5,11.5,3.11,22.0,19.0,211,13.4,27.5,61,36352.6860704657,3404.77,451.13855778777304,PQ32/20
0.101,40,26.5,1.031,20.2,11.5,0.67,19.0,15.5,346,12.0,22.5,91,5424.57288727148,1608.58,1478.38203910871,PQ26/20
0.18,300,40.5,0.879,39.8,29.5,8.55,28.0,28.0,109,14.9,37.0,9,2221.5779464072,1732.91,25.775185085685198,PQ40/40
0.2,80,32.0,1.079,20.5,11.5,7.97,22.0,19.0,82,13.4,27.5,16,6821.82196629183,915.447,54.4060310410852,PQ32/20
0.127,180,40.5,1.369,30.3,20.0,9.8,28.0,28.0,220,14.9,37.0,13,7396.64037288636,6890.13,37.234203283720404,PQ40/30
0.101,500,35.1,2.015,34.8,25.0,10.73,26.0,23.5,348,14.3,32.0,12,16935.6213072297,8381.19,21.8456027308393,PQ35/35
0.096,50,20.5,1.542,16.2,10.3,2.55,14.0,12.5,385,8.8,18.0,35,5149.8119131595295,1371.18,91.45068481794,PQ20/16
0.15,30,40.5,1.809,39.8,29.5,2.74,28.0,28.0,157,14.9,37.0,57,6071.2516263013,4979.02,589.435096586233,PQ40/40
0.077,600,32.0,2.18,30.4,21.3,5.08,22.0,19.0,596,13.4,27.5,13,7076.57143710513,2301.73,21.0587797882721,PQ32/30
0.113,60,26.5,2.024,24.8,16.1,2.13,19.0,15.5,278,12.0,22.5,55,13275.2880626338,1889.29,317.89348676203696,PQ26/25
0.081,150,35.1,1.55,34.8,25.0,1.04,26.0,23.5,543,14.3,32.0,48,3183.91490300739,2654.56,428.05731353527204,PQ35/35
0.184,80,50.0,1.642,50.0,36.1,3.68,32.5,31.5,104,20.0,44.0,41,10403.9151843903,4816.84,545.148659104737,PQ50/50
0.111,50,16.4,1.131,11.6,6.7,3.12,11.2,9.6,285,7.0,14.4,23,3067.62171860323,388.87300000000005,33.2056006198066,PQ16/11.6
0.139,10,20.5,2.229,20.2,14.3,1.6,14.0,12.5,182,8.8,18.0,118,11468.196631924799,1587.16,806.01141265369,PQ20/20
0.082,150,20.5,0.61,16.2,10.3,1.13,14.0,12.5,526,8.8,18.0,17,365.728616490583,301.03400000000005,46.0751496671785,PQ20/16
0.149,180,32.0,0.973,30.4,21.3,7.91,22.0,19.0,160,13.4,27.5,11,3567.92646613864,2311.5,28.7151743197423,PQ32/30
0.06,600,16.4,0.17,11.6,6.7,1.66,11.2,9.6,255,7.0,14.4,6,15.6584430811844,122.73299999999999,11.2481265283584,PQ16/11.6
0.101,20,16.4,0.918,11.6,6.7,0.75,11.2,9.6,345,7.0,14.4,70,2039.64203524825,383.526,364.97287987545303,PQ16/11.6
0.087,50,40.5,1.638,39.8,29.5,4.78,28.0,28.0,462,14.9,37.0,10,744.281206892521,1925.77,19.5325591077821,PQ40/40
0.115,100,20.5,0.753,20.2,14.3,2.68,14.0,12.5,269,8.8,18.0,16,937.4010652264329,623.0459999999999,34.9079206427408,PQ20/20
0.089,500,32.0,2.092,30.4,21.3,4.56,22.0,19.0,446,13.4,27.5,13,4809.88936140169,1110.14,21.7380223963943,PQ32/30
0.082,500,40.5,2.225,39.8,29.5,2.56,28.0,28.0,523,14.9,37.0,25,6465.30162892656,2853.17,96.9612597028951,PQ40/40
0.158,60,26.5,2.489,24.8,16.1,7.88,19.0,15.5,141,12.0,22.5,27,20358.665635251702,1634.98,64.6280342579497,PQ26/25
0.093,50,20.5,0.891,16.2,10.3,0.68,14.0,12.5,410,8.8,18.0,40,579.60167784368,213.403,186.616822194592,PQ20/16
0.115,80,32.0,2.472,30.4,21.3,3.25,22.0,19.0,265,13.4,27.5,46,16545.6061566344,3541.48,239.061828528551,PQ32/30
0.128,10,16.4,1.964,11.6,6.7,2.93,11.2,9.6,216,7.0,14.4,58,8565.03111130132,647.817,133.388168174528,PQ16/11.6
0.08,80,26.5,1.343,20.2,11.5,0.68,19.0,15.5,557,12.0,22.5,57,2740.45681799897,639.832,464.381567663479,PQ26/20
0.115,60,35.1,2.483,34.8,25.0,12.31,26.0,23.5,266,14.3,32.0,12,4513.16176066931,4877.349999999999,18.6123725397688,PQ35/35
0.107,60,32.0,2.102,30.4,21.3,3.57,22.0,19.0,309,13.4,27.5,37,8610.390861916161,4705.75,175.576013412104,PQ32/30
0.184,300,50.0,2.324,50.0,36.1,17.8,32.5,31.5,104,20.0,44.0,12,21869.2303893061,5885.8,35.5198407099614,PQ50/50
0.112,50,107.0,1.95,87.0,56.0,9.01,70.0,72.5,283,41.0,93.7,13,5145.3809477953,50435.9,173.858113961398,PQ107/87
0.087,50,16.4,1.377,11.6,6.7,1.64,11.2,9.6,463,7.0,14.4,26,1194.85366017747,154.613,36.0577921155264,PQ16/11.6
0.081,180,20.5,0.263,20.2,14.3,0.64,14.0,12.5,534,8.8,18.0,13,48.8819399532888,288.459,55.2515250100401,PQ20/20
0.2,180,50.0,1.121,40.0,26.1,9.48,32.0,31.5,43,20.0,44.0,15,2542.5698186375,1423.11,98.2560886627094,PQ50/40
0.104,50,32.0,2.19,20.5,11.5,2.91,22.0,19.0,325,13.4,27.5,46,13911.7622655804,2845.08,249.578469035605,PQ32/20
0.087,50,20.5,1.932,20.2,14.3,2.13,14.0,12.5,470,8.8,18.0,26,1233.18465062243,491.962,43.7635446390641,PQ20/20
0.087,10,32.0,0.758,30.4,21.3,1.8,22.0,19.0,463,13.4,27.5,13,449.629561017638,866.596,49.1414508169238,PQ32/30
0.149,50,26.5,0.973,24.8,16.1,4.1,19.0,15.5,160,12.0,22.5,23,3506.44062626543,1802.87,101.052732536103,PQ26/25
0.2,40,26.5,1.668,24.8,16.1,7.46,19.0,15.5,20,12.0,22.5,26,1192.07660052597,81.996,83.1141510072056,PQ26/25
0.2,80,20.5,0.133,16.2,10.3,2.52,14.0,12.5,22,8.8,18.0,6,8.49823392215423,15.8628,21.4792471621454,PQ20/16
0.103,600,26.5,0.346,20.2,11.5,3.28,19.0,15.5,334,12.0,22.5,6,579.841240940469,925.361,16.510969199106,PQ26/20
0.115,200,65.0,2.029,60.0,42.0,11.62,45.0,40.8,266,26.0,55.0,10,4217.760095290881,13466.0,43.5103522729318,PQ65/60
0.086,50,16.4,1.891,11.6,6.7,2.73,11.2,9.6,472,7.0,14.4,22,1891.87201769653,195.925,19.8042405899379,PQ16/11.6
0.093,60,26.5,2.443,24.8,16.1,0.95,19.0,15.5,412,12.0,22.5,83,8609.50280337012,905.876,619.560146766121,PQ26/25
0.08,200,20.5,1.734,16.2,10.3,3.74,14.0,12.5,547,8.8,18.0,15,3210.36189460454,590.766,15.264045274497201,PQ20/16
0.082,180,26.5,2.35,24.8,16.1,2.46,19.0,15.5,525,12.0,22.5,28,6676.67714114486,1077.32,72.8284892663255,PQ26/25
0.135,350,40.5,1.345,30.3,20.0,11.38,28.0,28.0,193,14.9,37.0,10,8329.13951305497,4179.93,22.3405876368159,PQ40/30
0.111,80,65.0,1.419,60.0,42.0,4.76,45.0,40.8,286,26.0,55.0,19,2307.7586673018,17209.8,210.442778148716,PQ65/60
0.108,300,35.1,2.192,34.8,25.0,7.71,26.0,23.5,300,14.3,32.0,18,16982.1694713158,6628.03,46.0691780944375,PQ35/35
0.107,400,35.1,1.544,34.8,25.0,6.46,26.0,23.5,310,14.3,32.0,14,8024.78442718861,4618.53,36.5725798817614,PQ35/35
0.174,20,26.5,1.117,24.8,16.1,2.51,19.0,15.5,117,12.0,22.5,43,3477.95029562215,1081.11,315.082529240252,PQ26/25
0.114,80,20.5,0.189,16.2,10.3,0.72,14.0,12.5,273,8.8,18.0,17,79.5230097273025,406.29,126.25361173823599,PQ20/16
0.143,250,35.1,2.064,34.8,25.0,13.52,26.0,23.5,173,14.3,32.0,13,17045.193672733698,5014.54,25.1862031966804,PQ35/35
0.2,50,50.0,2.383,40.0,26.1,4.79,32.0,31.5,66,20.0,44.0,57,20374.6618806125,3431.55,767.119778848383,PQ50/40
0.175,180,50.0,1.686,50.0,36.1,9.13,32.5,31.5,115,20.0,44.0,17,10304.0538161546,5884.14,91.8034709204254,PQ50/50
0.085,180,20.5,0.784,16.2,10.3,3.55,14.0,12.5,494,8.8,18.0,7,333.146017491588,311.482,6.3449637851355,PQ20/16
0.096,120,20.5,0.364,16.2,10.3,2.06,14.0,12.5,382,8.8,18.0,10,210.744161876802,661.505,24.6970037157039,PQ20/16
0.102,30,16.4,2.016,11.6,6.7,2.84,11.2,9.6,339,7.0,14.4,45,10001.1714071505,679.662,78.51725326827369,PQ16/11.6
0.189,150,40.5,1.565,39.8,29.5,13.16,28.0,28.0,99,14.9,37.0,15,12174.6763199292,5175.45,45.5687458884888,PQ40/40
0.2,200,40.5,1.071,30.3,20.0,14.27,28.0,28.0,60,14.9,37.0,9,2759.26798574722,1079.22,21.7403010934381,PQ40/30
0.136,60,32.0,1.805,20.5,11.5,3.65,22.0,19.0,190,13.4,27.5,45,25081.6193580508,2732.95,280.265269515347,PQ32/20
0.2,250,50.0,1.118,50.0,36.1,11.86,32.5,31.5,26,20.0,44.0,12,938.67136546847,720.795,63.7196599658946,PQ50/50
0.084,500,20.5,0.558,20.2,14.3,2.62,14.0,12.5,451,8.8,18.0,6,187.124512371685,214.56300000000002,6.25966695786864,PQ20/20
0.122,200,20.5,0.119,20.2,14.3,1.52,14.0,12.5,239,8.8,18.0,7,46.0905541622703,779.042,31.806208646724897,PQ20/20
0.081,30,16.4,2.091,11.6,6.7,1.05,11.2,9.6,534,7.0,14.4,63,3623.1664089264,251.75900000000001,149.212786217514,PQ16/11.6
0.2,20,32.0,1.271,20.5,11.5,2.88,22.0,19.0,79,13.4,27.5,56,8869.88413952396,1089.5300000000002,581.201154981189,PQ32/20
0.193,120,50.0,0.814,40.0,26.1,5.46,32.0,31.5,95,20.0,44.0,17,3285.28428744473,4051.21,165.258165492539,PQ50/40
0.097,350,50.0,2.423,40.0,26.1,4.53,32.0,31.5,373,20.0,44.0,32,38436.4035122959,15425.8,238.295944321405,PQ50/40
0.144,150,32.0,0.251,20.5,11.5,1.62,22.0,19.0,127,13.4,27.5,14,228.781979531698,641.545,147.816718177209,PQ32/20
0.128,400,107.0,0.845,87.0,56.0,5.19,70.0,72.5,217,41.0,93.7,14,2991.84659818735,58532.1,412.364554028313,PQ107/87
0.2,350,50.0,0.915,40.0,26.1,19.13,32.0,31.5,85,20.0,44.0,6,4807.67106258268,4436.39,18.6347712018894,PQ50/40
0.103,20,20.5,1.944,20.2,14.3,1.13,14.0,12.5,331,8.8,18.0,100,6984.80721048418,1667.6,644.874954522595,PQ20/20
0.2,250,50.0,1.751,50.0,36.1,18.61,32.5,31.5,35,20.0,44.0,12,3709.1600042280597,1559.26,44.3977914129051,PQ50/50
0.094,50,40.5,1.816,30.3,20.0,0.64,28.0,28.0,398,14.9,37.0,162,15395.220111693,6727.53,4627.18367728767,PQ40/30
0.2,40,40.5,0.466,30.3,20.0,2.72,28.0,28.0,64,14.9,37.0,21,361.359894469889,909.637,236.826258320763,PQ40/30
0.113,80,32.0,2.418,20.5,11.5,2.96,22.0,19.0,276,13.4,27.5,48,24866.9185324547,2001.45,250.3661286166,PQ32/20
0.2,50,32.0,1.21,20.5,11.5,6.04,22.0,19.0,28,13.4,27.5,23,1136.25740490395,125.204,102.135056489068,PQ32/20
0.179,10,16.4,0.092,11.6,6.7,0.57,11.2,9.6,110,7.0,14.4,14,10.1802310456788,62.4737,105.63595267536701,PQ16/11.6
0.157,50,32.0,1.253,30.4,21.3,2.7,22.0,19.0,144,13.4,27.5,44,7222.12896128106,2520.94,374.224823373745,PQ32/30
0.089,150,20.5,1.003,16.2,10.3,1.77,14.0,12.5,445,8.8,18.0,16,729.259686088539,213.208,27.0931517855382,PQ20/16
0.088,300,26.5,1.995,20.2,11.5,3.9,19.0,15.5,457,12.0,22.5,16,6811.67772083717,657.021,26.2601178779162,PQ26/20
0.099,250,32.0,2.328,30.4,21.3,7.73,22.0,19.0,361,13.4,27.5,17,15260.2723165613,5024.83,34.225892103438795,PQ32/30
0.093,50,16.4,0.925,11.6,6.7,1.52,11.2,9.6,404,7.0,14.4,18,376.081503098341,89.1637,23.9775232279029,PQ16/11.6
0.1,250,50.0,1.93,40.0,26.1,3.4,32.0,31.5,350,20.0,44.0,32,15995.6902817011,10466.1,286.034330769737,PQ50/40
0.132,20,26.5,0.971,20.2,11.5,6.45,19.0,15.5,203,12.0,22.5,14,2020.95790971592,1928.96,36.8714168746317,PQ26/20
0.096,30,20.5,1.808,20.2,14.3,1.58,14.0,12.5,385,8.8,18.0,67,6439.96727470972,2166.06,306.21169440192,PQ20/20
0.099,30,20.5,1.87,16.2,10.3,1.76,14.0,12.5,359,8.8,18.0,62,7594.698623492271,1351.58,244.99384927822,PQ20/16
0.125,100,40.5,1.276,39.8,29.5,2.45,28.0,28.0,226,14.9,37.0,44,7010.45598827793,7383.58,458.923273565761,PQ40/40
0.149,80,40.5,1.067,39.8,29.5,2.09,28.0,28.0,159,14.9,37.0,46,4698.829419881639,4164.85,576.877112288241,PQ40/40
0.079,100,32.0,2.155,20.5,11.5,1.65,22.0,19.0,570,13.4,27.5,40,5935.15893915247,1269.6000000000001,191.125238600903,PQ32/20
0.101,60,26.5,1.613,20.2,11.5,1.92,19.0,15.5,346,12.0,22.5,49,9969.06564411663,1897.05,294.224036419745,PQ26/20
0.094,50,20.5,1.632,16.2,10.3,3.51,14.0,12.5,398,8.8,18.0,30,6089.59200159545,1985.11,64.1697962782083,PQ20/16
0.2,80,40.5,1.411,39.8,29.5,6.2,28.0,28.0,51,14.9,37.0,27,3015.9110133045,1224.63,159.97474404487897,PQ40/40
0.2,60,32.0,1.013,20.5,11.5,5.43,22.0,19.0,46,13.4,27.5,21,1831.3081128689598,275.746,98.8572599795434,PQ32/20
0.2,60,40.5,1.637,39.8,29.5,10.36,28.0,28.0,39,14.9,37.0,19,1975.08307367862,849.185,70.6980344957464,PQ40/40
0.139,80,40.5,1.785,30.3,20.0,6.62,28.0,28.0,183,14.9,37.0,24,9296.55184505164,5042.68,102.998862538774,PQ40/30
0.2,40,50.0,2.479,50.0,36.1,5.48,32.5,31.5,79,20.0,44.0,58,25790.5761168759,8612.64,789.855460514968,PQ50/50
0.106,250,40.5,1.202,30.3,20.0,8.01,28.0,28.0,312,14.9,37.0,9,2301.21447237731,3895.11,19.764992873012,PQ40/30
0.12,100,40.5,1.324,39.8,29.5,3.2,28.0,28.0,245,14.9,37.0,37,7182.18313920378,10198.7,315.112893270592,PQ40/40
0.081,350,20.5,0.645,20.2,14.3,2.33,14.0,12.5,534,8.8,18.0,8,294.909848481858,333.505,9.877932412837339,PQ20/20
0.128,180,40.5,1.056,39.8,29.5,7.25,28.0,28.0,215,14.9,37.0,13,3035.59702923478,7034.89,46.4868863320372,PQ40/40
0.079,60,50.0,0.528,50.0,36.1,0.55,32.5,31.5,564,20.0,44.0,30,95.7739942140863,3642.1,742.381012157645,PQ50/50
0.106,400,50.0,0.897,40.0,26.1,2.88,32.0,31.5,305,20.0,44.0,18,3279.4431050449903,6054.719999999999,170.219198777844,PQ50/40
0.086,250,32.0,1.978,20.5,11.5,2.31,22.0,19.0,473,13.4,27.5,27,8693.81792596425,928.456,93.51629579604159,PQ32/20
0.087,500,35.1,1.458,34.8,25.0,5.39,26.0,23.5,461,14.3,32.0,8,1297.93526980853,1489.3000000000002,12.4858032103204,PQ35/35
0.2,60,40.5,2.21,30.3,20.0,9.31,28.0,28.0,25,14.9,37.0,29,2770.32288320114,333.251,127.263861405755,PQ40/30
0.095,200,35.1,0.315,34.8,25.0,1.22,26.0,23.5,38,14.3,32.0,30,34.6101699942949,281.527,623.2432517926569,PQ35/35
0.107,30,16.4,1.234,11.6,6.7,1.74,11.2,9.6,311,7.0,14.4,41,3280.43151000647,373.817,98.2199423475908,PQ16/11.6
0.09,300,20.5,0.635,16.2,10.3,2.76,14.0,12.5,434,8.8,18.0,7,302.369349851564,197.504,7.5536195432597,PQ20/16
0.193,10,32.0,1.134,30.4,21.3,1.42,22.0,19.0,95,13.4,27.5,95,4275.26336413916,1988.48,1892.03280764394,PQ32/30
0.11,20,20.5,2.381,20.2,14.3,1.5,14.0,12.5,294,8.8,18.0,93,9629.63146795126,1562.46,474.67793253831604,PQ20/20
0.163,30,107.0,1.568,87.0,56.0,15.98,70.0,72.5,133,41.0,93.7,9,7918.009514135951,35424.6,100.308066764765,PQ107/87
0.097,200,26.5,1.483,24.8,16.1,4.33,19.0,15.5,372,12.0,22.5,20,9123.53169916584,2794.96,54.0734232267559,PQ26/25
0.115,250,40.5,1.862,30.3,20.0,8.43,28.0,28.0,267,14.9,37.0,13,7126.5329446019705,3554.49,29.1990513867172,PQ40/30
0.112,350,32.0,0.237,20.5,11.5,2.07,22.0,19.0,148,13.4,27.5,11,208.025720273768,979.943,96.115158659475,PQ32/20
0.09,150,26.5,2.481,20.2,11.5,2.47,19.0,15.5,440,12.0,22.5,31,9402.023383851081,655.401,81.9761008121311,PQ26/20
0.092,500,107.0,0.282,87.0,56.0,2.95,70.0,72.5,201,41.0,93.7,9,107.109600490418,43380.5,437.9948915743,PQ107/87
0.077,40,16.4,1.239,11.6,6.7,0.78,11.2,9.6,592,7.0,14.4,46,1201.17333076673,194.95,123.132584679346,PQ16/11.6
0.099,80,32.0,2.414,20.5,11.5,2.33,22.0,19.0,358,13.4,27.5,63,34503.312189002,3512.95,431.85505035569,PQ32/20
0.141,250,40.5,1.908,39.8,29.5,13.09,28.0,28.0,178,14.9,37.0,13,12697.1560681966,7070.74,29.449372884558002,PQ40/40
0.136,20,20.5,1.498,16.2,10.3,2.41,14.0,12.5,190,8.8,18.0,54,6714.75439206851,1052.76,222.924733241509,PQ20/16
0.11,200,32.0,1.806,30.4,21.3,5.18,22.0,19.0,291,13.4,27.5,22,12370.6197428188,3884.12,69.9239513205878,PQ32/30
0.167,40,65.0,2.327,60.0,42.0,13.07,45.0,40.8,127,26.0,55.0,17,8284.57915775959,14173.6,112.741654430761,PQ65/60
0.081,300,32.0,1.668,20.5,11.5,4.49,22.0,19.0,534,13.4,27.5,11,2819.94553001044,917.143,17.8690939139355,PQ32/20
0.089,20,20.5,0.557,20.2,14.3,2.98,14.0,12.5,449,8.8,18.0,6,183.28872089585798,296.223,6.26962513990205,PQ20/20
0.108,20,40.5,1.556,39.8,29.5,1.73,28.0,28.0,300,14.9,37.0,56,2074.68129073444,6278.64,637.699259634737,PQ40/40
0.118,250,32.0,0.431,30.4,21.3,3.07,22.0,19.0,255,13.4,27.5,9,409.20684517025,1584.46,37.9205304285589,PQ32/30
0.2,40,50.0,2.002,50.0,36.1,3.17,32.5,31.5,63,20.0,44.0,76,12652.967033549,4273.54,1602.00572108346,PQ50/50
0.094,80,20.5,1.249,20.2,14.3,2.34,14.0,12.5,396,8.8,18.0,31,3813.22430077123,1775.19,87.723050167839,PQ20/20
0.078,400,26.5,2.373,24.8,16.1,4.25,19.0,15.5,583,12.0,22.5,17,9853.88497615052,1426.59,26.6258373762938,PQ26/25
0.165,20,26.5,1.452,20.2,11.5,1.82,19.0,15.5,130,12.0,22.5,72,9794.70933567626,932.452,694.553821702831,PQ26/20
0.08,400,32.0,1.409,20.5,11.5,2.41,22.0,19.0,545,13.4,27.5,18,4729.03502679165,971.212,55.067852334373605,PQ32/20
0.102,200,40.5,2.027,30.3,20.0,10.93,28.0,28.0,339,14.9,37.0,11,6096.1674915125695,5875.0,19.5698144712816,PQ40/30
0.189,250,50.0,1.225,50.0,36.1,10.24,32.5,31.5,99,20.0,44.0,14,10206.4556001682,6971.2,80.4634458085322,PQ50/50
0.149,350,50.0,2.13,50.0,36.1,12.13,32.5,31.5,160,20.0,44.0,16,28825.7754522717,12048.4,67.61483973552289,PQ50/50
0.084,180,20.5,1.531,20.2,14.3,3.45,14.0,12.5,502,8.8,18.0,13,1384.88257594293,506.27,13.138618689324499,PQ20/20
0.149,250,40.5,1.991,30.3,20.0,14.43,28.0,28.0,158,14.9,37.0,12,15926.8940701378,3890.85,23.637175068683,PQ40/30
0.1,40,20.5,1.361,16.2,10.3,1.81,14.0,12.5,355,8.8,18.0,44,4192.37295975094,1137.51,159.869560525588,PQ20/16
0.09,180,16.4,0.228,11.6,6.7,0.79,11.2,9.6,435,7.0,14.4,9,44.6047846836178,67.3779,19.5476541727524,PQ16/11.6
0.154,20,35.1,2.137,34.8,25.0,2.82,26.0,23.5,148,14.3,32.0,73,11156.5585785661,5291.13,773.15408547461,PQ35/35
0.056,300,20.5,0.15,16.2,10.3,0.51,14.0,12.5,293,8.8,18.0,19,15.7076044671411,427.724,192.97300920042701,PQ20/16
0.2,50,40.5,1.002,30.3,20.0,3.9,28.0,28.0,20,14.9,37.0,32,476.792884910416,154.061,290.182764359693,PQ40/30
0.2,300,65.0,1.926,60.0,42.0,15.75,45.0,40.8,46,26.0,55.0,14,7619.7921684041,3151.35,89.0965334483316,PQ65/60
0.172,40,32.0,1.602,20.5,11.5,4.19,22.0,19.0,119,13.4,27.5,34,9976.81773059508,1036.71,176.633778350588,PQ32/20
0.174,40,26.5,0.26,24.8,16.1,0.72,19.0,15.5,117,12.0,22.5,32,223.575403082717,493.156,604.740120619145,PQ26/25
0.145,60,40.5,0.697,39.8,29.5,1.22,28.0,28.0,167,14.9,37.0,52,1739.69773610016,3736.87,1038.4881097276,PQ40/40
0.138,80,65.0,1.469,60.0,42.0,9.08,45.0,40.8,186,26.0,55.0,14,3568.4312470116797,17625.2,111.098788011666,PQ65/60
0.102,180,40.5,2.314,30.3,20.0,5.08,28.0,28.0,338,14.9,37.0,27,15757.9853756821,6334.58,106.443424408377,PQ40/30
0.138,200,65.0,1.693,60.0,42.0,2.63,45.0,40.8,136,26.0,55.0,60,21167.7095250322,12924.6,1816.36981353876,PQ65/60
0.165,150,50.0,2.417,40.0,26.1,10.01,32.0,31.5,130,20.0,44.0,21,23622.257902598998,5927.25,102.87456613180899,PQ50/40
0.154,120,32.0,0.805,30.4,21.3,3.81,22.0,19.0,148,13.4,27.5,18,2358.70084471966,1610.0,89.74640789827899,PQ32/30
0.158,250,35.1,0.294,34.8,25.0,3.37,26.0,23.5,25,14.3,32.0,10,30.9327659245652,123.111,73.5017462620675,PQ35/35
0.108,400,35.1,2.412,34.8,25.0,10.98,26.0,23.5,301,14.3,32.0,13,17096.5707481231,5910.72,22.3287269316585,PQ35/35
0.071,600,20.5,0.439,20.2,14.3,1.89,14.0,12.5,401,8.8,18.0,7,76.0216385883893,183.745,10.3987370927079,PQ20/20
0.129,120,32.0,0.99,30.4,21.3,4.13,22.0,19.0,211,13.4,27.5,23,5752.28935664146,4649.14,123.766630515443,PQ32/30
0.089,500,32.0,2.101,20.5,11.5,5.35,22.0,19.0,446,13.4,27.5,12,8245.469638491359,790.1700000000001,17.5679198407914,PQ32/20
0.078,150,20.5,1.844,16.2,10.3,3.59,14.0,12.5,581,8.8,18.0,16,2749.17512237309,622.226,16.5147245804736,PQ20/16
0.2,40,40.5,0.539,30.3,20.0,3.47,28.0,28.0,21,14.9,37.0,19,175.536941305476,123.281,171.325210736797,PQ40/30
0.095,300,50.0,2.01,40.0,26.1,6.78,32.0,31.5,389,20.0,44.0,18,13800.5161350292,15755.5,87.5887791017283,PQ50/40
0.144,10,65.0,1.858,60.0,42.0,7.45,45.0,40.8,171,26.0,55.0,24,10911.91212701,22418.8,269.417496713356,PQ65/60
0.1,80,20.5,1.18,20.2,14.3,3.16,14.0,12.5,354,8.8,18.0,24,3374.80280810213,1832.24,54.9878393147612,PQ20/20
0.096,120,32.0,2.242,30.4,21.3,7.66,22.0,19.0,382,13.4,27.5,18,9072.18657853342,6766.64,39.4977996696213,PQ32/30
0.084,300,35.1,1.632,34.8,25.0,1.61,26.0,23.5,495,14.3,32.0,30,3532.37722736254,1811.02,160.80778107272002,PQ35/35
0.135,300,50.0,0.738,40.0,26.1,5.7,32.0,31.5,195,20.0,44.0,12,3135.99320630894,8530.74,89.4091552450554,PQ50/40
0.108,400,65.0,1.207,60.0,42.0,6.37,45.0,40.8,302,26.0,55.0,12,3882.67832724595,17347.6,95.9857793194558,PQ65/60
0.2,100,40.5,0.895,30.3,20.0,11.55,28.0,28.0,55,14.9,37.0,9,998.873352995652,779.769,25.168806101890098,PQ40/30
0.05,400,40.5,1.136,30.3,20.0,0.55,28.0,28.0,472,14.9,37.0,63,639.262047611227,1331.79,1014.6499817868,PQ40/30
0.081,300,16.4,0.529,11.6,6.7,2.83,11.2,9.6,535,7.0,14.4,6,279.922312416281,143.818,4.23400286157307,PQ16/11.6
0.102,250,26.5,1.468,20.2,11.5,5.8,19.0,15.5,337,12.0,22.5,15,10860.948380285,1801.86,29.865672437620297,PQ26/20
0.079,100,32.0,1.885,20.5,11.5,4.91,22.0,19.0,563,13.4,27.5,12,1757.95598375002,1221.26,19.221055955137,PQ32/20
0.085,40,16.4,1.439,11.6,6.7,0.9,11.2,9.6,490,7.0,14.4,46,1559.48599052644,143.155,108.81779253049,PQ16/11.6
0.119,180,50.0,2.191,40.0,26.1,8.41,32.0,31.5,249,20.0,44.0,24,30101.5737662407,21549.1,145.40467731739,PQ50/40
0.172,200,32.0,0.184,20.5,11.5,2.86,22.0,19.0,119,13.4,27.5,6,131.179796846362,568.503,35.85723615567969,PQ32/20
0.08,200,32.0,1.513,30.4,21.3,1.48,22.0,19.0,558,13.4,27.5,32,3249.9632171575004,1806.46,170.219093246204,PQ32/30
0.084,150,16.4,1.323,11.6,6.7,3.17,11.2,9.6,502,7.0,14.4,12,1321.80580335987,145.68800000000002,7.94023037998334,PQ16/11.6
0.176,500,50.0,1.272,50.0,36.1,14.18,32.5,31.5,114,20.0,44.0,8,7262.767107427389,4616.19,25.4672883941797,PQ50/50
0.184,40,32.0,1.192,20.5,11.5,3.33,22.0,19.0,104,13.4,27.5,34,6466.28049125063,838.799,225.944229311528,PQ32/20
0.119,180,20.5,0.218,20.2,14.3,2.63,14.0,12.5,249,8.8,18.0,8,196.70119934525098,1272.3,24.6090888355152,PQ20/20
0.092,120,32.0,2.416,30.4,21.3,1.49,22.0,19.0,413,13.4,27.5,49,6260.5811941293805,1254.57,276.082923740056,PQ32/30
0.146,600,50.0,0.472,40.0,26.1,9.58,32.0,31.5,93,20.0,44.0,6,712.323959728224,3815.69,32.9059758531606,PQ50/40
0.084,200,32.0,1.028,20.5,11.5,0.9,22.0,19.0,499,13.4,27.5,35,2538.25098381825,712.026,270.960245928813,PQ32/20
0.098,250,40.5,1.663,39.8,29.5,4.12,28.0,28.0,369,14.9,37.0,25,8981.60520831603,9568.99,120.707487230195,PQ40/40
0.117,400,32.0,0.917,20.5,11.5,7.76,22.0,19.0,260,13.4,27.5,7,3141.31623444051,1199.97,11.922573428465,PQ32/20
0.173,400,50.0,1.743,50.0,36.1,17.2,32.5,31.5,118,20.0,44.0,9,12007.8219838785,5742.89,25.0486167097323,PQ50/50
0.081,600,32.0,1.348,20.5,11.5,3.91,22.0,19.0,539,13.4,27.5,11,4410.48746498259,1024.8600000000001,21.3271539230732,PQ32/20
0.2,80,32.0,0.331,20.5,11.5,4.22,22.0,19.0,50,13.4,27.5,9,162.698907878776,232.877,47.8135991146265,PQ32/20
0.132,40,32.0,1.734,30.4,21.3,3.63,22.0,19.0,202,13.4,27.5,43,9570.568398499,4880.94,276.065131717761,PQ32/30
0.075,400,50.0,0.483,40.0,26.1,1.36,32.0,31.5,352,20.0,44.0,23,519.352831822149,8391.63,472.36186848450603,PQ50/40
0.079,300,32.0,1.803,20.5,11.5,2.14,22.0,19.0,570,13.4,27.5,27,9385.90367944161,1322.8899999999999,100.887599634829,PQ32/20
0.096,120,26.5,2.189,24.8,16.1,4.24,19.0,15.5,381,12.0,22.5,32,19956.5825192361,4177.42,100.856882552852,PQ26/25
0.2,60,26.5,0.537,24.8,16.1,4.03,19.0,15.5,68,12.0,22.5,16,835.173332661552,508.691,80.62327577058551,PQ26/25
0.199,80,40.5,1.85,39.8,29.5,13.58,28.0,28.0,89,14.9,37.0,16,8718.84529793022,3916.12,45.666984075968905,PQ40/40
0.05,600,16.4,0.072,11.6,6.7,0.69,11.2,9.6,190,7.0,14.4,9,2.97697899630543,156.224,54.360975145501705,PQ16/11.6
0.094,200,32.0,1.563,30.4,21.3,2.97,22.0,19.0,400,13.4,27.5,30,10549.3532226399,4900.04,145.716012420706,PQ32/30
0.105,350,50.0,2.308,50.0,36.1,6.36,32.5,31.5,318,20.0,44.0,23,22585.4859461283,17305.2,131.149781320608,PQ50/50
0.106,150,50.0,1.559,40.0,26.1,3.82,32.0,31.5,317,20.0,44.0,23,4936.32878714165,7813.09,175.609644904994,PQ50/40
0.078,50,20.5,2.399,20.2,14.3,2.55,14.0,12.5,580,8.8,18.0,30,2499.03380212593,1088.3,49.015408974845,PQ20/20
0.142,200,50.0,1.815,40.0,26.1,9.65,32.0,31.5,174,20.0,44.0,16,13377.1779645686,8219.789999999999,75.2222210758422,PQ50/40
0.2,80,40.5,0.793,39.8,29.5,3.35,28.0,28.0,84,14.9,37.0,27,2270.0114319844,2048.51,252.310317315141,PQ40/40
0.091,20,16.4,2.301,11.6,6.7,1.01,11.2,9.6,422,7.0,14.4,70,2995.91863882763,156.812,169.776546126023,PQ16/11.6
0.134,60,32.0,1.563,30.4,21.3,3.18,22.0,19.0,198,13.4,27.5,46,13371.118536024102,4862.79,343.040257535151,PQ32/30
0.2,120,65.0,1.999,60.0,42.0,6.02,45.0,40.8,33,26.0,55.0,39,5117.51350397855,1890.23,670.307330371673,PQ65/60
0.2,20,32.0,2.473,30.4,21.3,6.36,22.0,19.0,64,13.4,27.5,46,10103.272451915,1446.25,239.06442769628,PQ32/30
0.2,180,50.0,0.755,50.0,36.1,10.77,32.5,31.5,53,20.0,44.0,9,940.9214634225281,2289.42,49.6085827371059,PQ50/50
0.084,100,35.1,2.251,34.8,25.0,1.65,26.0,23.5,504,14.3,32.0,40,3009.9960403092,2266.05,222.822204408837,PQ35/35
0.107,30,40.5,1.633,30.3,20.0,12.84,28.0,28.0,310,14.9,37.0,8,4249.83418278843,5158.15,12.2640214371425,PQ40/30
0.079,20,107.0,0.811,87.0,56.0,1.76,70.0,72.5,569,41.0,93.7,14,903.2398433069781,21421.6,426.42762426715,PQ107/87
0.084,180,16.4,0.865,11.6,6.7,2.38,11.2,9.6,503,7.0,14.4,11,728.273008807179,137.584,9.464454476993131,PQ16/11.6
0.122,100,32.0,2.296,30.4,21.3,5.49,22.0,19.0,239,13.4,27.5,36,29568.5603483502,6946.91,155.27650166628,PQ32/30
0.094,400,26.5,0.928,24.8,16.1,3.05,19.0,15.5,401,12.0,22.5,9,887.662966818037,418.153,16.069463273447,PQ26/25
0.088,50,20.5,2.353,16.2,10.3,2.74,14.0,12.5,454,8.8,18.0,27,2515.71936660266,450.787,38.4131409760245,PQ20/16
0.112,120,35.1,0.148,34.8,25.0,0.95,26.0,23.5,235,14.3,32.0,15,46.3544158855236,3651.2,297.056764955129,PQ35/35
0.2,40,26.5,1.187,20.2,11.5,6.38,19.0,15.5,47,12.0,22.5,23,2596.0171513164696,292.94599999999997,83.9833461191168,PQ26/20
0.147,100,16.4,0.183,11.6,6.7,2.83,11.2,9.6,164,7.0,14.4,6,100.285935778869,189.108,10.5571851883546,PQ16/11.6
0.105,200,26.5,1.069,24.8,16.1,3.61,19.0,15.5,319,12.0,22.5,18,4807.94718735891,1963.3700000000001,57.2227971642225,PQ26/25
0.089,60,20.5,2.215,20.2,14.3,3.89,14.0,12.5,441,8.8,18.0,18,1611.9650066736099,608.964,18.8337103527608,PQ20/20
0.124,300,40.5,0.298,30.3,20.0,1.74,28.0,28.0,151,14.9,37.0,16,297.213176500166,1838.68,201.809198805049,PQ40/30
0.078,80,20.5,1.672,16.2,10.3,2.01,14.0,12.5,585,8.8,18.0,25,1847.7570622639098,538.122,43.7090404935412,PQ20/16
0.188,180,50.0,1.635,40.0,26.1,11.02,32.0,31.5,100,20.0,44.0,17,19059.0822352297,6086.5,92.4943631750656,PQ50/40
0.077,10,16.4,2.287,11.6,6.7,0.93,11.2,9.6,594,7.0,14.4,71,1700.31241993663,250.51,175.609783735535,PQ16/11.6
0.108,50,16.4,1.357,11.6,6.7,3.56,11.2,9.6,301,7.0,14.4,22,3404.64257299408,364.271,26.1429986393418,PQ16/11.6
0.08,300,35.1,0.586,34.8,25.0,1.13,26.0,23.5,299,14.3,32.0,33,728.400058064443,3250.01,444.21320975382497,PQ35/35
0.094,180,50.0,1.56,50.0,36.1,1.65,32.5,31.5,399,20.0,44.0,60,14533.5367485661,20859.1,1215.92876464541,PQ50/50
0.094,180,35.1,0.588,34.8,25.0,1.15,26.0,23.5,399,14.3,32.0,29,1042.88571699601,4076.9599999999996,341.985005628435,PQ35/35
0.079,600,20.5,0.659,20.2,14.3,3.41,14.0,12.5,564,8.8,18.0,6,457.58224621719603,449.736,5.46497556622255,PQ20/20
0.081,10,40.5,2.455,30.3,20.0,6.44,28.0,28.0,538,14.9,37.0,11,6954.87737105975,2288.68,16.8739412377553,PQ40/30
0.084,250,20.5,1.15,16.2,10.3,3.94,14.0,12.5,495,8.8,18.0,9,1048.9611066814798,349.54699999999997,7.6686760458758,PQ20/16
0.147,50,50.0,2.179,40.0,26.1,4.46,32.0,31.5,164,20.0,44.0,44,15233.6105768603,9347.71,491.125718400846,PQ50/40
0.122,40,65.0,0.061,60.0,42.0,0.5,45.0,40.8,238,26.0,55.0,11,8.0306331045721,7090.12,936.913624457002,PQ65/60
0.118,60,20.5,1.31,16.2,10.3,3.99,14.0,12.5,252,8.8,18.0,21,3309.22130321871,752.327,37.6104119704356,PQ20/16
0.117,60,32.0,0.994,30.4,21.3,4.19,22.0,19.0,256,13.4,27.5,15,1035.4134108828398,2228.23,52.4169999146911,PQ32/30
0.169,180,40.5,1.771,30.3,20.0,10.86,28.0,28.0,124,14.9,37.0,14,10687.4832109044,2250.95,35.229476741195505,PQ40/30
0.085,250,26.5,2.233,20.2,11.5,3.55,19.0,15.5,489,12.0,22.5,19,7585.1209092256295,711.798,33.6699940783729,PQ26/20
0.107,80,20.5,0.806,16.2,10.3,2.09,14.0,12.5,310,8.8,18.0,22,1466.4741289031,640.077,61.3245108769863,PQ20/16
0.089,400,26.5,1.948,24.8,16.1,5.24,19.0,15.5,442,12.0,22.5,12,5458.81882723935,910.094,15.5916640088854,PQ26/25
0.155,40,26.5,1.959,20.2,11.5,4.14,19.0,15.5,147,12.0,22.5,41,17518.6910651819,1190.59,175.211556059433,PQ26/20
0.116,350,32.0,0.632,30.4,21.3,3.3,22.0,19.0,264,13.4,27.5,11,1187.9761932622498,1480.4299999999998,40.9432525215389,PQ32/30
0.165,500,40.5,0.691,39.8,29.5,10.4,28.0,28.0,116,14.9,37.0,6,1311.61361974427,1867.8,13.9237405016422,PQ40/40
0.179,350,50.0,2.01,40.0,26.1,19.64,32.0,31.5,110,20.0,44.0,9,16959.1344199021,4085.32,21.917458108265,PQ50/40
0.081,400,26.5,2.2,24.8,16.1,4.34,19.0,15.5,538,12.0,22.5,15,7171.5671358767395,1119.1100000000001,22.0699342638487,PQ26/25
0.113,400,50.0,1.844,50.0,36.1,9.59,32.5,31.5,275,20.0,44.0,12,8741.38142210172,11166.4,42.538951768278,PQ50/50
0.091,180,26.5,2.34,24.8,16.1,2.84,19.0,15.5,428,12.0,22.5,24,5656.90221644463,728.273,53.6935083402032,PQ26/25
0.078,150,16.4,0.505,11.6,6.7,1.35,11.2,9.6,573,7.0,14.4,12,254.220356802001,160.65,17.6068970054915,PQ16/11.6
0.128,60,32.0,0.586,20.5,11.5,1.18,22.0,19.0,217,13.4,27.5,48,3520.1599949275,2610.0,823.182581995741,PQ32/20
0.178,80,40.5,1.944,39.8,29.5,10.42,28.0,28.0,111,14.9,37.0,18,7261.42345606014,3674.04,55.6873223544787,PQ40/40
0.104,350,50.0,1.327,40.0,26.1,5.94,32.0,31.5,325,20.0,44.0,13,4852.4140582456,8225.53,64.083650065399,PQ50/40
0.084,150,26.5,2.138,24.8,16.1,2.49,19.0,15.5,497,12.0,22.5,25,4159.38614539223,907.027,62.7137326122322,PQ26/25
0.126,30,20.5,0.962,16.2,10.3,2.82,14.0,12.5,223,8.8,18.0,32,3194.96460100173,1399.2,112.271033854638,PQ20/16
0.092,180,32.0,2.433,20.5,11.5,5.07,22.0,19.0,419,13.4,27.5,14,4258.27128690168,664.529,21.181633280319,PQ32/20
0.106,600,65.0,1.81,60.0,42.0,6.79,45.0,40.8,312,26.0,55.0,16,14626.557741890902,19364.5,122.157262617928,PQ65/60
0.117,100,20.5,0.628,16.2,10.3,2.67,14.0,12.5,257,8.8,18.0,14,767.007588626096,449.204,30.5029925891547,PQ20/16
0.078,350,26.5,2.454,20.2,11.5,4.39,19.0,15.5,578,12.0,22.5,17,11175.4747929537,1025.69,24.882728243735897,PQ26/20
0.101,150,32.0,2.196,30.4,21.3,3.66,22.0,19.0,345,13.4,27.5,35,17835.6288639367,4855.95,151.84347340124302,PQ32/30
0.2,50,32.0,1.091,20.5,11.5,5.58,22.0,19.0,49,13.4,27.5,25,3044.62329750796,437.477,131.659059088675,PQ32/20
0.161,400,40.5,0.855,39.8,29.5,9.78,28.0,28.0,136,14.9,37.0,8,2721.35557190141,2896.82,20.8271353774443,PQ40/40
0.082,80,16.4,1.431,11.6,6.7,1.94,11.2,9.6,528,7.0,14.4,23,1823.3739025908,202.21,27.3285612261644,PQ16/11.6
0.103,300,35.1,0.972,34.8,25.0,2.97,26.0,23.5,332,14.3,32.0,21,4366.15481179685,5140.75,118.775879756505,PQ35/35
0.2,120,50.0,1.541,40.0,26.1,10.03,32.0,31.5,86,20.0,44.0,18,12089.0838100263,4757.43,108.74609123256701,PQ50/40
0.2,40,32.0,1.086,30.4,21.3,3.95,22.0,19.0,59,13.4,27.5,31,2102.96959909452,710.043,208.675059436591,PQ32/30
0.117,50,20.5,0.965,16.2,10.3,2.73,14.0,12.5,256,8.8,18.0,20,1199.77271818107,485.02,43.71168542033,PQ20/16
0.105,120,26.5,1.235,20.2,11.5,4.5,19.0,15.5,319,12.0,22.5,17,4819.94545686429,1709.83,44.3437576470107,PQ26/20
0.164,100,40.5,1.249,30.3,20.0,5.22,28.0,28.0,131,14.9,37.0,23,6290.09402026969,2769.98,125.497187542718,PQ40/30
0.156,250,35.1,0.614,34.8,25.0,6.24,26.0,23.5,145,14.3,32.0,9,1302.75940030224,2265.51,31.8359510716987,PQ35/35
0.084,600,26.5,0.769,20.2,11.5,2.87,19.0,15.5,496,12.0,22.5,8,1017.13610609645,449.858,14.653077533145801,PQ26/20
0.127,50,20.5,1.04,20.2,14.3,3.23,14.0,12.5,218,8.8,18.0,28,3530.01057950929,1525.93,82.6684529707962,PQ20/20
0.2,40,32.0,1.392,30.4,21.3,4.79,22.0,19.0,35,13.4,27.5,34,1630.49075950033,339.721,205.513648995726,PQ32/30
0.14,120,32.0,1.625,30.4,21.3,7.55,22.0,19.0,179,13.4,27.5,20,12138.2082901821,4105.03,62.864417189939395,PQ32/30
0.167,40,107.0,1.581,87.0,56.0,11.78,70.0,72.5,126,41.0,93.7,13,5288.4907357524,37048.6,207.88886013548398,PQ107/87
0.133,20,20.5,0.804,16.2,10.3,1.41,14.0,12.5,200,8.8,18.0,52,2263.15302024013,975.397,343.432004275885,PQ20/16
0.117,150,26.5,0.914,24.8,16.1,2.95,19.0,15.5,260,12.0,22.5,18,2519.31766340085,1129.07,65.10266205519639,PQ26/25
0.086,400,26.5,2.179,20.2,11.5,6.62,19.0,15.5,476,12.0,22.5,10,6191.80513077254,681.589,9.52221945123376,PQ26/20
0.2,120,40.5,2.12,39.8,29.5,14.36,28.0,28.0,84,14.9,37.0,19,20419.7360364059,4817.59,58.104761305970996,PQ40/40
0.101,350,65.0,2.105,60.0,42.0,4.05,45.0,40.8,347,26.0,55.0,32,24369.6296764524,27108.6,432.453075534468,PQ65/60
0.116,250,40.5,2.434,30.3,20.0,7.53,28.0,28.0,262,14.9,37.0,19,16634.2289176796,4018.86,50.699389289255606,PQ40/30
0.057,400,32.0,1.24,30.4,21.3,0.86,22.0,19.0,489,13.4,27.5,41,940.166967708584,987.452,327.392155904005,PQ32/30
0.084,20,40.5,1.159,39.8,29.5,2.79,28.0,28.0,495,14.9,37.0,12,687.542834650039,1729.58,36.739575747977,PQ40/40
0.096,300,20.5,0.226,20.2,14.3,2.38,14.0,12.5,381,8.8,18.0,6,111.526622434906,917.278,13.4057875035299,PQ20/20
0.2,300,50.0,1.509,40.0,26.1,19.14,32.0,31.5,52,20.0,44.0,9,5200.04801354819,1751.84,27.6785301879087,PQ50/40
0.102,300,40.5,2.348,39.8,29.5,5.29,28.0,28.0,336,14.9,37.0,27,20577.7140715767,9667.31,108.682249237487,PQ40/40
0.121,50,35.1,0.574,34.8,25.0,0.7,26.0,23.5,242,14.3,32.0,72,1662.76895687916,5090.14,2154.26128440932,PQ35/35
0.106,50,32.0,2.061,30.4,21.3,5.64,22.0,19.0,314,13.4,27.5,23,5033.75729873784,4781.34,68.91871164783241,PQ32/30
0.163,80,26.5,0.796,24.8,16.1,4.21,19.0,15.5,133,12.0,22.5,16,1952.39214061893,831.664,57.7849715240546,PQ26/25
0.053,500,20.5,0.161,16.2,10.3,1.02,14.0,12.5,248,8.8,18.0,14,25.462341730254902,741.918,98.7168735960228,PQ20/16
0.103,50,20.5,0.622,20.2,14.3,1.47,14.0,12.5,332,8.8,18.0,26,617.507656889702,1022.1,107.657429843077,PQ20/20
0.08,80,26.5,2.494,24.8,16.1,1.06,19.0,15.5,551,12.0,22.5,72,9103.86375315231,1355.1,458.89480286004095,PQ26/25
0.084,60,16.4,0.651,11.6,6.7,0.76,11.2,9.6,503,7.0,14.4,25,299.400227437137,107.996,61.7861733378247,PQ16/11.6
0.101,500,26.5,0.413,20.2,11.5,4.11,19.0,15.5,345,12.0,22.5,6,756.9084967223951,1178.78,14.1256355777242,PQ26/20
0.111,180,32.0,0.828,20.5,11.5,3.66,22.0,19.0,289,13.4,27.5,13,2052.99432672745,1289.2,44.8760042823067,PQ32/20
0.099,60,32.0,1.637,20.5,11.5,1.08,22.0,19.0,361,13.4,27.5,87,16235.6606502641,2589.64,1135.8511090365298,PQ32/20
0.117,500,40.5,1.727,30.3,20.0,10.91,28.0,28.0,259,14.9,37.0,9,7900.41781877972,2934.11,14.8324645191348,PQ40/30
0.2,120,65.0,0.858,60.0,42.0,2.32,45.0,40.8,53,26.0,55.0,44,2724.17939644853,3224.66,1725.01350154069,PQ65/60
0.125,120,40.5,2.417,30.3,20.0,5.64,28.0,28.0,225,14.9,37.0,37,32926.3265310575,8194.99,193.394004653514,PQ40/30
0.109,10,20.5,2.184,20.2,14.3,1.98,14.0,12.5,295,8.8,18.0,67,4103.383780420039,1636.38,263.879191278209,PQ20/20
0.102,350,35.1,1.727,34.8,25.0,5.91,26.0,23.5,336,14.3,32.0,17,10139.109259843799,5634.03,49.3926951483659,PQ35/35
0.191,100,50.0,2.098,50.0,36.1,7.6,32.5,31.5,97,20.0,44.0,34,31069.4080128128,10325.6,309.008625461507,PQ50/50
0.077,80,20.5,2.002,16.2,10.3,1.48,14.0,12.5,596,8.8,18.0,42,4332.19464469106,668.366,106.306834608045,PQ20/16
0.119,180,32.0,0.589,30.4,21.3,1.87,22.0,19.0,251,13.4,27.5,20,1189.50502240417,1711.05,143.61105291668702,PQ32/30
0.2,50,40.5,1.47,39.8,29.5,8.64,28.0,28.0,82,14.9,37.0,20,4169.82940949945,2930.71,85.0508606338494,PQ40/40
0.078,40,16.4,2.203,11.6,6.7,1.69,11.2,9.6,582,7.0,14.4,42,3755.67394194024,313.197,63.419566439643106,PQ16/11.6
0.144,80,40.5,2.276,39.8,29.5,3.96,28.0,28.0,170,14.9,37.0,50,20156.6692367479,6856.76,381.65630569608203,PQ40/40
0.118,400,35.1,1.455,34.8,25.0,12.67,26.0,23.5,254,14.3,32.0,7,3993.38894950577,3433.1299999999997,9.57559482028153,PQ35/35
0.088,10,16.4,1.681,11.6,6.7,1.58,11.2,9.6,460,7.0,14.4,33,849.834937299357,165.125,49.2164957050462,PQ16/11.6
0.113,600,35.1,1.656,34.8,25.0,14.64,26.0,23.5,275,14.3,32.0,7,7604.97069019671,4450.35,8.65066602678441,PQ35/35
0.078,180,35.1,1.783,34.8,25.0,7.0,26.0,23.5,587,14.3,32.0,8,1096.72837812372,3118.47,10.668028816984,PQ35/35
0.094,80,32.0,1.387,20.5,11.5,0.56,22.0,19.0,401,13.4,27.5,72,3382.22575266169,476.664,893.046587923187,PQ32/20
0.119,200,40.5,0.9,39.8,29.5,3.58,28.0,28.0,248,14.9,37.0,23,4292.61105464593,8906.22,165.184371680368,PQ40/40
0.107,600,65.0,1.683,60.0,42.0,4.51,45.0,40.8,307,26.0,55.0,24,21961.6603788398,21646.3,291.756124546106,PQ65/60
0.125,80,16.4,0.111,11.6,6.7,1.06,11.2,9.6,225,7.0,14.4,10,48.4350227857512,314.65,45.6353663666693,PQ16/11.6
0.05,600,50.0,1.306,50.0,36.1,0.57,32.5,31.5,463,20.0,44.0,72,1096.16349525964,3849.34,2015.9098704683101,PQ50/50
0.148,30,16.4,0.359,11.6,6.7,1.63,11.2,9.6,162,7.0,14.4,19,323.245534222531,188.176,59.013813018344,PQ16/11.6
0.085,50,16.4,2.092,11.6,6.7,1.53,11.2,9.6,492,7.0,14.4,39,3113.29580060144,162.596,57.1557004792065,PQ16/11.6
0.109,60,20.5,0.613,16.2,10.3,1.44,14.0,12.5,296,8.8,18.0,24,684.024476208407,505.109,91.5129602936525,PQ20/16
0.086,60,20.5,2.265,20.2,14.3,2.01,14.0,12.5,482,8.8,18.0,34,2627.25735067225,644.039,65.9887871569509,PQ20/20
0.142,40,32.0,0.255,30.4,21.3,0.5,22.0,19.0,175,13.4,27.5,48,250.46533093511704,1823.12,1700.47642602021,PQ32/30
0.153,500,65.0,1.357,60.0,42.0,7.32,45.0,40.8,150,26.0,55.0,16,14546.8304508908,11446.8,154.959827187094,PQ65/60
0.101,20,20.5,2.499,16.2,10.3,1.68,14.0,12.5,345,8.8,18.0,92,13787.2045924223,1673.53,424.248776960226,PQ20/16
0.092,100,20.5,2.066,20.2,14.3,2.29,14.0,12.5,417,8.8,18.0,26,2487.5679845892,415.014,41.5142520963107,PQ20/20
0.138,300,32.0,0.408,20.5,11.5,3.97,22.0,19.0,104,13.4,27.5,9,424.782038684796,470.201,39.7074157822036,PQ32/20
0.087,30,20.5,1.593,16.2,10.3,0.62,14.0,12.5,461,8.8,18.0,79,1975.68867037338,361.651,453.134527710401,PQ20/16
0.09,180,26.5,1.574,24.8,16.1,1.7,19.0,15.5,436,12.0,22.5,27,3135.8640362989,610.957,93.8101561648137,PQ26/25
0.105,400,26.5,1.058,20.2,11.5,6.65,19.0,15.5,321,12.0,22.5,9,5226.68440396659,1272.91,14.156919341758,PQ26/20
0.077,20,40.5,1.959,39.8,29.5,4.43,28.0,28.0,593,14.9,37.0,14,2428.60650806977,4266.58,33.4490042900172,PQ40/40
0.104,200,26.5,2.396,24.8,16.1,7.95,19.0,15.5,325,12.0,22.5,18,20388.5021943872,2981.46,29.6302321384273,PQ26/25
0.2,150,40.5,1.682,39.8,29.5,14.85,28.0,28.0,21,14.9,37.0,13,1010.5728226651,245.592,32.4057684396844,PQ40/40
0.094,50,20.5,0.886,20.2,14.3,1.32,14.0,12.5,399,8.8,18.0,41,1857.57592959174,1704.37,201.064675825885,PQ20/20
0.2,10,20.5,0.465,16.2,10.3,1.23,14.0,12.5,29,8.8,18.0,44,137.748763219799,42.0214,388.832087759061,PQ20/16
0.2,50,26.5,0.889,24.8,16.1,4.96,19.0,15.5,60,12.0,22.5,21,1839.5752589662,464.438,90.75678175914531,PQ26/25
0.108,30,16.4,1.504,11.6,6.7,2.74,11.2,9.6,302,7.0,14.4,34,4438.97531517062,461.486,57.300806232229796,PQ16/11.6
0.097,20,32.0,1.818,20.5,11.5,0.66,22.0,19.0,375,13.4,27.5,174,15927.1003741332,3696.85,4164.38153370297,PQ32/20
0.14,300,65.0,1.824,60.0,42.0,4.63,45.0,40.8,167,26.0,55.0,34,28356.6823410906,15911.699999999999,548.832747291881,PQ65/60
0.098,30,16.4,1.675,11.6,6.7,2.03,11.2,9.6,370,7.0,14.4,50,7475.4827684501,660.585,113.31760252483801,PQ16/11.6
0.081,350,32.0,2.396,20.5,11.5,3.85,22.0,19.0,535,13.4,27.5,20,13180.0888807327,1343.41,43.801696725923996,PQ32/20
0.083,120,16.4,0.965,11.6,6.7,1.92,11.2,9.6,511,7.0,14.4,15,786.417074532936,143.372,16.0799935501909,PQ16/11.6
0.102,100,32.0,1.368,20.5,11.5,1.93,22.0,19.0,340,13.4,27.5,45,12302.6942900598,2774.12,352.76716423365,PQ32/20
0.075,150,50.0,0.805,40.0,26.1,0.61,32.0,31.5,506,20.0,44.0,40,436.390807756104,2644.01,921.423413219717,PQ50/40
0.2,250,50.0,1.482,40.0,26.1,18.43,32.0,31.5,44,20.0,44.0,10,4106.20721352814,1598.98,34.6875220408259,PQ50/40
0.097,200,32.0,0.745,30.4,21.3,2.42,22.0,19.0,375,13.4,27.5,18,1588.7235609336,3157.08,95.5988084093075,PQ32/30
0.119,60,65.0,0.911,60.0,42.0,9.35,45.0,40.8,251,26.0,55.0,6,1104.63345217451,10242.4,30.4094939380853,PQ65/60
0.084,500,32.0,2.31,30.4,21.3,6.08,22.0,19.0,498,13.4,27.5,12,6511.89619352972,1935.71,17.1469252569332,PQ32/30
0.136,60,32.0,1.586,30.4,21.3,3.01,22.0,19.0,192,13.4,27.5,48,13542.461458178,4356.73,369.32939097154,PQ32/30
0.078,100,20.5,1.202,16.2,10.3,1.72,14.0,12.5,586,8.8,18.0,21,1062.6131418247699,456.447,40.290008549904,PQ20/16
0.178,50,32.0,1.984,30.4,21.3,5.03,22.0,19.0,111,13.4,27.5,34,10769.2508842997,1569.92,155.188446579969,PQ32/30
0.118,100,35.1,1.605,34.8,25.0,2.3,26.0,23.5,254,14.3,32.0,41,6385.61976019889,3293.69,304.503195398589,PQ35/35
0.078,400,26.5,2.215,20.2,11.5,4.12,19.0,15.5,583,12.0,22.5,16,9854.82842858613,940.224,24.0390867644517,PQ26/20
0.078,400,26.5,1.747,20.2,11.5,3.59,19.0,15.5,578,12.0,22.5,15,6422.21500165398,917.91,25.7904655581648,PQ26/20
0.091,600,40.5,1.595,30.3,20.0,2.99,28.0,28.0,428,14.9,37.0,15,3302.6038238555698,1083.8000000000002,43.9013216709266,PQ40/30
0.082,200,20.5,1.275,20.2,14.3,2.42,14.0,12.5,524,8.8,18.0,16,1404.20125969251,537.725,22.9724966071381,PQ20/20
0.137,10,26.5,1.821,20.2,11.5,5.73,19.0,15.5,187,12.0,22.5,28,5826.67038959642,1874.27,86.9057459163053,PQ26/20
0.105,20,26.5,1.362,24.8,16.1,6.63,19.0,15.5,323,12.0,22.5,13,2307.95542160671,2538.49,24.4754442741511,PQ26/25
0.2,30,40.5,1.609,30.3,20.0,9.2,28.0,28.0,30,14.9,37.0,20,1813.05592222185,331.359,77.5870206568735,PQ40/30
0.2,100,26.5,0.407,20.2,11.5,7.09,19.0,15.5,53,12.0,22.5,7,314.191268554056,244.46,19.5145953353696,PQ26/20
0.085,600,32.0,1.702,20.5,11.5,4.92,22.0,19.0,488,13.4,27.5,10,5042.1168663649305,734.068,14.5241122231813,PQ32/20
0.111,30,32.0,1.271,30.4,21.3,2.45,22.0,19.0,289,13.4,27.5,31,1603.36900653117,2718.0499999999997,183.558502845007,PQ32/30
0.087,60,26.5,0.769,24.8,16.1,0.58,19.0,15.5,471,12.0,22.5,38,381.570238388667,475.523,335.006004563363,PQ26/25
0.096,20,20.5,2.203,20.2,14.3,1.6,14.0,12.5,383,8.8,18.0,79,7003.01464898568,2250.58,364.346919487395,PQ20/20
0.102,300,32.0,1.918,30.4,21.3,7.87,22.0,19.0,336,13.4,27.5,14,10785.7033155852,4113.47,26.9972078160686,PQ32/30
0.083,400,40.5,2.462,39.8,29.5,2.36,28.0,28.0,510,14.9,37.0,30,7491.19349613263,2949.42,129.371454189928,PQ40/40
0.083,500,26.5,0.598,24.8,16.1,1.48,19.0,15.5,512,12.0,22.5,12,612.438349662378,546.116,41.298481232101096,PQ26/25
0.142,250,50.0,1.559,40.0,26.1,6.16,32.0,31.5,174,20.0,44.0,22,17512.7088566305,8087.160000000001,160.809453212237,PQ50/40
0.147,20,26.5,2.106,24.8,16.1,2.03,19.0,15.5,164,12.0,22.5,91,18230.6094599229,2119.9,841.796220529941,PQ26/25
0.18,60,40.5,2.46,39.8,29.5,5.93,28.0,28.0,109,14.9,37.0,39,16263.172104326,3889.47,219.106959205876,PQ40/40
0.085,60,107.0,2.218,87.0,56.0,2.18,70.0,72.5,489,41.0,93.7,31,1655.12147995473,23997.6,887.346768463981,PQ107/87
0.113,60,26.5,1.553,20.2,11.5,2.28,19.0,15.5,277,12.0,22.5,40,7792.636631453071,1264.17,202.605900844654,PQ26/20
0.097,40,16.4,0.783,11.6,6.7,1.36,11.2,9.6,378,7.0,14.4,34,1606.66698310928,461.306,98.2019779072661,PQ16/11.6
0.136,10,16.4,2.485,11.6,6.7,2.83,11.2,9.6,192,7.0,14.4,76,15555.1818662109,566.042,187.317325666755,PQ16/11.6
0.113,10,20.5,0.914,16.2,10.3,0.87,14.0,12.5,278,8.8,18.0,63,901.359476807816,637.6370000000001,453.228442606651,PQ20/16
0.084,300,26.5,0.19,20.2,11.5,0.81,19.0,15.5,368,12.0,22.5,14,117.792610072152,1054.27,153.159512450244,PQ26/20
0.09,20,16.4,2.227,11.6,6.7,3.81,11.2,9.6,431,7.0,14.4,17,1202.0346493290099,139.076,10.2958747627903,PQ16/11.6
0.106,250,20.5,0.27,20.2,14.3,2.08,14.0,12.5,312,8.8,18.0,8,167.378607994516,636.271,20.4527284576639,PQ20/20
0.089,100,26.5,0.996,20.2,11.5,0.96,19.0,15.5,447,12.0,22.5,33,1360.74322560864,489.865,200.329851828987,PQ26/20
0.147,120,40.5,0.499,39.8,29.5,1.7,28.0,28.0,163,14.9,37.0,28,1042.06653240684,3489.5299999999997,397.111971104405,PQ40/40
0.2,10,16.4,0.869,11.6,6.7,3.42,11.2,9.6,70,7.0,14.4,31,1494.07239952174,140.215,74.9520860273936,PQ16/11.6
0.105,500,40.5,2.216,39.8,29.5,12.93,28.0,28.0,321,14.9,37.0,10,10893.742226850502,7626.74,15.564550693372,PQ40/40
0.082,500,32.0,1.121,20.5,11.5,2.68,22.0,19.0,519,13.4,27.5,13,2837.44122269356,824.551,34.761764601983,PQ32/20
0.2,30,26.5,1.84,24.8,16.1,7.6,19.0,15.5,39,12.0,22.5,30,3633.67303518082,345.999,102.123667302591,PQ26/25
0.096,60,26.5,0.85,24.8,16.1,1.76,19.0,15.5,380,12.0,22.5,29,1524.15540438605,2379.21,179.610295836397,PQ26/25
0.1,40,20.5,1.853,20.2,14.3,3.33,14.0,12.5,356,8.8,18.0,35,5671.74979670726,2290.04,81.966171818088,PQ20/20
0.094,50,20.5,2.068,16.2,10.3,3.6,14.0,12.5,399,8.8,18.0,36,10237.0661421497,2078.82,76.0658593426237,PQ20/16
0.108,40,16.4,1.493,11.6,6.7,3.58,11.2,9.6,305,7.0,14.4,27,5117.381340354829,524.709,36.3693069685787,PQ16/11.6
0.072,300,32.0,1.183,30.4,21.3,1.2,22.0,19.0,404,13.4,27.5,28,762.219404620735,674.433,158.621240079641,PQ32/30
0.105,40,20.5,2.108,16.2,10.3,3.1,14.0,12.5,321,8.8,18.0,39,7744.42830860757,1106.66,87.8764006983081,PQ20/16
0.158,60,50.0,1.468,40.0,26.1,1.79,32.0,31.5,142,20.0,44.0,75,14515.9563328626,6186.51,1964.53101021858,PQ50/40
0.177,30,26.5,2.351,20.2,11.5,6.45,19.0,15.5,113,12.0,22.5,32,14879.1406943429,819.87,91.3928754740114,PQ26/20
0.184,40,32.0,1.789,20.5,11.5,4.3,22.0,19.0,104,13.4,27.5,37,13065.756281760701,844.001,190.985963083963,PQ32/20
0.099,120,32.0,2.498,30.4,21.3,3.7,22.0,19.0,360,13.4,27.5,40,21275.2391861977,5909.22,179.163237347013,PQ32/30
0.079,250,50.0,2.439,50.0,36.1,1.48,32.5,31.5,560,20.0,44.0,53,10484.3215953725,8320.88,666.761837909329,PQ50/50
0.074,600,26.5,0.538,24.8,16.1,1.53,19.0,15.5,469,12.0,22.5,11,322.781767261592,512.933,37.964983484229194,PQ26/25
0.102,40,16.4,2.107,11.6,6.7,3.54,11.2,9.6,339,7.0,14.4,34,8807.37037886707,525.369,43.1800693754817,PQ16/11.6
0.087,10,26.5,2.044,24.8,16.1,3.11,19.0,15.5,463,12.0,22.5,21,2014.6770051248998,991.443,45.9247464682063,PQ26/25
0.2,100,65.0,1.881,60.0,42.0,7.79,45.0,40.8,84,26.0,55.0,29,18159.461905552,10814.3,389.593060484878,PQ65/60
0.081,400,20.5,0.326,20.2,14.3,1.49,14.0,12.5,532,8.8,18.0,7,90.5035804161043,318.42,13.3544565741979,PQ20/20
0.141,300,35.1,1.73,34.8,25.0,14.25,26.0,23.5,177,14.3,32.0,11,14001.2521193542,5489.56,20.6612431328014,PQ35/35
0.079,120,16.4,2.23,11.6,6.7,3.65,11.2,9.6,568,7.0,14.4,18,4039.8773002227795,239.077,11.5354442840695,PQ16/11.6
0.078,200,20.5,0.784,16.2,10.3,1.59,14.0,12.5,580,8.8,18.0,15,656.003528005863,374.795,29.1350301306529,PQ20/16
0.2,30,32.0,0.602,30.4,21.3,1.87,22.0,19.0,51,13.4,27.5,39,563.73831527242,500.1,537.334024450646,PQ32/30
0.11,30,107.0,2.038,87.0,56.0,11.69,70.0,72.5,292,41.0,93.7,11,11122.9727011081,62471.8,119.988114686768,PQ107/87
0.2,60,35.1,0.518,34.8,25.0,2.28,26.0,23.5,79,14.3,32.0,28,1022.53135133635,1522.42,355.603674951473,PQ35/35
0.126,150,26.5,1.137,20.2,11.5,6.03,19.0,15.5,224,12.0,22.5,16,9198.23083123941,1935.63,42.106935030939205,PQ26/20
0.13,120,40.5,1.621,30.3,20.0,7.84,28.0,28.0,208,14.9,37.0,19,9583.05531683473,6603.73,69.630513817801,PQ40/30
0.092,10,16.4,1.077,11.6,6.7,0.93,11.2,9.6,420,7.0,14.4,37,377.590941597931,126.20700000000001,89.4415147639192,PQ16/11.6
0.084,500,40.5,0.581,30.3,20.0,1.56,28.0,28.0,504,14.9,37.0,12,400.529484534824,1271.65,63.9672835607777,PQ40/30
0.173,200,50.0,0.532,50.0,36.1,3.69,32.5,31.5,118,20.0,44.0,13,857.853289473936,3455.87,138.913624593435,PQ50/50
0.2,100,40.5,0.676,30.3,20.0,10.46,28.0,28.0,75,14.9,37.0,8,964.5298181341681,1429.86,25.0754180004817,PQ40/30
0.093,150,40.5,0.62,30.3,20.0,0.97,28.0,28.0,171,14.9,37.0,56,844.708823467228,2555.14,1320.7153180374,PQ40/30
0.152,100,32.0,1.309,20.5,11.5,6.44,22.0,19.0,152,13.4,27.5,18,8832.31333395055,1484.86,58.5636949324888,PQ32/20
0.09,120,20.5,1.689,16.2,10.3,2.42,14.0,12.5,437,8.8,18.0,20,1968.3981989760998,278.488,27.6999359702202,PQ20/16
0.113,60,35.1,1.242,34.8,25.0,1.0,26.0,23.5,276,14.3,32.0,75,4492.68068032206,3553.8,1245.24732345128,PQ35/35
0.057,400,16.4,0.126,11.6,6.7,0.73,11.2,9.6,300,7.0,14.4,10,9.9294730129731,147.681,40.674080774711,PQ16/11.6
0.16,30,26.5,1.711,24.8,16.1,2.71,19.0,15.5,137,12.0,22.5,54,10561.2866527268,1307.03,350.872329978069,PQ26/25
0.09,600,32.0,0.941,30.4,21.3,2.7,22.0,19.0,431,13.4,27.5,10,980.844745989252,695.4979999999999,24.3538232693751,PQ32/30
0.084,30,20.5,2.035,20.2,14.3,1.82,14.0,12.5,502,8.8,18.0,35,1405.78464897332,716.308,76.134640358972,PQ20/20
0.131,10,20.5,0.838,20.2,14.3,0.66,14.0,12.5,206,8.8,18.0,117,2240.45382675394,1426.77,1713.73482279663,PQ20/20
0.097,100,26.5,1.991,20.2,11.5,3.63,19.0,15.5,377,12.0,22.5,33,17428.7064568885,2639.19,111.932068730948,PQ26/20
0.079,50,26.5,1.986,20.2,11.5,7.01,19.0,15.5,563,12.0,22.5,8,1274.20735997448,737.681,6.59190970182792,PQ26/20
0.081,300,35.1,1.851,34.8,25.0,1.73,26.0,23.5,543,14.3,32.0,31,4596.20331412421,2214.03,155.685118698443,PQ35/35
0.093,400,50.0,1.571,40.0,26.1,3.18,32.0,31.5,404,20.0,44.0,15,2374.23821799062,2361.19,74.2612556393641,PQ50/40
0.124,100,26.5,1.6,24.8,16.1,5.69,19.0,15.5,229,12.0,22.5,24,13765.4689814182,3214.22,73.1924238338982,PQ26/25
0.067,400,32.0,0.756,30.4,21.3,0.8,22.0,19.0,585,13.4,27.5,28,716.013365753853,1195.26,228.508071703305,PQ32/30
0.084,180,20.5,1.358,16.2,10.3,2.59,14.0,12.5,497,8.8,18.0,15,1471.01652799751,317.657,18.6178899175228,PQ20/16
0.2,100,40.5,1.44,39.8,29.5,11.28,28.0,28.0,34,14.9,37.0,16,1527.41167207305,675.207,55.3107647009971,PQ40/40
0.094,50,26.5,1.194,20.2,11.5,7.18,19.0,15.5,399,12.0,22.5,10,1767.31952132887,2333.2799999999997,15.7879041341122,PQ26/20
0.126,80,26.5,0.882,24.8,16.1,2.42,19.0,15.5,223,12.0,22.5,33,5474.96555733528,2659.64,225.627894778089,PQ26/25
0.079,50,20.5,0.399,20.2,14.3,1.14,14.0,12.5,565,8.8,18.0,10,40.6427888501646,288.493,22.9728451195449,PQ20/20
0.095,150,35.1,2.074,34.8,25.0,2.74,26.0,23.5,395,14.3,32.0,45,17493.7154875784,8967.91,300.479757387753,PQ35/35
0.05,600,20.5,0.328,16.2,10.3,0.81,14.0,12.5,404,8.8,18.0,12,23.5600677221173,124.561,38.8857361521177,PQ20/16
0.162,400,40.5,1.12,30.3,20.0,14.54,28.0,28.0,135,14.9,37.0,7,5511.20222040812,2377.6600000000003,12.6816817837135,PQ40/30
0.096,100,32.0,2.218,20.5,11.5,4.1,22.0,19.0,384,13.4,27.5,33,20234.7081329412,3883.56,127.079848753352,PQ32/20
0.099,60,20.5,0.313,20.2,14.3,0.54,14.0,12.5,359,8.8,18.0,33,193.00602736471,708.971,307.139499913999,PQ20/20
0.2,100,40.5,1.238,39.8,29.5,8.54,28.0,28.0,33,14.9,37.0,18,1125.87046635464,576.897,78.7088423378837,PQ40/40
0.096,120,32.0,0.805,20.5,11.5,1.17,22.0,19.0,379,13.4,27.5,41,4137.6648402079,2293.64,457.037529279428,PQ32/20
0.1,20,20.5,2.461,16.2,10.3,1.49,14.0,12.5,351,8.8,18.0,94,11536.8065561712,1382.09,448.684918603259,PQ20/16
0.102,30,20.5,2.021,16.2,10.3,2.86,14.0,12.5,339,8.8,18.0,44,7362.65743052468,1502.65,115.831348714431,PQ20/16
0.164,200,40.5,0.625,39.8,29.5,3.23,28.0,28.0,132,14.9,37.0,17,1429.68380923447,2115.51,121.385161111096,PQ40/40
0.114,180,26.5,1.139,24.8,16.1,6.12,19.0,15.5,273,12.0,22.5,12,3804.29365407004,1805.18,24.1297279044528,PQ26/25
0.158,200,32.0,0.569,20.5,11.5,7.75,22.0,19.0,142,13.4,27.5,7,1623.99316677534,1153.31,17.9688875737586,PQ32/20
0.076,150,20.5,0.162,16.2,10.3,0.68,14.0,12.5,211,8.8,18.0,22,37.702646002962105,615.731,242.764938780135,PQ20/16
0.088,100,50.0,1.793,40.0,26.1,2.5,32.0,31.5,454,20.0,44.0,22,1344.85883870425,3202.06,143.420771461866,PQ50/40
0.119,300,50.0,2.345,40.0,26.1,7.64,32.0,31.5,248,20.0,44.0,26,50752.10302551,17835.8,161.591822656196,PQ50/40
0.153,40,26.5,0.702,24.8,16.1,1.6,19.0,15.5,150,12.0,22.5,42,2501.06369503758,1354.41,442.534425588987,PQ26/25
0.1,40,20.5,1.216,20.2,14.3,1.24,14.0,12.5,354,8.8,18.0,57,3424.9854044070103,1425.6,302.70284120059,PQ20/20
0.06,300,50.0,2.266,50.0,36.1,0.64,32.5,31.5,418,20.0,44.0,109,3831.53458101316,4130.94,2986.07290571732,PQ50/50
0.113,50,20.5,1.683,16.2,10.3,3.1,14.0,12.5,277,8.8,18.0,31,5136.678034553081,758.8340000000001,66.7971970977434,PQ20/16
0.067,400,35.1,0.348,34.8,25.0,1.39,26.0,23.5,123,14.3,32.0,23,61.3529628185306,1363.79,335.992832513444,PQ35/35
0.095,300,20.5,0.424,16.2,10.3,3.52,14.0,12.5,390,8.8,18.0,7,496.443137220043,777.299,10.6286066559477,PQ20/16
0.136,80,26.5,2.024,20.2,11.5,7.24,19.0,15.5,192,12.0,22.5,27,30481.8032461603,2599.81,73.9596340929005,PQ26/20
0.091,180,26.5,1.925,24.8,16.1,4.55,19.0,15.5,423,12.0,22.5,12,1937.76411888148,595.028,15.7480133592921,PQ26/25
0.094,150,32.0,1.483,30.4,21.3,2.35,22.0,19.0,396,13.4,27.5,39,10728.933107996101,5769.07,256.929429744753,PQ32/30
0.121,350,40.5,0.464,39.8,29.5,5.32,28.0,28.0,242,14.9,37.0,8,721.628799191483,6306.320000000001,34.4326567001197,PQ40/40
0.116,300,65.0,2.247,60.0,42.0,2.55,45.0,40.8,262,26.0,55.0,53,36741.3547163579,15704.8,1126.1146711617,PQ65/60
0.127,40,32.0,1.604,30.4,21.3,3.18,22.0,19.0,218,13.4,27.5,44,7992.03789667418,4952.99,307.357786354963,PQ32/30
0.137,180,26.5,0.861,24.8,16.1,6.69,19.0,15.5,188,12.0,22.5,11,3502.42566292089,1665.65,25.5768411627548,PQ26/25
0.116,500,50.0,1.403,40.0,26.1,4.86,32.0,31.5,261,20.0,44.0,17,10090.7957357285,5844.33,104.673840844347,PQ50/40
0.078,150,20.5,1.489,20.2,14.3,3.6,14.0,12.5,579,8.8,18.0,13,1287.08895142377,780.322,13.432835543781401,PQ20/20
0.095,40,20.5,0.412,20.2,14.3,2.95,14.0,12.5,393,8.8,18.0,8,152.115924938048,958.774,14.3173552968686,PQ20/20
0.135,50,26.5,2.067,20.2,11.5,4.77,19.0,15.5,194,12.0,22.5,40,26642.495432674197,2379.9,159.402825012086,PQ26/20
0.075,500,32.0,0.178,20.5,11.5,1.37,22.0,19.0,95,13.4,27.5,15,33.5236181143774,648.675,231.001001155706,PQ32/20
0.077,40,26.5,1.684,20.2,11.5,0.53,19.0,15.5,596,12.0,22.5,102,4494.53235950617,1066.19,1230.60613685755,PQ26/20
0.102,250,32.0,1.534,20.5,11.5,5.08,22.0,19.0,337,13.4,27.5,18,13158.4861423924,2437.98,51.3146811764779,PQ32/20
0.083,30,16.4,1.092,11.6,6.7,0.61,11.2,9.6,508,7.0,14.4,51,762.517723412178,131.507,168.005490478681,PQ16/11.6
0.108,150,32.0,1.86,20.5,11.5,4.26,22.0,19.0,301,13.4,27.5,25,14492.075540697799,1945.4199999999998,84.4090229409112,PQ32/20
0.079,350,32.0,2.031,20.5,11.5,4.66,22.0,19.0,571,13.4,27.5,14,7182.1757010989395,1396.63,24.5910043504214,PQ32/20
0.198,80,40.5,1.639,30.3,20.0,12.36,28.0,28.0,90,14.9,37.0,16,9721.00775934312,2874.89,48.923622057409496,PQ40/30
0.103,600,32.0,0.422,30.4,21.3,3.11,22.0,19.0,330,13.4,27.5,8,663.696401356532,2025.81,30.5044282622141,PQ32/30
0.063,300,32.0,1.317,20.5,11.5,0.91,22.0,19.0,596,13.4,27.5,41,2760.04296993387,893.783,302.058283987504,PQ32/20
0.108,10,32.0,2.076,20.5,11.5,1.39,22.0,19.0,302,13.4,27.5,96,6875.22133393177,2767.14,1135.95198063012,PQ32/20
0.2,120,50.0,1.392,40.0,26.1,10.26,32.0,31.5,30,20.0,44.0,16,1478.43577812428,668.356,93.4507173941015,PQ50/40
0.2,40,26.5,0.366,20.2,11.5,2.3,19.0,15.5,24,12.0,22.5,18,76.510503879879,45.5809,141.623099376505,PQ26/20
0.104,200,20.5,0.295,16.2,10.3,2.26,14.0,12.5,324,8.8,18.0,8,202.693534754443,554.496,18.9604659153788,PQ20/16
0.092,250,26.5,2.392,20.2,11.5,4.08,19.0,15.5,418,12.0,22.5,17,6983.63693318744,483.113,25.3860455830334,PQ26/20
0.086,500,26.5,0.246,20.2,11.5,2.49,19.0,15.5,256,12.0,22.5,6,83.8079015803757,613.241,22.346605042995602,PQ26/20
0.099,200,50.0,1.731,40.0,26.1,5.3,32.0,31.5,357,20.0,44.0,20,7957.48802219915,12772.8,122.117319161438,PQ50/40
0.111,120,32.0,1.481,20.5,11.5,7.1,22.0,19.0,285,13.4,27.5,12,3979.87899463703,1611.57,23.4828698054429,PQ32/20
0.2,50,40.5,0.467,30.3,20.0,4.25,28.0,28.0,50,14.9,37.0,14,271.885529995327,639.191,105.114574553658,PQ40/30
0.082,10,16.4,1.529,11.6,6.7,0.63,11.2,9.6,520,7.0,14.4,70,791.9601678421279,166.199,239.525095756565,PQ16/11.6
0.106,250,26.5,1.46,24.8,16.1,5.76,19.0,15.5,316,12.0,22.5,15,8794.52571100679,2133.36,30.785139176561902,PQ26/25
0.091,350,26.5,1.706,20.2,11.5,4.1,19.0,15.5,422,12.0,22.5,13,4760.9951788689905,530.596,19.7646965178694,PQ26/20
0.122,180,50.0,2.345,40.0,26.1,4.61,32.0,31.5,239,20.0,44.0,43,51431.667682382,16580.2,441.985940294998,PQ50/40
0.113,10,32.0,2.005,30.4,21.3,4.35,22.0,19.0,274,13.4,27.5,28,4086.8466100436303,3359.29,104.316461698322,PQ32/30
0.065,350,32.0,0.62,30.4,21.3,0.57,22.0,19.0,525,13.4,27.5,34,403.053075143684,1016.56,397.38477680136,PQ32/30
0.2,200,35.1,0.749,34.8,25.0,11.18,26.0,23.5,58,14.3,32.0,8,1089.4933152861702,928.404,21.34495550765,PQ35/35
0.078,60,20.5,1.135,20.2,14.3,0.53,14.0,12.5,587,8.8,18.0,62,1217.25431135537,545.433,377.800453638494,PQ20/20
0.107,300,65.0,2.461,60.0,42.0,3.78,45.0,40.8,309,26.0,55.0,41,37560.1127706863,25366.0,626.050035899283,PQ65/60
0.077,250,20.5,1.513,20.2,14.3,3.28,14.0,12.5,591,8.8,18.0,14,2088.72937290311,741.072,15.3831640783979,PQ20/20
0.16,20,65.0,1.952,60.0,42.0,6.67,45.0,40.8,137,26.0,55.0,26,5487.23186368538,12459.5,303.569101714627,PQ65/60
0.135,40,16.4,0.485,11.6,6.7,2.2,11.2,9.6,194,7.0,14.4,19,755.8453975008999,296.155,45.7265023882881,PQ16/11.6
0.125,100,35.1,1.228,34.8,25.0,3.34,26.0,23.5,225,14.3,32.0,33,7195.70472295283,6835.41,243.574791396359,PQ35/35
0.157,10,26.5,1.736,24.8,16.1,1.05,19.0,15.5,144,12.0,22.5,148,11188.9211993556,1621.34,2605.76849289863,PQ26/25
0.1,150,26.5,1.301,24.8,16.1,4.05,19.0,15.5,354,12.0,22.5,19,5397.46115191765,2469.79,54.2540486526519,PQ26/25
0.165,200,40.5,1.751,30.3,20.0,12.5,28.0,28.0,130,14.9,37.0,13,12594.5272197876,2983.29,30.6457809911337,PQ40/30
0.126,600,50.0,1.046,40.0,26.1,7.93,32.0,31.5,223,20.0,44.0,12,11851.772850380099,11999.5,66.5895491336673,PQ50/40
0.097,400,40.5,1.822,39.8,29.5,5.57,28.0,28.0,373,14.9,37.0,19,11112.856354873,8638.04,65.0928048861355,PQ40/40
0.138,40,35.1,2.023,34.8,25.0,12.16,26.0,23.5,184,14.3,32.0,15,5812.06646774001,6415.72,34.0333350814377,PQ35/35
0.069,250,50.0,0.837,40.0,26.1,0.84,32.0,31.5,120,20.0,44.0,87,604.255148401036,3136.24,4223.33645467656,PQ50/40
0.106,200,26.5,1.427,24.8,16.1,4.94,19.0,15.5,316,12.0,22.5,18,8938.88255486739,2418.05,45.1704775011637,PQ26/25
0.096,10,32.0,2.145,20.5,11.5,5.95,22.0,19.0,384,13.4,27.5,22,7817.47142427119,3831.97,58.056753623632,PQ32/20
0.083,80,40.5,1.961,30.3,20.0,0.67,28.0,28.0,512,14.9,37.0,86,4053.7744522997,1913.84,1227.38688976529,PQ40/30
0.128,80,40.5,1.314,39.8,29.5,4.01,28.0,28.0,214,14.9,37.0,31,5421.44036952833,9089.58,222.7945259858,PQ40/40
0.083,300,65.0,1.635,60.0,42.0,0.57,45.0,40.8,514,26.0,55.0,91,9648.29790025629,8435.27,4294.06345685862,PQ65/60
0.093,50,26.5,1.319,24.8,16.1,0.95,19.0,15.5,410,12.0,22.5,42,1094.545129711,545.703,262.13545333033,PQ26/25
0.105,180,26.5,0.525,20.2,11.5,2.88,19.0,15.5,322,12.0,22.5,11,851.363451803208,1156.5,38.510441108643,PQ26/20
0.164,20,20.5,0.553,20.2,14.3,1.28,14.0,12.5,132,8.8,18.0,40,697.940181985087,516.864,280.887773205292,PQ20/20
0.096,500,40.5,2.235,30.3,20.0,12.68,28.0,28.0,380,14.9,37.0,10,13830.1799307779,6834.55,14.984771398497,PQ40/30
0.2,30,50.0,2.235,40.0,26.1,4.62,32.0,31.5,55,20.0,44.0,59,9794.44996976891,2787.93,864.712532047791,PQ50/40
0.087,150,40.5,1.19,39.8,29.5,2.59,28.0,28.0,464,14.9,37.0,14,449.381022174881,1795.43,49.0030098730764,PQ40/40
0.104,40,20.5,0.995,20.2,14.3,3.31,14.0,12.5,324,8.8,18.0,18,973.638068549175,1174.5,35.375828536958494,PQ20/20
0.132,150,65.0,1.539,60.0,42.0,1.59,45.0,40.8,157,26.0,55.0,88,20701.152392762702,15118.3,4224.05513852742,PQ65/60
0.149,20,20.5,1.285,16.2,10.3,2.82,14.0,12.5,159,8.8,18.0,41,4318.077313029659,773.435,145.565651802562,PQ20/16
0.2,50,32.0,1.252,20.5,11.5,7.73,22.0,19.0,33,13.4,27.5,20,1666.56513155698,204.731,75.02526808526491,PQ32/20
0.084,400,26.5,1.69,20.2,11.5,7.61,19.0,15.5,495,12.0,22.5,7,2993.97706223692,726.646,5.77429569850815,PQ26/20
0.108,250,50.0,2.265,50.0,36.1,3.23,32.5,31.5,305,20.0,44.0,40,22480.0680015212,12027.1,402.474732852356,PQ50/50
0.126,30,20.5,1.87,20.2,14.3,3.99,14.0,12.5,223,8.8,18.0,42,10237.8089707359,2430.61,117.28451091590999,PQ20/20
0.2,120,35.1,1.443,34.8,25.0,13.48,26.0,23.5,72,14.3,32.0,13,5955.83781908517,2014.23,33.2784537254144,PQ35/35
0.107,180,26.5,2.031,24.8,16.1,5.58,19.0,15.5,310,12.0,22.5,21,15277.4490396189,2309.68,46.154079362856294,PQ26/25
0.083,180,35.1,2.43,34.8,25.0,12.11,26.0,23.5,515,14.3,32.0,6,1547.0921129395301,2597.09,4.72704335065111,PQ35/35
0.1,600,40.5,2.31,39.8,29.5,9.47,28.0,28.0,353,14.9,37.0,15,22979.3315415023,10733.6,33.944356663467694,PQ40/40
0.2,40,32.0,1.38,20.5,11.5,6.96,22.0,19.0,22,13.4,27.5,25,1260.24785096628,106.955,108.184491856954,PQ32/20
0.162,60,26.5,0.454,24.8,16.1,1.58,19.0,15.5,134,12.0,22.5,25,770.271997192059,726.137,227.164951709701,PQ26/25
0.109,500,32.0,0.413,30.4,21.3,2.79,22.0,19.0,298,13.4,27.5,9,644.849492224502,1805.99,39.3100291772808,PQ32/30
0.2,60,40.5,1.599,30.3,20.0,9.25,28.0,28.0,33,14.9,37.0,22,2134.84715742761,512.3870000000001,94.2554862966789,PQ40/30
0.2,500,65.0,0.696,60.0,42.0,9.8,45.0,40.8,46,26.0,55.0,9,1329.59900445703,2723.1,86.3613240082335,PQ65/60
0.096,30,32.0,1.671,20.5,11.5,1.4,22.0,19.0,385,13.4,27.5,76,9452.54137720799,3820.79,851.849143337388,PQ32/20
0.144,250,26.5,0.257,20.2,11.5,3.55,19.0,15.5,171,12.0,22.5,7,448.194200797438,1001.9800000000001,29.3099039844792,PQ26/20
0.2,10,20.5,0.676,16.2,10.3,2.17,14.0,12.5,61,8.8,18.0,38,690.267354695045,211.682,211.694318817783,PQ20/16
0.2,250,107.0,1.029,87.0,56.0,5.95,70.0,72.5,72,41.0,93.7,20,4706.59906965204,18057.7,710.713747770968,PQ107/87
0.096,10,20.5,0.537,16.2,10.3,0.91,14.0,12.5,386,8.8,18.0,37,328.784542851891,1021.74,242.77050062427998,PQ20/16
0.081,300,20.5,1.138,16.2,10.3,3.67,14.0,12.5,541,8.8,18.0,9,1113.62591534284,348.417,7.73062155309025,PQ20/16
0.127,30,16.4,0.992,11.6,6.7,3.24,11.2,9.6,220,7.0,14.4,27,3422.1547070840097,534.122,50.9606710444565,PQ16/11.6
0.098,300,32.0,0.927,20.5,11.5,4.99,22.0,19.0,365,13.4,27.5,12,4756.04876634229,2813.98,34.7309662098857,PQ32/20
0.104,400,40.5,2.139,30.3,20.0,9.52,28.0,28.0,327,14.9,37.0,14,17403.1683011313,6464.58,30.4232383772423,PQ40/30
0.077,20,20.5,1.714,16.2,10.3,2.83,14.0,12.5,593,8.8,18.0,18,933.018081789339,537.104,22.1826575280291,PQ20/16
0.119,120,32.0,2.354,30.4,21.3,6.9,22.0,19.0,248,13.4,27.5,29,28541.4251181689,7269.14,98.7579262481596,PQ32/30
0.08,200,26.5,1.521,20.2,11.5,1.46,19.0,15.5,547,12.0,22.5,30,4328.42543485524,655.326,115.926466981975,PQ26/20
0.08,300,26.5,1.871,20.2,11.5,2.72,19.0,15.5,556,12.0,22.5,20,6635.14396181477,755.113,43.3082462456511,PQ26/20
0.078,150,16.4,1.667,11.6,6.7,3.69,11.2,9.6,585,7.0,14.4,13,2168.71333913753,212.22299999999998,7.69037356324547,PQ16/11.6
0.092,300,32.0,0.885,20.5,11.5,1.28,22.0,19.0,416,13.4,27.5,20,1444.9340750208398,412.827,100.308655838912,PQ32/20
0.08,180,16.4,0.882,11.6,6.7,2.29,11.2,9.6,557,7.0,14.4,11,677.239834591114,141.588,9.31495483047778,PQ16/11.6
0.078,150,40.5,1.537,39.8,29.5,1.53,28.0,28.0,586,14.9,37.0,31,1492.20175721043,3338.4700000000003,196.983041020325,PQ40/40
0.107,120,50.0,1.136,40.0,26.1,0.99,32.0,31.5,283,20.0,44.0,74,7181.37328555487,7802.78,2361.8741943292,PQ50/40
0.107,30,20.5,1.774,20.2,14.3,2.05,14.0,12.5,309,8.8,18.0,54,5731.86054907422,1689.65,202.032745138369,PQ20/20
0.152,40,32.0,2.03,30.4,21.3,4.92,22.0,19.0,153,13.4,27.5,37,11026.0041304611,3167.76,180.57271550227202,PQ32/30
0.191,100,50.0,2.027,50.0,36.1,10.39,32.5,31.5,97,20.0,44.0,22,16277.9648303926,8077.7,132.925184152716,PQ50/50
0.097,150,32.0,2.211,30.4,21.3,3.96,22.0,19.0,372,13.4,27.5,32,15831.5393224835,5331.85,126.187215349914,PQ32/30
0.106,50,20.5,1.566,20.2,14.3,2.63,14.0,12.5,312,8.8,18.0,34,3944.53221785062,1262.82,88.3226676361547,PQ20/20
0.147,120,40.5,1.698,30.3,20.0,6.95,28.0,28.0,164,14.9,37.0,23,13065.2613317191,4674.44,98.2963670822198,PQ40/30
0.088,200,16.4,0.691,11.6,6.7,2.55,11.2,9.6,453,7.0,14.4,8,356.268227851073,94.1163,6.02568653971901,PQ16/11.6
0.2,180,40.5,0.52,30.3,20.0,9.76,28.0,28.0,64,14.9,37.0,6,435.634324004116,758.486,17.6001099609725,PQ40/30
0.088,150,16.4,1.483,11.6,6.7,3.76,11.2,9.6,452,7.0,14.4,12,1756.3272033620801,145.71,7.2218574950493,PQ16/11.6
0.085,600,26.5,2.351,24.8,16.1,6.95,19.0,15.5,492,12.0,22.5,10,8177.80615425569,970.278,9.28680848491798,PQ26/25
0.088,30,20.5,1.322,16.2,10.3,2.06,14.0,12.5,454,8.8,18.0,20,547.466032712648,332.905,33.8159441175235,PQ20/16
0.161,80,40.5,1.966,30.3,20.0,5.28,28.0,28.0,136,14.9,37.0,34,15706.1904591417,3329.17,191.788160357339,PQ40/30
0.099,350,32.0,0.555,30.4,21.3,3.76,22.0,19.0,358,13.4,27.5,9,834.382394419509,2868.58,30.5836164447362,PQ32/30
0.087,500,32.0,2.218,30.4,21.3,6.37,22.0,19.0,467,13.4,27.5,11,5627.91165394189,1654.02,14.8673660547923,PQ32/30
0.2,100,50.0,1.817,40.0,26.1,14.82,32.0,31.5,50,20.0,44.0,14,4246.22110404621,1775.99,57.5311884451033,PQ50/40
0.081,120,26.5,0.975,24.8,16.1,0.61,19.0,15.5,541,12.0,22.5,48,1591.50273874335,766.24,439.033082748188,PQ26/25
0.096,100,26.5,1.691,20.2,11.5,2.94,19.0,15.5,380,12.0,22.5,34,12711.330234031,2377.76,136.223645643723,PQ26/20
0.136,150,40.5,1.078,39.8,29.5,5.75,28.0,28.0,192,14.9,37.0,17,3524.74963942199,5917.51,78.1889931488099,PQ40/40
0.095,400,32.0,1.372,20.5,11.5,6.68,22.0,19.0,391,13.4,27.5,13,14042.234047963,3572.7799999999997,29.3611190474299,PQ32/20
0.148,400,50.0,1.024,40.0,26.1,6.75,32.0,31.5,162,20.0,44.0,13,7279.48542996753,5661.01,79.5502592055875,PQ50/40
0.2,100,40.5,0.389,39.8,29.5,3.75,28.0,28.0,82,14.9,37.0,13,395.627214919005,1816.84,105.656015627505,PQ40/40
0.2,400,50.0,0.602,40.0,26.1,12.43,32.0,31.5,30,20.0,44.0,6,345.382367601587,545.077,26.6595612735894,PQ50/40
0.078,60,26.5,1.11,20.2,11.5,2.41,19.0,15.5,587,12.0,22.5,14,535.700058188456,742.735,32.8906896862256,PQ26/20
0.137,40,26.5,0.696,24.8,16.1,2.49,19.0,15.5,189,12.0,22.5,24,1247.6392957752,1544.97,145.48435958252,PQ26/25
0.157,120,65.0,1.453,60.0,42.0,10.06,45.0,40.8,144,26.0,55.0,13,4240.07085187274,12178.3,96.6604186400549,PQ65/60
0.194,10,20.5,0.445,16.2,10.3,0.96,14.0,12.5,94,8.8,18.0,53,591.180067252883,340.736,585.659924078261,PQ20/16
0.147,100,35.1,1.957,34.8,25.0,6.27,26.0,23.5,164,14.3,32.0,28,14921.067326795299,4982.34,121.778498665158,PQ35/35
0.162,40,32.0,1.728,20.5,11.5,6.89,22.0,19.0,134,13.4,27.5,24,9824.56729780692,1607.65,82.68132546808279,PQ32/20
0.126,60,26.5,1.816,24.8,16.1,4.02,19.0,15.5,222,12.0,22.5,41,20089.2553143941,3781.43,192.748565538997,PQ26/25
0.095,50,20.5,1.129,16.2,10.3,2.05,14.0,12.5,390,8.8,18.0,35,3433.45927531887,1528.6,117.846120481349,PQ20/16
0.097,100,32.0,2.011,30.4,21.3,4.02,22.0,19.0,378,13.4,27.5,29,8770.39734214072,5384.54,111.641533985352,PQ32/30
0.177,50,20.5,0.134,20.2,14.3,0.89,14.0,12.5,113,8.8,18.0,14,33.6055018200704,228.739,114.906648656719,PQ20/20
0.102,180,65.0,1.717,60.0,42.0,14.31,45.0,40.8,340,26.0,55.0,7,2832.46064078882,20452.5,24.4153552768697,PQ65/60
0.094,400,65.0,2.395,60.0,42.0,2.42,45.0,40.8,349,26.0,55.0,57,41781.1869139891,24627.7,1235.80838702178,PQ65/60
0.081,250,20.5,0.826,20.2,14.3,1.69,14.0,12.5,538,8.8,18.0,14,597.0072989809851,378.904,24.7962191686275,PQ20/20
0.077,600,107.0,1.981,87.0,56.0,5.87,70.0,72.5,595,41.0,93.7,10,2184.93453323752,30095.600000000002,101.528772594513,PQ107/87
0.095,60,20.5,1.275,20.2,14.3,2.42,14.0,12.5,395,8.8,18.0,33,3875.14910763221,2179.96,97.7799149972947,PQ20/20
0.146,150,26.5,0.784,20.2,11.5,6.27,19.0,15.5,165,12.0,22.5,11,3276.2407491639196,1054.25,27.2902333270635,PQ26/20
0.082,300,32.0,1.799,20.5,11.5,2.13,22.0,19.0,522,13.4,27.5,24,6349.9683248704505,803.562,79.9209911116987,PQ32/20
0.097,10,16.4,1.596,11.6,6.7,1.77,11.2,9.6,376,7.0,14.4,56,3321.5214949634,711.191,148.100190954611,PQ16/11.6
0.077,120,20.5,2.263,20.2,14.3,2.82,14.0,12.5,595,8.8,18.0,24,3464.64438446728,924.168,32.8782840082237,PQ20/20
0.135,20,26.5,1.867,24.8,16.1,5.12,19.0,15.5,195,12.0,22.5,35,8305.27896839279,3469.84,137.31249005972,PQ26/25
0.095,60,32.0,1.226,20.5,11.5,4.28,22.0,19.0,391,13.4,27.5,18,2786.27575726189,3325.94,61.8271280972734,PQ32/20
0.053,500,50.0,0.316,50.0,36.1,0.76,32.5,31.5,366,20.0,44.0,24,55.5897597076145,6845.55,736.058859073011,PQ50/50
0.2,10,107.0,2.229,87.0,56.0,9.46,70.0,72.5,49,41.0,93.7,29,17248.120726232202,13998.0,775.535703221909,PQ107/87
0.05,600,40.5,1.12,39.8,29.5,0.75,28.0,28.0,416,14.9,37.0,46,401.371401177098,1457.8,554.776330898662,PQ40/40
0.091,250,32.0,1.717,20.5,11.5,5.35,22.0,19.0,424,13.4,27.5,10,2536.76089279815,696.792,14.4112205828438,PQ32/20
0.097,30,20.5,0.657,20.2,14.3,0.67,14.0,12.5,376,8.8,18.0,63,1061.81423851012,1485.66,604.6346733837651,PQ20/20
0.1,600,26.5,0.459,20.2,11.5,4.63,19.0,15.5,354,12.0,22.5,6,1152.70301289123,1323.19,12.880044133302398,PQ26/20
0.121,150,26.5,0.153,24.8,16.1,0.72,19.0,15.5,242,12.0,22.5,19,162.349836234514,1618.99,339.838250795455,PQ26/25
0.084,180,32.0,1.376,20.5,11.5,2.59,22.0,19.0,504,13.4,27.5,16,1852.33239765792,789.933,44.3663603805876,PQ32/20
0.092,120,20.5,1.313,16.2,10.3,2.54,14.0,12.5,414,8.8,18.0,15,969.832044049911,230.58,19.1395702018237,PQ20/16
0.08,30,32.0,2.0,20.5,11.5,6.36,22.0,19.0,546,13.4,27.5,9,1762.19178363282,942.1089999999999,10.294208828962,PQ32/20
0.105,150,50.0,1.209,50.0,36.1,0.95,32.5,31.5,319,20.0,44.0,75,7887.265813954689,9974.01,2330.43003926445,PQ50/50
0.1,600,40.5,1.048,39.8,29.5,10.88,28.0,28.0,354,14.9,37.0,6,2190.5559660376,6776.21,9.95161712468018,PQ40/40
0.068,500,20.5,0.446,16.2,10.3,1.58,14.0,12.5,492,8.8,18.0,8,104.797364183537,178.877,13.2901511520377,PQ20/16
0.107,80,32.0,1.004,30.4,21.3,6.29,22.0,19.0,311,13.4,27.5,9,828.089844151148,2368.03,18.7138650644214,PQ32/30
0.2,30,26.5,1.258,24.8,16.1,4.52,19.0,15.5,25,12.0,22.5,35,1045.39909747424,130.542,189.59520216042,PQ26/25
0.1,50,20.5,1.443,20.2,14.3,2.38,14.0,12.5,356,8.8,18.0,38,4670.252951498331,1955.06,117.667711390476,PQ20/20
0.078,120,40.5,1.523,30.3,20.0,0.81,28.0,28.0,578,14.9,37.0,61,3243.29566413799,2656.33,752.6880543050551,PQ40/30
0.091,300,40.5,1.526,39.8,29.5,1.41,28.0,28.0,424,14.9,37.0,35,3365.87953550325,2064.13,252.558832847571,PQ40/40
0.107,100,16.4,0.504,11.6,6.7,3.35,11.2,9.6,309,7.0,14.4,9,473.698683862326,271.54,9.9212406107233,PQ16/11.6
0.15,20,20.5,1.406,16.2,10.3,2.83,14.0,12.5,156,8.8,18.0,44,5153.66207728327,748.139,155.83046556857,PQ20/16
0.096,150,40.5,2.162,39.8,29.5,1.85,28.0,28.0,384,14.9,37.0,66,18996.0247050469,9602.66,690.622222327978,PQ40/40
0.053,600,26.5,0.582,24.8,16.1,1.2,19.0,15.5,598,12.0,22.5,15,219.19263485938302,797.377,66.0434542211315,PQ26/25
0.082,500,32.0,2.06,30.4,21.3,4.19,22.0,19.0,525,13.4,27.5,15,6208.26727845403,1803.38,29.3019034491074,PQ32/30
0.078,150,26.5,2.465,24.8,16.1,2.41,19.0,15.5,576,12.0,22.5,33,8501.41195605856,1695.01,97.2706761242364,PQ26/25
0.148,180,40.5,0.377,30.3,20.0,2.38,28.0,28.0,162,14.9,37.0,15,655.051541556655,2364.44,144.761104743058,PQ40/30
0.2,10,32.0,0.938,30.4,21.3,0.8,22.0,19.0,85,13.4,27.5,136,3571.01009306192,1392.24,4522.17128907579,PQ32/30
0.089,400,50.0,1.471,50.0,36.1,1.23,32.5,31.5,448,20.0,44.0,37,4274.7712619187905,3730.23,483.800898395026,PQ50/50
0.128,500,50.0,0.856,40.0,26.1,5.67,32.0,31.5,215,20.0,44.0,13,6311.88537608732,8918.51,92.5212663809539,PQ50/40
0.078,600,26.5,1.24,24.8,16.1,5.92,19.0,15.5,584,12.0,22.5,6,1463.33032328157,879.531,5.6313340760901,PQ26/25
0.082,100,16.4,1.378,11.6,6.7,1.92,11.2,9.6,528,7.0,14.4,21,1699.11419831842,169.014,23.4925015065156,PQ16/11.6
0.107,80,40.5,1.944,39.8,29.5,3.88,28.0,28.0,311,14.9,37.0,32,5697.015491834401,8345.31,175.836847264253,PQ40/40
0.091,350,32.0,2.174,20.5,11.5,3.98,22.0,19.0,423,13.4,27.5,17,8846.99787927411,771.9549999999999,34.2960106521663,PQ32/20
0.137,120,107.0,2.375,87.0,56.0,14.68,70.0,72.5,189,41.0,93.7,15,11884.7073906727,82459.0,196.688642910752,PQ107/87
0.162,50,26.5,1.196,20.2,11.5,3.78,19.0,15.5,134,12.0,22.5,28,6368.91327513014,867.763,123.68724501784101,PQ26/20
0.082,50,16.4,1.213,11.6,6.7,0.83,11.2,9.6,527,7.0,14.4,41,1220.23558034045,144.057,99.5737688363949,PQ16/11.6
0.108,100,40.5,1.631,39.8,29.5,7.76,28.0,28.0,304,14.9,37.0,12,1993.50077046878,5310.31,28.2345652755307,PQ40/40
0.159,400,65.0,2.48,60.0,42.0,9.64,45.0,40.8,139,26.0,55.0,22,49536.3247183332,13058.4,179.32722648316,PQ65/60
0.08,180,50.0,0.718,50.0,36.1,1.57,32.5,31.5,558,20.0,44.0,13,172.278130349218,3168.58,107.578439761971,PQ50/50
0.114,80,35.1,2.391,34.8,25.0,11.18,26.0,23.5,272,14.3,32.0,13,4901.98653991474,5207.93,22.4932820909065,PQ35/35
0.1,180,26.5,1.424,24.8,16.1,5.88,19.0,15.5,353,12.0,22.5,15,6629.74147405523,2904.3,31.4169825697934,PQ26/25
0.05,400,40.5,0.497,30.3,20.0,0.68,28.0,28.0,157,14.9,37.0,64,138.75030023489703,1994.27,2078.48851168301,PQ40/30
0.102,250,32.0,2.187,30.4,21.3,7.26,22.0,19.0,339,13.4,27.5,19,18865.9198398923,5715.11,44.8939690870832,PQ32/30
0.098,150,26.5,0.779,24.8,16.1,1.75,19.0,15.5,368,12.0,22.5,27,2925.0245247818702,2210.52,167.311864082112,PQ26/25
0.081,350,26.5,1.558,20.2,11.5,2.84,19.0,15.5,543,12.0,22.5,17,5409.1063192328,792.019,36.4797610476465,PQ26/20
0.12,250,32.0,0.319,30.4,21.3,2.16,22.0,19.0,245,13.4,27.5,13,578.65629289279,3048.5,102.649358557203,PQ32/30
0.107,350,26.5,0.497,20.2,11.5,2.84,19.0,15.5,290,12.0,22.5,10,1044.25040355539,810.784,33.3768873158617,PQ26/20
0.091,400,26.5,1.384,20.2,11.5,5.29,19.0,15.5,423,12.0,22.5,8,2210.27718514938,460.082,8.9161145828361,PQ26/20
0.2,10,50.0,1.172,50.0,36.1,8.09,32.5,31.5,33,20.0,44.0,18,3659.97818666643,1075.49,137.896667256137,PQ50/50
0.134,500,50.0,1.695,40.0,26.1,16.18,32.0,31.5,198,20.0,44.0,10,23299.145814532403,13603.8,31.0858391619819,PQ50/40
0.091,180,16.4,0.439,11.6,6.7,2.3,11.2,9.6,422,7.0,14.4,6,115.742734402034,82.2016,4.95356396213188,PQ16/11.6
0.115,60,40.5,2.108,30.3,20.0,1.79,28.0,28.0,268,14.9,37.0,76,14928.020622830702,4895.15,905.717489463051,PQ40/30
0.084,250,32.0,1.002,20.5,11.5,2.23,22.0,19.0,499,13.4,27.5,13,1020.79082131862,608.867,38.1977591826536,PQ32/20
0.108,150,40.5,2.267,39.8,29.5,3.2,28.0,28.0,303,14.9,37.0,45,17948.0725089195,8683.97,309.884861871449,PQ40/40
0.115,30,26.5,1.181,20.2,11.5,5.29,19.0,15.5,265,12.0,22.5,13,1320.19657329424,1009.95,26.9204709501915,PQ26/20
0.127,10,20.5,2.402,16.2,10.3,1.72,14.0,12.5,218,8.8,18.0,120,16645.1451842177,1646.28,746.125651151036,PQ20/16
0.101,150,50.0,1.2,50.0,36.1,0.99,32.5,31.5,344,20.0,44.0,71,7241.42348170483,11212.300000000001,2100.84550509868,PQ50/50
0.101,30,32.0,1.189,20.5,11.5,3.24,22.0,19.0,348,13.4,27.5,23,2002.82470615306,2615.33,103.511391665746,PQ32/20
0.103,400,50.0,1.979,40.0,26.1,4.48,32.0,31.5,333,20.0,44.0,27,26927.6658308935,11916.5,199.500371390518,PQ50/40
0.143,10,32.0,1.715,20.5,11.5,0.83,22.0,19.0,173,13.4,27.5,177,13693.5831820319,1934.61,4528.24133019758,PQ32/20
0.147,400,65.0,1.223,60.0,42.0,11.68,45.0,40.8,163,26.0,55.0,9,5453.58323057025,12566.1,53.4558152037425,PQ65/60
0.104,500,35.1,2.039,34.8,25.0,10.55,26.0,23.5,326,14.3,32.0,11,12381.910866521,5526.86,18.2006739119587,PQ35/35
0.115,10,40.5,2.185,30.3,20.0,1.95,28.0,28.0,268,14.9,37.0,64,3538.63479819965,3633.82,625.352171973384,PQ40/30
0.087,100,20.5,2.299,20.2,14.3,2.6,14.0,12.5,463,8.8,18.0,25,2738.281326576,513.764,35.2520600274268,PQ20/20
0.2,40,20.5,0.356,20.2,14.3,3.04,14.0,12.5,55,8.8,18.0,14,159.113262573609,167.068,49.7245295645291,PQ20/20
0.126,120,40.5,1.71,30.3,20.0,8.11,28.0,28.0,222,14.9,37.0,19,10256.3610134938,7271.64,66.7107252927069,PQ40/30
0.2,250,50.0,0.646,50.0,36.1,6.18,32.5,31.5,47,20.0,44.0,12,702.1693527508501,1291.26,100.532979709162,PQ50/50
0.099,60,16.4,1.362,11.6,6.7,3.21,11.2,9.6,357,7.0,14.4,24,4208.06067755506,473.366,31.0248240526112,PQ16/11.6
0.112,120,26.5,1.887,24.8,16.1,4.6,19.0,15.5,281,12.0,22.5,24,10353.4305405184,1910.61,64.0411754105912,PQ26/25
0.088,80,16.4,1.679,11.6,6.7,2.54,11.2,9.6,451,7.0,14.4,20,1933.3147793702099,149.647,18.0928916454919,PQ16/11.6
0.087,350,26.5,1.583,24.8,16.1,2.86,19.0,15.5,462,12.0,22.5,16,3505.21376622943,665.571,32.8050781915825,PQ26/25
0.056,300,26.5,0.697,24.8,16.1,0.67,19.0,15.5,477,12.0,22.5,30,219.561381330903,468.388,226.795822536133,PQ26/25
0.134,10,32.0,0.279,30.4,21.3,0.76,22.0,19.0,198,13.4,27.5,31,115.431708711175,1763.18,655.077731721685,PQ32/30
0.08,250,26.5,2.333,24.8,16.1,3.06,19.0,15.5,556,12.0,22.5,24,9191.89265577299,1436.33,53.8309381598267,PQ26/25
0.095,600,50.0,0.992,50.0,36.1,4.08,32.5,31.5,392,20.0,44.0,15,4762.33482041051,14916.5,109.534020119685,PQ50/50
0.146,250,50.0,1.331,50.0,36.1,10.6,32.5,31.5,166,20.0,44.0,12,7067.8450168654,11226.1,55.2662813493269,PQ50/50
0.2,150,40.5,1.453,39.8,29.5,12.36,28.0,28.0,37,14.9,37.0,15,2181.55834127969,828.5780000000001,48.2779151826494,PQ40/40
0.098,40,20.5,2.242,16.2,10.3,3.06,14.0,12.5,369,8.8,18.0,42,9304.07266423541,1485.3700000000001,96.8438642586346,PQ20/16
0.054,500,40.5,1.521,39.8,29.5,0.96,28.0,28.0,447,14.9,37.0,50,1067.83314397171,2133.11,517.010363114166,PQ40/40
0.097,50,20.5,0.805,20.2,14.3,1.41,14.0,12.5,373,8.8,18.0,35,1333.61935075222,1433.65,158.274072442489,PQ20/20
0.109,150,26.5,1.914,20.2,11.5,6.34,19.0,15.5,295,12.0,22.5,18,12795.8782642113,1609.57,34.4197707841531,PQ26/20
0.2,20,40.5,2.085,30.3,20.0,3.2,28.0,28.0,28,14.9,37.0,84,3177.51456457112,456.013,1117.8012536031101,PQ40/30
0.089,40,16.4,1.713,11.6,6.7,2.49,11.2,9.6,445,7.0,14.4,22,1377.03781003241,173.391,21.5283315321533,PQ16/11.6
0.2,500,65.0,1.547,60.0,42.0,19.61,45.0,40.8,46,26.0,55.0,10,7178.61892046396,3718.17,54.3778562730838,PQ65/60
0.101,40,20.5,2.155,20.2,14.3,2.62,14.0,12.5,345,8.8,18.0,47,7734.64081673046,1844.92,131.29716392042297,PQ20/20
0.07,200,35.1,1.286,34.8,25.0,0.58,26.0,23.5,590,14.3,32.0,69,2600.53285729251,2504.85,1024.64582598834,PQ35/35
0.088,500,65.0,1.46,60.0,42.0,4.26,45.0,40.8,455,26.0,55.0,11,1672.20978283963,6646.22,68.8460403696043,PQ65/60
0.169,30,50.0,1.217,50.0,36.1,13.52,32.5,31.5,124,20.0,44.0,8,2472.13668111724,5210.42,26.3956590063868,PQ50/50
0.181,50,32.0,1.57,20.5,11.5,5.13,22.0,19.0,108,13.4,27.5,29,11664.6012106158,1016.99,130.722600561236,PQ32/20
0.141,80,50.0,1.917,50.0,36.1,4.24,32.5,31.5,178,20.0,44.0,43,16016.0106648948,15300.7,530.2054485897789,PQ50/50
0.09,180,20.5,1.628,16.2,10.3,3.95,14.0,12.5,437,8.8,18.0,13,2193.4081544152,354.368,12.061936979005,PQ20/16
0.097,30,20.5,0.78,16.2,10.3,3.12,14.0,12.5,373,8.8,18.0,15,629.465088984741,1015.17,29.2784830244778,PQ20/16
0.08,200,40.5,1.432,30.3,20.0,1.08,28.0,28.0,555,14.9,37.0,42,3209.09243743305,2252.64,374.68235316837604,PQ40/30
0.108,100,26.5,1.328,24.8,16.1,3.32,19.0,15.5,303,12.0,22.5,23,4307.57924161006,1748.15,78.1758091413926,PQ26/25
0.11,100,32.0,2.375,30.4,21.3,4.76,22.0,19.0,292,13.4,27.5,29,11603.499522051701,3710.14,97.9948687608906,PQ32/30
0.082,180,20.5,0.21,16.2,10.3,0.66,14.0,12.5,522,8.8,18.0,10,30.4418566308422,201.085,39.7651763928265,PQ20/16
0.122,120,32.0,0.793,20.5,11.5,3.31,22.0,19.0,239,13.4,27.5,23,6150.217087093721,3412.13,145.860284398144,PQ32/20
0.101,180,50.0,1.876,40.0,26.1,9.2,32.0,31.5,344,20.0,44.0,12,5100.60260251179,11180.6,41.167894020492,PQ50/40
0.084,80,32.0,2.289,30.4,21.3,3.81,22.0,19.0,499,13.4,27.5,18,1733.0908551638,1670.1699999999998,38.8399613817249,PQ32/30
0.2,150,50.0,2.338,40.0,26.1,14.15,32.0,31.5,87,20.0,44.0,19,33797.1093086566,5681.63,86.4921162235752,PQ50/40
0.101,60,32.0,2.479,30.4,21.3,1.64,22.0,19.0,347,13.4,27.5,86,20959.776240007697,4942.05,832.7989094053,PQ32/30
0.2,20,107.0,2.273,87.0,56.0,7.01,70.0,72.5,44,41.0,93.7,40,7752.43327181732,11680.400000000001,1451.10368316031,PQ107/87
0.095,20,20.5,2.324,20.2,14.3,1.35,14.0,12.5,391,8.8,18.0,107,11822.719540768301,2982.96,641.046433582267,PQ20/20
0.088,300,20.5,0.805,20.2,14.3,2.53,14.0,12.5,457,8.8,18.0,9,432.308024711894,266.057,10.4594016246512,PQ20/20
0.092,50,20.5,2.437,20.2,14.3,1.84,14.0,12.5,415,8.8,18.0,38,2435.23750206709,448.374,77.75640309180301,PQ20/20
0.102,350,50.0,0.605,50.0,36.1,2.24,32.5,31.5,31,20.0,44.0,34,137.169800554812,747.583,853.45544756104,PQ50/50
0.156,80,40.5,2.126,39.8,29.5,11.3,28.0,28.0,145,14.9,37.0,16,6392.09096739532,4639.070000000001,41.1022286348969,PQ40/40
0.09,350,26.5,1.902,24.8,16.1,3.81,19.0,15.5,433,12.0,22.5,15,4966.44337329947,720.426,24.855589167237902,PQ26/25
0.1,400,40.5,0.26,30.3,20.0,1.23,28.0,28.0,108,14.9,37.0,18,64.8819143246447,747.475,287.262240272828,PQ40/30
0.085,100,20.5,1.057,16.2,10.3,1.59,14.0,12.5,487,8.8,18.0,21,887.125618798445,347.189,44.7557468119595,PQ20/16
0.119,500,40.5,1.024,39.8,29.5,4.89,28.0,28.0,251,14.9,37.0,13,3632.17848361182,3531.98,47.5737057351602,PQ40/40
0.098,10,32.0,1.126,30.4,21.3,3.76,22.0,19.0,371,13.4,27.5,17,2108.42605617638,3542.3300000000004,60.8579607372387,PQ32/30
0.081,400,40.5,0.343,39.8,29.5,1.37,28.0,28.0,130,14.9,37.0,22,75.72058717690399,1593.85,335.795139336634,PQ40/40
0.097,200,32.0,0.174,30.4,21.3,0.67,22.0,19.0,155,13.4,27.5,23,42.694196364804,1089.36,543.641124448092,PQ32/30
0.085,150,20.5,1.745,16.2,10.3,3.13,14.0,12.5,485,8.8,18.0,17,2483.51025313676,408.221,19.4910030947964,PQ20/16
0.141,400,65.0,2.196,60.0,42.0,11.78,45.0,40.8,178,26.0,55.0,18,42018.8097926872,26352.9,132.440839984108,PQ65/60
0.2,50,26.5,0.508,20.2,11.5,2.95,19.0,15.5,76,12.0,22.5,20,1114.81156523485,446.177,131.214520583129,PQ26/20
0.073,200,20.5,0.351,20.2,14.3,0.52,14.0,12.5,593,8.8,18.0,21,121.30226179176499,370.514,112.93014431803,PQ20/20
0.108,60,20.5,1.942,20.2,14.3,3.31,14.0,12.5,304,8.8,18.0,33,6593.39417243943,1322.8,70.2586436499497,PQ20/20
0.159,150,65.0,1.547,60.0,42.0,2.35,45.0,40.8,140,26.0,55.0,59,22631.1417881906,11739.2,1891.4335531984,PQ65/60
0.177,500,65.0,1.777,60.0,42.0,11.51,45.0,40.8,113,26.0,55.0,14,23864.257262814997,8747.69,95.0700626751091,PQ65/60
0.15,600,50.0,0.69,50.0,36.1,7.06,32.5,31.5,156,20.0,44.0,9,3022.47742904169,6722.22,53.428779558637,PQ50/50
0.121,20,50.0,1.751,40.0,26.1,12.83,32.0,31.5,243,20.0,44.0,13,10167.1739433694,19935.6,51.124541412322,PQ50/40
0.103,100,26.5,2.158,20.2,11.5,5.08,19.0,15.5,330,12.0,22.5,26,16031.1848488337,2230.77,64.8677047225528,PQ26/20
0.088,40,20.5,1.625,16.2,10.3,0.77,14.0,12.5,451,8.8,18.0,61,1868.70937515494,299.206,266.075021888349,PQ20/16
0.098,500,40.5,1.287,30.3,20.0,9.2,28.0,28.0,364,14.9,37.0,8,4007.68495386039,4721.71,14.796847846895,PQ40/30
0.096,120,26.5,0.869,24.8,16.1,2.45,19.0,15.5,384,12.0,22.5,23,2902.6149002551497,3016.72,110.896746287076,PQ26/25
0.103,500,65.0,1.769,60.0,42.0,2.81,45.0,40.8,335,26.0,55.0,38,28512.1796478177,22187.9,702.5509325705519,PQ65/60
0.098,50,26.5,1.475,24.8,16.1,1.0,19.0,15.5,364,12.0,22.5,87,9913.850375097,2751.13,1027.30131554017,PQ26/25
0.106,150,50.0,2.315,40.0,26.1,2.16,32.0,31.5,312,20.0,44.0,61,26018.6551442346,9585.52,897.604354053656,PQ50/40
0.101,150,35.1,2.46,34.8,25.0,10.82,26.0,23.5,343,14.3,32.0,13,6912.23691197438,6999.21,21.990184302183998,PQ35/35
0.103,250,32.0,1.607,30.4,21.3,7.81,22.0,19.0,333,13.4,27.5,12,5941.95964863378,3792.16,22.826041188436,PQ32/30
0.082,40,40.5,2.325,30.3,20.0,2.57,28.0,28.0,531,14.9,37.0,28,1673.43933516358,2582.77,113.851819942523,PQ40/30
0.193,40,32.0,1.17,30.4,21.3,4.37,22.0,19.0,95,13.4,27.5,31,5390.51333699351,1862.65,196.186174036717,PQ32/30
0.142,60,26.5,2.318,24.8,16.1,6.56,19.0,15.5,176,12.0,22.5,31,22250.0832429117,2569.27,90.3100454879529,PQ26/25
0.15,250,65.0,1.993,60.0,42.0,5.38,45.0,40.8,156,26.0,55.0,34,36519.077569708,17335.6,510.988813927144,PQ65/60
0.2,60,26.5,0.856,20.2,11.5,7.21,19.0,15.5,71,12.0,22.5,14,2450.37992373722,491.128,41.027165735925,PQ26/20
0.2,100,50.0,1.884,40.0,26.1,8.42,32.0,31.5,20,20.0,44.0,28,1970.00075976364,425.586,223.499795660209,PQ50/40
0.087,120,40.5,1.738,39.8,29.5,0.6,28.0,28.0,467,14.9,37.0,91,4299.70082487316,2497.38,1547.48820734515,PQ40/40
0.089,120,32.0,2.334,30.4,21.3,1.22,22.0,19.0,444,13.4,27.5,57,6715.1023643197295,1334.8500000000001,383.531695490105,PQ32/30
0.169,40,26.5,1.094,20.2,11.5,3.63,19.0,15.5,123,12.0,22.5,27,4301.69035574135,735.488,123.95560247008001,PQ26/20
0.083,300,26.5,2.486,24.8,16.1,5.46,19.0,15.5,511,12.0,22.5,13,5357.8331470722,966.4399999999999,14.9892598443252,PQ26/25
0.139,200,32.0,0.226,30.4,21.3,1.53,22.0,19.0,182,13.4,27.5,13,224.100186675655,1570.94,138.38878880931298,PQ32/30
0.114,80,32.0,2.146,20.5,11.5,5.06,22.0,19.0,270,13.4,27.5,27,13587.7085860874,2240.76,87.41959260835611,PQ32/20
0.2,60,40.5,1.092,39.8,29.5,10.22,28.0,28.0,61,14.9,37.0,13,1451.36733984974,1581.19,45.3069346288612,PQ40/40
0.124,250,65.0,1.382,60.0,42.0,2.3,45.0,40.8,138,26.0,55.0,56,11272.1956513929,12085.8,1869.51656074625,PQ65/60
0.145,500,40.5,0.452,30.3,20.0,6.16,28.0,28.0,169,14.9,37.0,7,1226.89192276611,2754.7999999999997,26.9743558187293,PQ40/30
0.118,120,32.0,1.622,30.4,21.3,3.24,22.0,19.0,255,13.4,27.5,31,8394.38228475355,2738.27,151.104730239226,PQ32/30
0.131,30,20.5,1.57,20.2,14.3,3.33,14.0,12.5,205,8.8,18.0,42,7271.99652052784,1836.97,134.633609794855,PQ20/20
0.115,30,32.0,1.333,20.5,11.5,3.39,22.0,19.0,266,13.4,27.5,23,2008.63508602037,1420.32,94.1479620094803,PQ32/20
0.103,40,20.5,0.968,20.2,14.3,1.56,14.0,12.5,330,8.8,18.0,35,1316.31064738885,1024.02,136.576376840853,PQ20/20
0.081,500,26.5,0.841,20.2,11.5,2.12,19.0,15.5,540,12.0,22.5,12,1598.35824259707,565.865,30.5666667650373,PQ26/20
0.059,600,20.5,0.283,16.2,10.3,1.22,14.0,12.5,525,8.8,18.0,7,33.274618518567095,202.123,15.0362985093071,PQ20/16
0.08,80,32.0,2.037,20.5,11.5,5.42,22.0,19.0,548,13.4,27.5,12,1869.1271960251402,1286.54,18.025588078208003,PQ32/20
0.128,180,65.0,2.147,60.0,42.0,5.72,45.0,40.8,216,26.0,55.0,35,32944.3338869661,33921.799999999996,509.708994961269,PQ65/60
0.178,250,40.5,1.301,39.8,29.5,11.03,28.0,28.0,112,14.9,37.0,10,4281.4692362060305,2090.3,23.3543671395681,PQ40/40
0.139,40,26.5,2.177,24.8,16.1,6.74,19.0,15.5,182,12.0,22.5,31,16291.619108671,3303.14,95.1335076820666,PQ26/25
0.185,150,50.0,1.948,50.0,36.1,10.6,32.5,31.5,103,20.0,44.0,17,11545.6173696539,5302.33,81.8534764892254,PQ50/50
0.117,100,40.5,1.335,30.3,20.0,1.42,28.0,28.0,259,14.9,37.0,54,5895.24627821772,2600.8399999999997,654.426513168058,PQ40/30
0.096,100,50.0,2.173,50.0,36.1,1.05,32.5,31.5,380,20.0,44.0,129,30995.1163596527,22117.6,4321.90522446201,PQ50/50
0.19,100,26.5,0.546,20.2,11.5,6.0,19.0,15.5,98,12.0,22.5,11,2047.36484706675,804.071,37.2723555815452,PQ26/20
0.102,60,16.4,1.167,11.6,6.7,2.9,11.2,9.6,342,7.0,14.4,23,3221.11871192626,421.775,32.3306880334949,PQ16/11.6
0.094,150,32.0,1.764,30.4,21.3,3.11,22.0,19.0,400,13.4,27.5,36,14765.3759637499,6989.07,190.776817140102,PQ32/30
0.2,80,35.1,0.342,34.8,25.0,3.89,26.0,23.5,37,14.3,32.0,10,78.2624415961706,262.849,64.5398784338944,PQ35/35
0.099,200,26.5,1.989,24.8,16.1,5.45,19.0,15.5,359,12.0,22.5,21,15878.4969250856,2948.93,46.968181634240395,PQ26/25
0.092,400,26.5,2.17,24.8,16.1,7.03,19.0,15.5,419,12.0,22.5,9,4179.65315431604,670.325,8.03102792703079,PQ26/25
0.087,600,26.5,0.416,20.2,11.5,1.85,19.0,15.5,465,12.0,22.5,7,291.686734932463,361.82,19.1023414264034,PQ26/20
0.085,350,32.0,1.671,20.5,11.5,2.78,22.0,19.0,486,13.4,27.5,18,5445.100097309491,790.2280000000001,47.7751101214234,PQ32/20
0.05,350,35.1,1.31,34.8,25.0,0.57,26.0,23.5,505,14.3,32.0,72,965.967583712433,1926.5,1099.6032994346901,PQ35/35
0.118,350,35.1,0.242,34.8,25.0,2.08,26.0,23.5,93,14.3,32.0,14,103.976100859274,1452.45,170.306649344036,PQ35/35
0.173,50,26.5,0.621,24.8,16.1,2.12,19.0,15.5,118,12.0,22.5,27,1483.90453512724,751.996,202.743901099712,PQ26/25
0.126,80,32.0,1.843,20.5,11.5,5.32,22.0,19.0,223,13.4,27.5,32,25935.6388442138,3843.93,139.398895548702,PQ32/20
0.085,40,20.5,1.939,20.2,14.3,0.86,14.0,12.5,491,8.8,18.0,67,2467.8041471204797,585.763,289.819951749287,PQ20/20
0.2,120,40.5,1.686,39.8,29.5,13.58,28.0,28.0,44,14.9,37.0,15,3011.78784744227,1098.09,43.0254226993851,PQ40/40
0.111,400,107.0,1.76,87.0,56.0,3.25,70.0,72.5,113,41.0,93.7,46,6324.54034852758,22551.5,2375.22726563805,PQ107/87
0.193,10,32.0,1.288,30.4,21.3,1.05,22.0,19.0,95,13.4,27.5,143,7526.91461422435,2002.34,3868.15550164653,PQ32/30
0.05,350,16.4,0.256,11.6,6.7,0.51,11.2,9.6,481,7.0,14.4,15,20.5778129875966,75.8579,49.1960161143666,PQ16/11.6
0.08,60,16.4,1.835,11.6,6.7,2.43,11.2,9.6,558,7.0,14.4,22,1858.51679039817,207.437,20.3170572126136,PQ16/11.6
0.2,20,20.5,0.369,20.2,14.3,3.02,14.0,12.5,35,8.8,18.0,15,115.772426693698,78.8379,55.3568713397275,PQ20/20
0.088,60,20.5,2.126,20.2,14.3,1.57,14.0,12.5,457,8.8,18.0,41,2755.196459192,568.256,100.91095017622901,PQ20/20
0.102,10,32.0,2.407,20.5,11.5,2.06,22.0,19.0,341,13.4,27.5,71,7139.3018989633,3210.35,549.950377743376,PQ32/20
0.084,30,26.5,1.504,24.8,16.1,2.69,19.0,15.5,495,12.0,22.5,17,699.830765293936,841.583,38.59115946411,PQ26/25
0.091,80,16.4,2.335,11.6,6.7,3.22,11.2,9.6,422,7.0,14.4,21,3215.15480771361,134.315,15.0878578883088,PQ16/11.6
0.138,60,26.5,1.404,20.2,11.5,3.63,19.0,15.5,186,12.0,22.5,33,11317.5788116387,1538.07,150.106984183486,PQ26/20
0.085,100,20.5,1.434,20.2,14.3,1.42,14.0,12.5,492,8.8,18.0,30,1594.50563869427,488.988,73.64914219440499,PQ20/20
0.112,10,32.0,2.268,20.5,11.5,1.64,22.0,19.0,283,13.4,27.5,87,7254.0644397817505,2419.63,867.180876975056,PQ32/20
0.11,180,26.5,0.757,24.8,16.1,4.68,19.0,15.5,291,12.0,22.5,10,1328.31130847697,1494.19,23.5154512495948,PQ26/25
0.133,100,26.5,0.415,24.8,16.1,1.58,19.0,15.5,200,12.0,22.5,24,1134.54365521942,1660.8,226.330882726787,PQ26/25
0.158,500,50.0,0.598,40.0,26.1,8.78,32.0,31.5,49,20.0,44.0,8,483.304350779295,1164.79,47.6502114553819,PQ50/40
0.2,40,26.5,1.37,20.2,11.5,6.87,19.0,15.5,30,12.0,22.5,24,1628.5030163849501,127.85199999999999,81.0143430146578,PQ26/20
0.123,500,50.0,0.468,40.0,26.1,3.04,32.0,31.5,232,20.0,44.0,13,1781.48420749355,7821.35,155.320155843748,PQ50/40
0.116,30,20.5,1.777,16.2,10.3,3.46,14.0,12.5,261,8.8,18.0,31,4012.61442531176,797.957,63.9260829516032,PQ20/16
0.1,500,32.0,0.677,20.5,11.5,6.25,22.0,19.0,350,13.4,27.5,7,2487.56434633916,2312.66,15.454237412016601,PQ32/20
0.107,150,32.0,1.151,30.4,21.3,4.27,22.0,19.0,307,13.4,27.5,17,3106.07390237619,3338.96,59.8208046190862,PQ32/30
0.091,120,20.5,1.838,20.2,14.3,2.52,14.0,12.5,426,8.8,18.0,21,1965.83985245622,402.114,29.7126854875546,PQ20/20
0.138,80,32.0,1.229,20.5,11.5,7.62,22.0,19.0,186,13.4,27.5,15,6152.429382696319,2352.0699999999997,42.8889912547194,PQ32/20
0.129,120,32.0,1.586,20.5,11.5,7.97,22.0,19.0,213,13.4,27.5,18,16109.0832727654,3143.43,49.9324612216967,PQ32/20
0.059,500,26.5,0.89,24.8,16.1,1.33,19.0,15.5,500,12.0,22.5,19,479.692587123786,539.524,74.135218863114,PQ26/25
0.094,120,20.5,1.291,16.2,10.3,2.71,14.0,12.5,401,8.8,18.0,14,924.42905619893,221.674,16.8945246472344,PQ20/16
0.116,180,32.0,1.237,20.5,11.5,6.51,22.0,19.0,263,13.4,27.5,11,3832.92388566384,1308.68,22.9194726401862,PQ32/20
0.107,60,26.5,2.391,20.2,11.5,3.38,19.0,15.5,308,12.0,22.5,43,18858.542332668,2020.81,162.692984826588,PQ26/20
0.105,120,107.0,0.968,87.0,56.0,5.48,70.0,72.5,318,41.0,93.7,11,1087.01623766929,52193.9,226.082974907119,PQ107/87
0.2,100,35.1,1.531,34.8,25.0,10.51,26.0,23.5,84,14.3,32.0,17,8862.62546378115,2472.83,54.3051912395756,PQ35/35
0.093,350,40.5,1.177,30.3,20.0,4.64,28.0,28.0,405,14.9,37.0,8,754.14014151204,1118.0,15.8988539770546,PQ40/30
0.082,250,40.5,0.864,30.3,20.0,0.65,28.0,28.0,527,14.9,37.0,41,1356.96167637723,1465.53,535.99791613917,PQ40/30
0.2,30,40.5,2.431,30.3,20.0,5.75,28.0,28.0,74,14.9,37.0,52,17934.609308247298,2600.78,380.314607014868,PQ40/30
0.089,400,40.5,0.618,30.3,20.0,2.37,28.0,28.0,211,14.9,37.0,23,1172.71123496471,3836.05,223.313779144428,PQ40/30
0.139,80,40.5,1.018,39.8,29.5,1.63,28.0,28.0,183,14.9,37.0,56,5136.90628122842,5141.94,887.324546510511,PQ40/40
0.162,30,107.0,2.225,87.0,56.0,3.67,70.0,72.5,134,41.0,93.7,58,9851.575614552059,46200.4,3104.7390186987,PQ107/87
0.1,180,35.1,1.72,34.8,25.0,2.97,26.0,23.5,352,14.3,32.0,36,12651.098443772,7226.14,222.330956430683,PQ35/35
0.089,150,40.5,0.863,30.3,20.0,0.84,28.0,28.0,303,14.9,37.0,59,1886.6994101963,2764.7,1112.19079105286,PQ40/30
0.105,250,35.1,1.521,34.8,25.0,13.11,26.0,23.5,318,14.3,32.0,7,2875.15779874952,5147.28,9.25492301715288,PQ35/35
0.098,250,20.5,0.354,16.2,10.3,3.74,14.0,12.5,369,8.8,18.0,6,303.998600063889,825.73,9.10768651603158,PQ20/16
0.16,80,40.5,2.412,39.8,29.5,5.51,28.0,28.0,137,14.9,37.0,38,16922.8411157319,4786.27,211.050703938053,PQ40/40
0.092,60,16.4,1.97,11.6,6.7,2.23,11.2,9.6,414,7.0,14.4,28,2917.07189236923,155.468,30.9978044113714,PQ16/11.6
0.198,10,16.4,0.693,11.6,6.7,2.81,11.2,9.6,90,7.0,14.4,29,1249.50954810682,185.14,79.07738913831591,PQ16/11.6
0.112,200,26.5,1.008,20.2,11.5,4.29,19.0,15.5,279,12.0,22.5,15,4980.10729862494,1314.81,40.9805787382732,PQ26/20
0.121,200,26.5,0.205,24.8,16.1,2.37,19.0,15.5,240,12.0,22.5,8,185.652399916489,1910.48,46.5918794739956,PQ26/25
0.2,150,107.0,2.078,87.0,56.0,18.5,70.0,72.5,55,41.0,93.7,14,7200.41426065502,17346.2,191.630423694972,PQ107/87
0.102,60,26.5,2.022,20.2,11.5,3.96,19.0,15.5,340,12.0,22.5,29,8733.6897168617,1882.17,85.3060080295554,PQ26/20
0.099,100,32.0,1.948,20.5,11.5,6.86,22.0,19.0,362,13.4,27.5,16,7138.94866535481,2684.32,33.2584241142227,PQ32/20
0.103,200,40.5,1.318,30.3,20.0,9.63,28.0,28.0,332,14.9,37.0,8,2067.16200715723,4280.52,14.5232819331963,PQ40/30
0.117,180,32.0,1.906,30.4,21.3,5.67,22.0,19.0,258,13.4,27.5,21,11531.3910792303,3117.57,61.0902102513109,PQ32/30
0.115,150,32.0,1.491,30.4,21.3,3.4,22.0,19.0,269,13.4,27.5,27,7728.45119120228,2839.63,122.579781974887,PQ32/30
0.105,180,50.0,1.122,40.0,26.1,1.26,32.0,31.5,323,20.0,44.0,56,9088.58235652044,9221.67,1366.40284527212,PQ50/40
0.178,50,50.0,0.971,40.0,26.1,1.19,32.0,31.5,112,20.0,44.0,72,4861.0788322851,3047.76,2550.9229228411,PQ50/40
0.127,20,50.0,1.959,40.0,26.1,10.4,32.0,31.5,219,20.0,44.0,18,9496.6432718116,17452.9,89.5161335171442,PQ50/40
0.2,30,26.5,2.098,24.8,16.1,7.96,19.0,15.5,38,12.0,22.5,34,5086.24956008921,381.867,117.894615800403,PQ26/25
0.105,250,26.5,1.391,24.8,16.1,5.78,19.0,15.5,319,12.0,22.5,14,7114.2071288182,2019.6299999999999,27.8896509031232,PQ26/25
0.108,100,20.5,0.923,20.2,14.3,2.74,14.0,12.5,302,8.8,18.0,19,1577.25222644001,842.218,41.805375045694305,PQ20/20
0.09,200,50.0,2.079,50.0,36.1,3.72,32.5,31.5,440,20.0,44.0,16,1703.76290754942,3579.26,68.806722744746,PQ50/50
0.085,100,20.5,1.759,20.2,14.3,3.91,14.0,12.5,493,8.8,18.0,13,1067.2993743623,514.901,11.7842769683658,PQ20/20
0.08,400,32.0,1.332,20.5,11.5,3.55,22.0,19.0,555,13.4,27.5,12,3185.64270358235,1081.8,25.6287900255758,PQ32/20
0.2,100,40.5,1.315,30.3,20.0,8.3,28.0,28.0,47,14.9,37.0,18,2382.45129947893,667.178,73.7159009722384,PQ40/30
0.1,150,32.0,2.284,30.4,21.3,7.26,22.0,19.0,351,13.4,27.5,19,11424.8966855379,5601.25,43.3739292473816,PQ32/30
0.191,30,26.5,1.001,24.8,16.1,7.29,19.0,15.5,97,12.0,22.5,17,3031.43442232308,1352.66,53.9382560978461,PQ26/25
0.2,60,35.1,2.396,34.8,25.0,12.81,26.0,23.5,20,14.3,32.0,24,2571.7784432744,295.62100000000004,76.5787760520799,PQ35/35
0.148,100,32.0,1.613,20.5,11.5,5.93,22.0,19.0,161,13.4,27.5,23,15115.5099459953,1597.68,80.3621822737811,PQ32/20
0.088,150,20.5,0.955,20.2,14.3,2.55,14.0,12.5,457,8.8,18.0,11,416.253963225242,323.949,13.6409303273258,PQ20/20
0.08,120,107.0,2.439,87.0,56.0,5.31,70.0,72.5,552,41.0,93.7,13,1899.63437152516,25856.2,144.27672392850403,PQ107/87
0.1,150,32.0,1.006,30.4,21.3,1.57,22.0,19.0,352,13.4,27.5,36,3888.6567792047,2938.24,298.978343252671,PQ32/30
0.107,150,26.5,1.841,20.2,11.5,5.07,19.0,15.5,309,12.0,22.5,21,13347.24051405,1590.15,48.4109740084941,PQ26/20
0.117,20,26.5,2.356,24.8,16.1,1.12,19.0,15.5,259,12.0,22.5,129,15267.8483130857,2059.26,1543.03383879334,PQ26/25
0.084,400,32.0,1.06,20.5,11.5,2.63,22.0,19.0,495,13.4,27.5,13,2198.6374821651502,821.32,36.4342471611431,PQ32/20
0.093,400,40.5,1.576,30.3,20.0,3.34,28.0,28.0,408,14.9,37.0,15,2741.19200531449,1364.86,44.2969471893606,PQ40/30
0.12,100,26.5,0.725,24.8,16.1,2.31,19.0,15.5,246,12.0,22.5,29,4237.25659180952,3080.24,205.087028255306,PQ26/25
0.082,300,16.4,0.706,11.6,6.7,3.15,11.2,9.6,527,7.0,14.4,7,545.812442354668,146.508,4.52847510128027,PQ16/11.6
0.051,600,65.0,2.258,60.0,42.0,0.79,45.0,40.8,593,26.0,55.0,82,5022.36254162788,9878.3,2681.59524652354,PQ65/60
0.084,400,32.0,2.335,30.4,21.3,5.34,22.0,19.0,502,13.4,27.5,13,5210.8601275343,1669.93,19.95002299102,PQ32/30
0.111,500,65.0,0.943,60.0,42.0,2.74,45.0,40.8,101,26.0,55.0,31,1915.0822823792698,5329.4800000000005,789.260423343932,PQ65/60
0.083,50,40.5,0.878,39.8,29.5,4.65,28.0,28.0,518,14.9,37.0,6,404.754404580333,2082.32,11.4478995091781,PQ40/40
0.08,120,26.5,1.609,24.8,16.1,1.72,19.0,15.5,549,12.0,22.5,30,2934.23859070911,1203.64,113.776058024576,PQ26/25
0.162,20,26.5,0.542,24.8,16.1,0.87,19.0,15.5,134,12.0,22.5,56,906.397110420723,840.735,979.214081795613,PQ26/25
0.081,350,32.0,1.575,20.5,11.5,2.26,22.0,19.0,532,13.4,27.5,22,6570.52354629632,1058.5,74.9343110877662,PQ32/20
0.099,100,26.5,1.348,24.8,16.1,2.75,19.0,15.5,358,12.0,22.5,29,5798.22324913754,2562.6099999999997,122.814598145356,PQ26/25
0.159,50,32.0,2.477,20.5,11.5,7.98,22.0,19.0,140,13.4,27.5,30,28508.9129689758,2073.08,95.89073890545849,PQ32/20
0.105,120,26.5,1.661,24.8,16.1,5.09,19.0,15.5,322,12.0,22.5,19,6671.59852995851,2250.6499999999996,44.5011651822602,PQ26/25
0.14,60,32.0,1.354,20.5,11.5,3.37,22.0,19.0,180,13.4,27.5,38,13602.2700445512,2409.53,253.828063126038,PQ32/20
0.169,60,32.0,1.57,30.4,21.3,7.16,22.0,19.0,123,13.4,27.5,21,6649.10886625621,2184.77,71.1831725683337,PQ32/30
0.2,120,40.5,1.457,39.8,29.5,11.86,28.0,28.0,33,14.9,37.0,14,1269.97111596255,509.888,41.9549919500101,PQ40/40
0.2,300,40.5,0.44,39.8,29.5,8.0,28.0,28.0,61,14.9,37.0,7,453.856639715578,1163.91,27.6177573567276,PQ40/40
0.2,180,65.0,2.324,60.0,42.0,9.8,45.0,40.8,82,26.0,55.0,28,41993.3376434254,10949.5,306.238185423503,PQ65/60
0.093,250,35.1,2.317,34.8,25.0,5.17,26.0,23.5,406,14.3,32.0,14,3088.73500205619,1841.71,26.6989066807267,PQ35/35
0.095,300,32.0,2.164,30.4,21.3,6.21,22.0,19.0,389,13.4,27.5,20,19162.5694842728,5750.09,50.1269181697938,PQ32/30
0.078,100,16.4,1.162,11.6,6.7,2.94,11.2,9.6,585,7.0,14.4,12,821.182676310735,207.893,8.83602719411546,PQ16/11.6
0.134,80,65.0,1.809,60.0,42.0,10.44,45.0,40.8,196,26.0,55.0,15,5538.00497925832,21421.0,107.524437707655,PQ65/60
0.139,300,107.0,2.455,87.0,56.0,4.31,70.0,72.5,90,41.0,93.7,72,47427.9862544184,47688.4,4409.73589161532,PQ107/87
0.176,60,32.0,0.525,20.5,11.5,2.38,22.0,19.0,114,13.4,27.5,21,1232.1323666880498,746.96,173.472277168769,PQ32/20
0.091,200,26.5,2.177,20.2,11.5,4.88,19.0,15.5,427,12.0,22.5,13,3798.28142886934,503.792,16.1120567583326,PQ26/20
0.102,50,35.1,1.017,34.8,25.0,1.83,26.0,23.5,342,14.3,32.0,35,1476.86944864186,5247.07,318.007254959103,PQ35/35
0.12,150,50.0,2.131,50.0,36.1,3.11,32.5,31.5,246,20.0,44.0,58,38220.9245967937,21869.7,888.273757069176,PQ50/50
0.149,30,16.4,0.616,11.6,6.7,2.97,11.2,9.6,158,7.0,14.4,18,894.007462516894,227.229,33.5419894938495,PQ16/11.6
0.088,200,32.0,1.861,20.5,11.5,2.65,22.0,19.0,460,13.4,27.5,20,3959.95093155813,659.22,53.9677097356533,PQ32/20
0.101,20,26.5,0.947,24.8,16.1,4.6,19.0,15.5,348,12.0,22.5,13,1185.02815203458,2441.97,32.9847943542903,PQ26/25
0.114,200,40.5,1.987,39.8,29.5,4.89,28.0,28.0,271,14.9,37.0,24,8673.09446028178,5368.99,97.2795105546008,PQ40/40
0.094,60,20.5,1.649,16.2,10.3,3.29,14.0,12.5,397,8.8,18.0,31,6832.148807351609,1768.99,67.9611647609507,PQ20/16
0.082,60,20.5,1.651,20.2,14.3,1.11,14.0,12.5,524,8.8,18.0,44,1793.55605857541,581.919,141.87560693984798,PQ20/20
0.127,180,50.0,2.028,40.0,26.1,5.36,32.0,31.5,218,20.0,44.0,35,37513.2494140654,16298.7,328.918210516508,PQ50/40
0.169,10,40.5,1.719,30.3,20.0,5.96,28.0,28.0,124,14.9,37.0,27,4566.89523495662,2761.43,134.181846276933,PQ40/30
0.2,30,26.5,1.638,20.2,11.5,5.85,19.0,15.5,31,12.0,22.5,32,2159.98631196477,128.602,124.00464971455,PQ26/20
0.107,180,26.5,0.2,20.2,11.5,1.52,19.0,15.5,29,12.0,22.5,15,15.9591934860897,56.0479,168.449335458931,PQ26/20
0.077,180,26.5,2.432,24.8,16.1,2.0,19.0,15.5,591,12.0,22.5,38,10630.9809479622,1617.31,130.4249471597,PQ26/25
0.188,60,40.5,0.756,30.3,20.0,7.46,28.0,28.0,100,14.9,37.0,12,1382.72789202814,2274.5899999999997,51.4085821469835,PQ40/30
0.106,50,26.5,0.958,20.2,11.5,4.29,19.0,15.5,313,12.0,22.5,13,1085.51188566085,1257.2700000000002,32.133362992755096,PQ26/20
0.096,200,32.0,1.865,30.4,21.3,3.75,22.0,19.0,379,13.4,27.5,28,12992.8434863645,4773.91,110.500012876297,PQ32/30
0.095,30,16.4,0.789,11.6,6.7,1.07,11.2,9.6,392,7.0,14.4,47,1931.85292843327,600.977,186.50227548190702,PQ16/11.6
0.089,40,50.0,1.343,50.0,36.1,2.24,32.5,31.5,446,20.0,44.0,17,464.308416252142,2780.61,109.89837599437,PQ50/50
0.199,100,40.5,0.947,39.8,29.5,11.37,28.0,28.0,89,14.9,37.0,10,2061.59823420287,2818.28,30.007241205423803,PQ40/40
0.123,20,16.4,1.351,11.6,6.7,2.46,11.2,9.6,232,7.0,14.4,47,6373.196894586859,624.947,119.808140272968,PQ16/11.6
0.071,400,50.0,1.324,40.0,26.1,0.67,32.0,31.5,480,20.0,44.0,57,2776.93463941435,2619.9300000000003,1233.30054370963,PQ50/40
0.158,50,35.1,1.277,34.8,25.0,12.61,26.0,23.5,142,14.3,32.0,9,2033.77857004919,2937.32,17.5600774732669,PQ35/35
0.169,300,107.0,0.739,87.0,56.0,3.2,70.0,72.5,103,41.0,93.7,20,1651.6134887622,14530.4,945.559364837555,PQ107/87
0.176,200,40.5,1.959,39.8,29.5,12.57,28.0,28.0,114,14.9,37.0,14,11544.762324418001,3230.46,33.4905494557337,PQ40/40
0.13,180,40.5,1.196,39.8,29.5,4.28,28.0,28.0,209,14.9,37.0,26,7993.82446873195,7977.41,168.649781788396,PQ40/40
0.167,80,50.0,1.289,50.0,36.1,3.83,32.5,31.5,126,20.0,44.0,31,5048.2785514669995,6063.44,378.44091936209,PQ50/50
0.2,20,26.5,1.29,24.8,16.1,3.66,19.0,15.5,83,12.0,22.5,42,5897.24882550702,1048.2,267.497734632051,PQ26/25
0.15,60,32.0,2.235,20.5,11.5,5.17,22.0,19.0,157,13.4,27.5,37,27060.4586870478,1810.51,158.803278639097,PQ32/20
0.101,250,35.1,1.561,34.8,25.0,4.26,26.0,23.5,346,14.3,32.0,21,7309.87242649443,5358.46,81.5794580218728,PQ35/35
0.13,20,40.5,1.625,39.8,29.5,6.78,28.0,28.0,209,14.9,37.0,21,3945.76035285039,8179.57,86.7519626331681,PQ40/40
0.2,30,26.5,1.177,20.2,11.5,4.04,19.0,15.5,66,12.0,22.5,33,4204.15812358727,437.04900000000004,174.124573764152,PQ26/20
0.116,80,40.5,0.824,39.8,29.5,1.2,28.0,28.0,261,14.9,37.0,40,1040.59310066442,2853.75,535.661464261444,PQ40/40
0.109,150,20.5,0.075,16.2,10.3,1.2,14.0,12.5,90,8.8,18.0,7,5.08145918420991,168.512,48.4496940209502,PQ20/16
0.081,350,40.5,1.879,30.3,20.0,6.64,28.0,28.0,539,14.9,37.0,8,1538.4296560647,1848.21,10.9720048036614,PQ40/30
0.129,350,50.0,1.618,50.0,36.1,12.8,32.5,31.5,213,20.0,44.0,11,10909.2756989365,15335.0,39.7037535802787,PQ50/50
0.068,600,26.5,0.155,20.2,11.5,1.23,19.0,15.5,196,12.0,22.5,12,44.3257908787284,1082.78,135.274775855733,PQ26/20
0.08,400,26.5,1.726,24.8,16.1,4.91,19.0,15.5,551,12.0,22.5,10,2907.03101124042,916.66,11.9430238165769,PQ26/25
0.083,250,26.5,2.056,20.2,11.5,4.26,19.0,15.5,508,12.0,22.5,15,5441.62508945705,796.328,22.4993320873512,PQ26/20
0.108,50,20.5,1.799,20.2,14.3,3.05,14.0,12.5,305,8.8,18.0,34,5288.82481011848,1346.55,79.2452482010902,PQ20/20
0.086,500,32.0,1.45,30.4,21.3,3.51,22.0,19.0,478,13.4,27.5,12,2366.77931027964,1073.58,24.7609676661539,PQ32/30
0.105,200,35.1,1.669,34.8,25.0,3.26,26.0,23.5,323,14.3,32.0,29,9094.8664190764,4795.78,147.648167377099,PQ35/35
0.101,30,50.0,2.444,50.0,36.1,6.86,32.5,31.5,346,20.0,44.0,23,6536.349804619151,21915.4,125.50172933652,PQ50/50
0.081,300,32.0,2.167,20.5,11.5,3.7,22.0,19.0,536,13.4,27.5,17,6643.94367314559,986.1320000000001,34.3941117092839,PQ32/20
0.2,120,26.5,0.331,24.8,16.1,6.39,19.0,15.5,69,12.0,22.5,6,239.424697596244,406.89300000000003,17.2261775639619,PQ26/25
0.09,100,26.5,2.333,24.8,16.1,1.34,19.0,15.5,436,12.0,22.5,51,6671.39932778458,759.1179999999999,243.079595764623,PQ26/25
0.082,150,20.5,2.356,20.2,14.3,3.19,14.0,12.5,522,8.8,18.0,22,4135.74595324318,745.489,26.777961060733702,PQ20/20
0.139,10,40.5,1.39,39.8,29.5,4.47,28.0,28.0,183,14.9,37.0,30,3788.21364678629,7437.85,199.746666891113,PQ40/40
0.163,10,50.0,2.062,40.0,26.1,5.44,32.0,31.5,133,20.0,44.0,34,6575.15992173274,6139.14,306.499292464837,PQ50/40
0.109,180,26.5,1.351,20.2,11.5,5.24,19.0,15.5,298,12.0,22.5,15,6654.55745998175,1322.88,32.0267846067067,PQ26/20
0.077,300,40.5,1.521,30.3,20.0,1.73,28.0,28.0,589,14.9,37.0,28,3509.7705358685103,2636.71,158.67717693641,PQ40/30
0.11,30,65.0,1.954,60.0,42.0,7.02,45.0,40.8,293,26.0,55.0,16,4135.7994960582,16054.0,114.861506358863,PQ65/60
0.082,350,20.5,0.535,16.2,10.3,2.71,14.0,12.5,522,8.8,18.0,6,216.049438740142,259.185,6.41077670837875,PQ20/16
0.108,180,107.0,2.192,87.0,56.0,11.26,70.0,72.5,303,41.0,93.7,12,5547.54397788671,64779.1,134.425352644397,PQ107/87
0.153,80,26.5,0.174,20.2,11.5,1.87,19.0,15.5,151,12.0,22.5,9,91.2899144348164,722.161,68.6150767905012,PQ26/20
0.094,250,32.0,2.332,30.4,21.3,2.89,22.0,19.0,403,13.4,27.5,24,6025.73067224059,1123.5,68.06751621939391,PQ32/30
0.149,50,32.0,1.052,20.5,11.5,2.21,22.0,19.0,160,13.4,27.5,45,8404.254987498889,1757.56,439.717787981627,PQ32/20
0.152,20,16.4,0.906,11.6,6.7,3.13,11.2,9.6,152,7.0,14.4,28,2437.11756302069,331.711,59.061054279286,PQ16/11.6
0.078,200,26.5,0.665,20.2,11.5,0.8,19.0,15.5,577,12.0,22.5,27,1027.41308290564,704.851,189.078607327121,PQ26/20
0.108,300,26.5,0.693,20.2,11.5,3.84,19.0,15.5,302,12.0,22.5,11,2425.35252927997,1166.07,30.307767196739402,PQ26/20
0.082,120,20.5,2.405,16.2,10.3,3.08,14.0,12.5,525,8.8,18.0,24,4952.44303626079,563.367,29.801650089109,PQ20/16
0.125,100,40.5,0.312,39.8,29.5,2.25,28.0,28.0,225,14.9,37.0,13,183.702663291702,4978.379999999999,127.085637172545,PQ40/40
0.11,600,35.1,1.778,34.8,25.0,11.51,26.0,23.5,290,14.3,32.0,9,9825.36444060009,4396.41,13.537135776165,PQ35/35
0.156,500,40.5,0.289,30.3,20.0,4.13,28.0,28.0,129,14.9,37.0,6,268.359599124151,1094.87,29.124994229772803,PQ40/30
0.087,150,107.0,2.063,87.0,56.0,1.87,70.0,72.5,465,41.0,93.7,35,2376.97189891958,23765.7,1202.0890415594502,PQ107/87
0.083,60,16.4,1.614,11.6,6.7,1.34,11.2,9.6,511,7.0,14.4,34,2016.53819815582,155.621,54.0661879493898,PQ16/11.6
0.096,250,26.5,0.539,20.2,11.5,1.98,19.0,15.5,383,12.0,22.5,16,1659.73172633695,1495.81,79.6339234402199,PQ26/20
0.087,300,26.5,2.366,20.2,11.5,7.57,19.0,15.5,471,12.0,22.5,10,6139.798534567391,788.7650000000001,8.87984200390839,PQ26/20
0.166,120,35.1,2.018,34.8,25.0,9.72,26.0,23.5,128,14.3,32.0,19,13349.143194709899,3373.74,54.7884172414848,PQ35/35
0.087,300,26.5,1.977,20.2,11.5,5.2,19.0,15.5,461,12.0,22.5,12,5009.76758826203,682.129,14.8864767745857,PQ26/20
0.103,180,40.5,1.278,30.3,20.0,8.1,28.0,28.0,331,14.9,37.0,10,2448.58704976183,5155.81,23.259931600779698,PQ40/30
0.181,600,65.0,2.016,60.0,42.0,16.24,45.0,40.8,108,26.0,55.0,11,27459.3818112283,8119.94,52.9853324483674,PQ65/60
0.2,30,26.5,1.063,24.8,16.1,4.16,19.0,15.5,53,12.0,22.5,29,1708.7379223215898,369.871,149.294816932743,PQ26/25
0.2,40,26.5,1.569,24.8,16.1,7.63,19.0,15.5,28,12.0,22.5,24,1556.56329585278,149.855,74.3831629353498,PQ26/25
0.078,60,20.5,2.419,20.2,14.3,1.62,14.0,12.5,578,8.8,18.0,43,3246.50230639643,829.75,100.18480217192,PQ20/20
0.2,180,50.0,1.799,40.0,26.1,16.99,32.0,31.5,69,20.0,44.0,12,9983.41685491375,3122.54,42.6160186668848,PQ50/40
0.16,40,40.5,2.049,39.8,29.5,2.77,28.0,28.0,137,14.9,37.0,64,10618.9336741728,4216.14,676.199024124394,PQ40/40
0.148,200,35.1,1.885,34.8,25.0,11.14,26.0,23.5,162,14.3,32.0,15,14588.1300606998,4655.9,35.9551795709609,PQ35/35
0.079,80,40.5,1.98,39.8,29.5,5.02,28.0,28.0,565,14.9,37.0,12,1047.63304121762,3563.32,24.3570424167853,PQ40/40
0.088,600,26.5,0.879,24.8,16.1,3.25,19.0,15.5,456,12.0,22.5,8,1038.14799879289,508.578,13.2794589191562,PQ26/25
0.085,400,32.0,1.129,30.4,21.3,1.99,22.0,19.0,459,13.4,27.5,17,1539.35829690502,953.312,60.6726825470884,PQ32/30
0.101,250,32.0,0.693,20.5,11.5,2.81,22.0,19.0,346,13.4,27.5,14,2056.99158932359,1631.22,60.5734702438399,PQ32/20
0.122,600,40.5,1.467,39.8,29.5,14.02,28.0,28.0,237,14.9,37.0,9,11598.0087024118,9244.26,17.2474641552352,PQ40/40
0.169,200,50.0,2.489,40.0,26.1,11.54,32.0,31.5,123,20.0,44.0,19,30081.3625831575,5603.58,82.27222431201861,PQ50/40
0.2,150,40.5,1.658,39.8,29.5,14.2,28.0,28.0,51,14.9,37.0,14,4126.06798571255,1394.59,37.9820184666638,PQ40/40
0.112,40,32.0,2.042,20.5,11.5,1.43,22.0,19.0,280,13.4,27.5,90,19935.3865003009,2278.14,1012.4119086639,PQ32/20
0.094,150,20.5,0.75,20.2,14.3,2.69,14.0,12.5,399,8.8,18.0,16,1362.44175240115,1304.0,35.0154226601364,PQ20/20
0.2,350,107.0,1.951,87.0,56.0,8.43,70.0,72.5,28,41.0,93.7,29,6127.27198211046,4962.03,866.785157685071,PQ107/87
0.064,400,40.5,0.523,30.3,20.0,0.82,28.0,28.0,383,14.9,37.0,40,640.310252672894,4353.22,776.80209886157,PQ40/30
0.101,120,32.0,1.366,20.5,11.5,2.04,22.0,19.0,345,13.4,27.5,38,9818.96387449744,2124.41,251.901949614536,PQ32/20
0.066,600,32.0,0.461,20.5,11.5,1.68,22.0,19.0,377,13.4,27.5,17,691.361690219616,2094.89,127.104369594758,PQ32/20
0.2,300,50.0,1.379,40.0,26.1,17.94,32.0,31.5,82,20.0,44.0,9,10974.3243560825,4120.18,29.8049945655548,PQ50/40
0.133,350,26.5,0.234,24.8,16.1,3.39,19.0,15.5,201,12.0,22.5,6,279.669821458886,1216.42,23.3374119960491,PQ26/25
0.082,300,26.5,2.355,20.2,11.5,6.68,19.0,15.5,530,12.0,22.5,11,6346.84514877283,921.062,10.7854009680982,PQ26/20
0.082,150,16.4,0.518,11.6,6.7,1.82,11.2,9.6,520,7.0,14.4,9,198.915271973982,130.272,9.69452724019596,PQ16/11.6
0.155,60,50.0,1.964,40.0,26.1,11.83,32.0,31.5,147,20.0,44.0,16,7740.11607289264,8653.67,70.5634327263034,PQ50/40
0.157,10,26.5,2.234,20.2,11.5,1.16,19.0,15.5,144,12.0,22.5,164,21407.7263257167,1149.6299999999999,2508.19237104225,PQ26/20
0.148,80,65.0,0.913,60.0,42.0,6.46,45.0,40.8,161,26.0,55.0,13,1454.37629108668,13062.7,142.729479838023,PQ65/60
0.083,350,32.0,0.748,20.5,11.5,1.04,22.0,19.0,467,13.4,27.5,21,1094.90215097353,492.186,127.631682554457,PQ32/20
0.081,40,16.4,2.316,11.6,6.7,1.47,11.2,9.6,544,7.0,14.4,50,4693.31191485247,271.776,86.1539089223271,PQ16/11.6
0.126,350,50.0,2.12,50.0,36.1,16.64,32.5,31.5,222,20.0,44.0,11,17795.1227050365,19065.4,32.0715763962219,PQ50/50
0.08,600,26.5,1.064,20.2,11.5,5.27,19.0,15.5,555,12.0,22.5,6,1482.28516852931,618.338,6.26044479812394,PQ26/20
0.079,250,50.0,1.992,40.0,26.1,0.99,32.0,31.5,567,20.0,44.0,63,10404.641695445,5357.78,1080.6631878212,PQ50/40
0.134,120,32.0,1.09,30.4,21.3,6.19,22.0,19.0,197,13.4,27.5,17,5355.5514940402,4357.84,62.5340787746867,PQ32/30
0.096,80,26.5,1.296,24.8,16.1,2.71,19.0,15.5,381,12.0,22.5,29,4586.3399227611,3009.52,126.813779503648,PQ26/25
0.096,40,20.5,1.657,20.2,14.3,2.99,14.0,12.5,383,8.8,18.0,33,3933.26748263145,2108.19,79.6038908672914,PQ20/20
0.082,30,16.4,2.041,11.6,6.7,0.85,11.2,9.6,520,7.0,14.4,68,2961.26877027765,176.129,177.158092953911,PQ16/11.6
0.094,30,50.0,2.22,50.0,36.1,8.47,32.5,31.5,399,20.0,44.0,15,5907.74695987471,19604.6,57.4788519002139,PQ50/50
0.123,150,32.0,1.676,30.4,21.3,6.68,22.0,19.0,233,13.4,27.5,23,17895.8908194674,6498.92,81.1445123997352,PQ32/30
0.085,20,40.5,2.224,39.8,29.5,3.53,28.0,28.0,491,14.9,37.0,18,1720.9524299796199,2501.22,50.266725279898,PQ40/40
0.133,100,40.5,1.703,30.3,20.0,3.93,28.0,28.0,199,14.9,37.0,41,19147.3719335636,6734.11,311.469759442927,PQ40/30
0.094,100,26.5,0.836,24.8,16.1,0.99,19.0,15.5,399,12.0,22.5,48,3483.3132696306598,2211.75,498.788389965704,PQ26/25
0.164,50,32.0,1.753,20.5,11.5,7.93,22.0,19.0,131,13.4,27.5,19,8070.23915691803,1180.1,51.1890944387729,PQ32/20
0.135,30,40.5,2.265,30.3,20.0,1.58,28.0,28.0,194,14.9,37.0,128,27366.502417478303,6450.22,2434.03758580798,PQ40/30
0.115,120,32.0,2.429,30.4,21.3,6.53,22.0,19.0,266,13.4,27.5,24,14684.2379032667,4182.64,65.9375360745071,PQ32/30
0.092,60,20.5,2.051,20.2,14.3,2.33,14.0,12.5,421,8.8,18.0,28,2058.92824670032,551.55,48.435402191027805,PQ20/20
0.079,300,32.0,1.641,20.5,11.5,1.83,22.0,19.0,560,13.4,27.5,26,6019.71648985215,930.643,101.160357301902,PQ32/20
0.095,50,20.5,1.394,16.2,10.3,2.01,14.0,12.5,389,8.8,18.0,43,5834.12175451537,1590.93,149.844541859401,PQ20/16
0.085,100,40.5,1.963,30.3,20.0,0.67,28.0,28.0,489,14.9,37.0,84,4702.67489760168,1634.68,1169.75633855284,PQ40/30
0.114,50,20.5,1.543,16.2,10.3,3.78,14.0,12.5,271,8.8,18.0,25,4127.831305828589,832.086,46.6460438727482,PQ20/16
0.135,80,32.0,1.441,20.5,11.5,3.55,22.0,19.0,193,13.4,27.5,35,15448.0050974578,2228.84,204.460271996703,PQ32/20
0.1,100,26.5,1.96,24.8,16.1,3.4,19.0,15.5,351,12.0,22.5,34,13210.5811797833,2975.23,124.53520194772699,PQ26/25
0.096,400,32.0,0.243,20.5,11.5,2.53,22.0,19.0,94,13.4,27.5,12,112.993347854342,844.668,111.975010386719,PQ32/20
0.101,180,50.0,2.497,40.0,26.1,6.81,32.0,31.5,343,20.0,44.0,21,12990.4500108529,12079.2,100.154879398242,PQ50/40
0.097,40,20.5,2.414,20.2,14.3,2.31,14.0,12.5,372,8.8,18.0,59,11103.8952946847,2184.37,188.774269707479,PQ20/20
0.125,20,26.5,2.499,24.8,16.1,2.35,19.0,15.5,227,12.0,22.5,101,32147.4044402595,5161.14,901.837385045647,PQ26/25
0.095,180,40.5,0.918,30.3,20.0,8.26,28.0,28.0,387,14.9,37.0,7,1053.91739362864,5752.91,14.8891353853091,PQ40/30
0.2,10,35.1,1.747,34.8,25.0,2.86,26.0,23.5,30,14.3,32.0,71,1852.34749890851,399.272,855.342109891575,PQ35/35
0.092,250,20.5,1.16,16.2,10.3,3.91,14.0,12.5,413,8.8,18.0,9,1027.67584334288,241.478,7.616019389606801,PQ20/16
0.118,20,20.5,1.696,16.2,10.3,1.77,14.0,12.5,252,8.8,18.0,58,4406.10949122564,744.9200000000001,232.044405600039,PQ20/16
0.179,10,26.5,0.882,20.2,11.5,1.48,19.0,15.5,110,12.0,22.5,56,1803.72383398497,622.672,639.955853607954,PQ26/20
0.106,300,32.0,0.516,30.4,21.3,2.37,22.0,19.0,317,13.4,27.5,14,1085.02914365289,2564.9700000000003,78.6985682863933,PQ32/30
0.179,500,107.0,1.184,87.0,56.0,12.01,70.0,72.5,39,41.0,93.7,12,1782.74531257837,7051.46,226.82039237087199,PQ107/87
0.1,200,32.0,0.593,30.4,21.3,1.59,22.0,19.0,350,13.4,27.5,22,1220.7548729764599,2584.66,172.755806937054,PQ32/30
0.087,100,20.5,1.177,20.2,14.3,1.96,14.0,12.5,463,8.8,18.0,17,582.475213684013,339.573,27.6119642604632,PQ20/20
0.116,80,40.5,2.238,30.3,20.0,11.94,28.0,28.0,263,14.9,37.0,12,4935.78169936092,4804.48,21.559108150422,PQ40/30
0.141,600,107.0,0.923,87.0,56.0,8.28,70.0,72.5,166,41.0,93.7,10,3567.99545526718,41286.9,194.979111525938,PQ107/87
0.082,20,35.1,1.198,34.8,25.0,3.43,26.0,23.5,525,14.3,32.0,10,812.434074598986,1556.12,22.7708911455186,PQ35/35
0.19,20,32.0,1.342,20.5,11.5,3.05,22.0,19.0,98,13.4,27.5,55,11643.645854514602,1594.25,535.69162295468,PQ32/20
0.139,100,50.0,2.019,40.0,26.1,3.11,32.0,31.5,182,20.0,44.0,57,30384.8347693461,10259.3,876.037915820822,PQ50/40
0.2,10,40.5,1.39,30.3,20.0,12.73,28.0,28.0,77,14.9,37.0,13,5671.31939219991,1909.36,36.7905487127534,PQ40/30
0.198,250,40.5,0.423,30.3,20.0,6.96,28.0,28.0,90,14.9,37.0,7,788.760600903785,1391.43,28.5841576607997,PQ40/30
0.078,400,20.5,0.863,20.2,14.3,3.7,14.0,12.5,574,8.8,18.0,7,567.956461031964,491.644,5.98645760840369,PQ20/20
0.2,20,26.5,2.3,24.8,16.1,7.24,19.0,15.5,46,12.0,22.5,41,7214.8847960228995,576.437,159.065594183884,PQ26/25
0.096,60,40.5,2.072,30.3,20.0,1.0,28.0,28.0,385,14.9,37.0,131,23797.4171559608,8915.17,2728.84065054711,PQ40/30
0.2,20,26.5,1.6,20.2,11.5,4.16,19.0,15.5,87,12.0,22.5,46,12944.8077805851,941.104,261.426473443856,PQ26/20
0.107,30,20.5,1.111,20.2,14.3,1.39,14.0,12.5,308,8.8,18.0,50,2255.73625676733,1268.99,250.060728418333,PQ20/20
0.09,30,40.5,1.008,30.3,20.0,2.27,28.0,28.0,435,14.9,37.0,13,331.434074552282,957.547,47.4957774458181,PQ40/30
0.085,200,35.1,2.06,34.8,25.0,3.0,26.0,23.5,489,14.3,32.0,22,3279.97340156913,2548.7,72.1721138453902,PQ35/35
0.144,40,32.0,0.898,20.5,11.5,5.34,22.0,19.0,170,13.4,27.5,16,2129.81106901894,1860.09,63.431489086052494,PQ32/20
0.2,60,40.5,1.911,30.3,20.0,11.31,28.0,28.0,86,14.9,37.0,20,11320.6389525878,2725.51,67.79806387721109,PQ40/30
0.2,60,35.1,1.603,34.8,25.0,7.14,26.0,23.5,43,14.3,32.0,27,2953.35280225803,809.417,132.13011425113,PQ35/35
0.101,100,32.0,1.677,30.4,21.3,2.08,22.0,19.0,348,13.4,27.5,47,9923.38971210492,4178.0,338.314974600722,PQ32/30
0.118,30,65.0,1.433,60.0,42.0,11.02,45.0,40.8,253,26.0,55.0,8,3831.85503571756,12549.8,37.0073032675462,PQ65/60
0.137,150,40.5,1.752,30.3,20.0,8.03,28.0,28.0,187,14.9,37.0,20,14031.9379357978,5640.74,72.5590885149161,PQ40/30
0.163,600,107.0,0.986,87.0,56.0,10.08,70.0,72.5,28,41.0,93.7,12,644.389518135701,3666.34,265.608815633694,PQ107/87
0.117,30,32.0,0.972,30.4,21.3,6.75,22.0,19.0,256,13.4,27.5,9,999.804701707016,2151.21,19.218748724680403,PQ32/30
0.079,30,32.0,1.675,30.4,21.3,2.99,22.0,19.0,561,13.4,27.5,18,999.992839483136,2064.51,49.6352145803729,PQ32/30
0.146,60,32.0,1.256,20.5,11.5,3.88,22.0,19.0,166,13.4,27.5,31,9988.78422895135,2076.48,179.72839880699502,PQ32/20
0.108,120,26.5,1.123,24.8,16.1,2.37,19.0,15.5,300,12.0,22.5,27,4140.0878526037495,1527.39,123.560460814356,PQ26/25
0.086,350,32.0,0.913,20.5,11.5,1.47,22.0,19.0,476,13.4,27.5,19,1924.32746970991,632.281,88.21624075117829,PQ32/20
0.13,200,26.5,0.905,20.2,11.5,7.8,19.0,15.5,210,12.0,22.5,11,6743.355396905999,2096.4900000000002,24.1475468918397,PQ26/20
0.15,350,50.0,0.383,40.0,26.1,2.34,32.0,31.5,123,20.0,44.0,14,570.387358248135,2368.03,214.459213749162,PQ50/40
0.111,120,50.0,0.561,40.0,26.1,1.26,32.0,31.5,285,20.0,44.0,28,766.37337616255,5589.02,614.87753105482,PQ50/40
0.088,150,40.5,0.372,30.3,20.0,0.72,28.0,28.0,368,14.9,37.0,30,259.33361067023503,2901.94,584.328295389575,PQ40/30
0.086,200,16.4,0.623,11.6,6.7,2.34,11.2,9.6,480,7.0,14.4,8,308.261564498453,105.675,6.557881306553719,PQ16/11.6
0.2,10,26.5,2.41,20.2,11.5,3.32,19.0,15.5,57,12.0,22.5,82,10060.9096714769,442.217,588.084523522469,PQ26/20
0.196,120,50.0,1.164,50.0,36.1,4.88,32.5,31.5,92,20.0,44.0,27,8015.39335305084,5523.1,312.041596589581,PQ50/50
0.128,150,20.5,0.238,16.2,10.3,2.69,14.0,12.5,216,8.8,18.0,8,221.73426496690902,685.2629999999999,22.8615042140402,PQ20/16
0.097,50,26.5,0.508,24.8,16.1,0.86,19.0,15.5,377,12.0,22.5,36,597.9779391497771,1969.4,427.141911550489,PQ26/25
0.15,250,50.0,2.068,50.0,36.1,8.83,32.5,31.5,156,20.0,44.0,21,23996.7489969787,10786.300000000001,119.16837710051601,PQ50/50
0.135,250,50.0,1.659,50.0,36.1,9.92,32.5,31.5,195,20.0,44.0,15,11894.0341709612,14457.9,72.4089422721895,PQ50/50
0.094,350,26.5,0.502,20.2,11.5,2.27,19.0,15.5,326,12.0,22.5,13,1103.70436281476,1090.9,55.915348586796,PQ26/20
0.191,40,32.0,1.663,20.5,11.5,5.84,22.0,19.0,97,13.4,27.5,33,17612.2547172825,1417.01,161.298818770022,PQ32/20
0.117,500,50.0,1.75,40.0,26.1,6.97,32.0,31.5,258,20.0,44.0,15,14181.3701024969,6627.54,68.03540892891169,PQ50/40
0.077,40,32.0,2.449,20.5,11.5,3.29,22.0,19.0,594,13.4,27.5,23,2478.04486880159,1479.71,56.8677931205972,PQ32/20
0.178,100,50.0,1.753,40.0,26.1,11.8,32.0,31.5,112,20.0,44.0,13,6022.58356093825,3868.44,51.069733918605905,PQ50/40
0.2,20,32.0,2.035,30.4,21.3,3.98,22.0,19.0,21,13.4,27.5,63,1910.57643644929,188.42999999999998,522.219251236225,PQ32/30
0.089,200,32.0,2.264,20.5,11.5,5.63,22.0,19.0,447,13.4,27.5,12,3759.98972824938,770.499,16.5201568668798,PQ32/20
0.158,40,50.0,0.687,40.0,26.1,8.79,32.0,31.5,142,20.0,44.0,7,850.066900082098,4258.37,32.3620111142467,PQ50/40
0.093,60,20.5,1.906,20.2,14.3,2.66,14.0,12.5,406,8.8,18.0,23,1522.4081176350599,503.127,34.6248420069503,PQ20/20
0.106,500,50.0,0.403,40.0,26.1,2.29,32.0,31.5,32,20.0,44.0,20,60.4953149770253,429.065,419.445429239524,PQ50/40
0.177,40,32.0,2.465,30.4,21.3,6.76,22.0,19.0,113,13.4,27.5,34,15448.659082983,2249.51,130.930229543597,PQ32/30
0.094,180,20.5,0.797,20.2,14.3,3.61,14.0,12.5,400,8.8,18.0,14,1988.24586934277,1781.63,25.5247840796747,PQ20/20
0.081,180,20.5,1.909,20.2,14.3,2.87,14.0,12.5,543,8.8,18.0,19,2819.56434756751,628.848,23.588503540899,PQ20/20
0.11,120,26.5,1.988,20.2,11.5,6.93,19.0,15.5,294,12.0,22.5,17,10670.725536349399,1600.53,29.7262434673866,PQ26/20
0.109,180,32.0,1.627,30.4,21.3,7.03,22.0,19.0,299,13.4,27.5,14,5627.13352612728,3462.92,30.7454819904699,PQ32/30
0.2,10,26.5,1.82,20.2,11.5,2.21,19.0,15.5,61,12.0,22.5,99,9110.49097208394,524.8629999999999,1086.54229360591,PQ26/20
0.082,400,32.0,2.32,30.4,21.3,4.06,22.0,19.0,531,13.4,27.5,18,8037.48987754229,2152.46,38.4611563461085,PQ32/30
0.121,80,40.5,2.245,39.8,29.5,4.48,28.0,28.0,243,14.9,37.0,44,18392.7381472875,13390.7,298.443306739741,PQ40/40
0.079,80,40.5,2.142,30.3,20.0,7.37,28.0,28.0,566,14.9,37.0,9,1511.93571455879,2750.86,12.5469920859587,PQ40/30
0.092,100,32.0,0.374,30.4,21.3,0.6,22.0,19.0,384,13.4,27.5,38,387.89275730089,2796.92,763.336084966046,PQ32/30
0.08,180,16.4,0.626,11.6,6.7,1.8,11.2,9.6,546,7.0,14.4,11,414.356978756443,155.364,12.3588180126803,PQ16/11.6
0.161,350,40.5,0.814,39.8,29.5,9.9,28.0,28.0,136,14.9,37.0,7,1667.90721758904,2344.59,16.587188890247198,PQ40/40
0.077,20,40.5,2.414,30.3,20.0,8.16,28.0,28.0,599,14.9,37.0,9,5154.83794724004,3167.77,11.440099234020499,PQ40/30
0.136,30,35.1,1.044,34.8,25.0,1.08,26.0,23.5,192,14.3,32.0,89,4564.38907625994,4995.59,2016.35541002353,PQ35/35
0.121,100,26.5,1.428,24.8,16.1,4.27,19.0,15.5,241,12.0,22.5,29,13877.0354516032,3457.54,117.229176761411,PQ26/25
0.17,50,35.1,0.822,34.8,25.0,2.38,26.0,23.5,122,14.3,32.0,30,1455.44827928366,1662.31,277.979754443064,PQ35/35
0.124,50,26.5,1.918,20.2,11.5,5.62,19.0,15.5,230,12.0,22.5,32,19658.8188687716,3271.63,108.61586739442,PQ26/20
0.107,30,20.5,1.786,20.2,14.3,1.62,14.0,12.5,310,8.8,18.0,63,5630.74699761987,1354.94,273.646350723588,PQ20/20
0.118,100,40.5,2.063,30.3,20.0,7.19,28.0,28.0,254,14.9,37.0,18,5901.1891141610595,4059.21,51.6991398729497,PQ40/30
0.113,180,32.0,1.258,30.4,21.3,4.28,22.0,19.0,276,13.4,27.5,18,4354.39128508643,2650.84,62.3745819995828,PQ32/30
0.2,600,107.0,1.671,87.0,56.0,11.7,70.0,72.5,52,41.0,93.7,18,16095.5319547753,14740.8,380.594757241662,PQ107/87
0.125,350,35.1,1.758,34.8,25.0,13.08,26.0,23.5,227,14.3,32.0,12,18035.8672980737,8440.14,24.2912109331431,PQ35/35
0.123,150,26.5,0.357,24.8,16.1,2.87,19.0,15.5,234,12.0,22.5,11,550.856563380971,1933.77,54.1640339644394,PQ26/25
0.095,60,20.5,1.693,20.2,14.3,2.55,14.0,12.5,389,8.8,18.0,38,6019.94363535693,1994.64,103.774949052549,PQ20/20
0.101,40,16.4,1.845,11.6,6.7,3.36,11.2,9.6,344,7.0,14.4,31,6277.14515313688,497.825,40.1524933715477,PQ16/11.6
0.08,300,26.5,2.034,24.8,16.1,4.48,19.0,15.5,552,12.0,22.5,13,3862.48073989626,1019.52,17.6702483314228,PQ26/25
0.088,300,50.0,1.294,50.0,36.1,2.93,32.5,31.5,452,20.0,44.0,14,1023.10631161338,3762.68,76.7902649685934,PQ50/50
0.117,250,26.5,1.178,24.8,16.1,6.83,19.0,15.5,258,12.0,22.5,10,3758.95046768743,1253.2,16.305428789391,PQ26/25
0.08,120,16.4,1.187,11.6,6.7,1.87,11.2,9.6,550,7.0,14.4,18,1245.08719762727,158.079,19.540978512878198,PQ16/11.6
0.096,350,50.0,1.25,50.0,36.1,1.86,32.5,31.5,382,20.0,44.0,39,9916.95558070448,13613.4,612.9946529280891,PQ50/50
0.083,40,16.4,2.275,11.6,6.7,1.39,11.2,9.6,515,7.0,14.4,52,4678.1659976157,244.98,94.5785641932957,PQ16/11.6
0.091,30,16.4,0.638,11.6,6.7,1.06,11.2,9.6,425,7.0,14.4,19,156.108914265015,98.4827,36.3186629517077,PQ16/11.6
0.097,400,26.5,0.84,20.2,11.5,5.21,19.0,15.5,378,12.0,22.5,10,4514.24142947878,1983.35,21.2637794186963,PQ26/20
0.096,120,32.0,1.27,20.5,11.5,1.89,22.0,19.0,384,13.4,27.5,39,9290.23485299883,2645.86,281.846231975483,PQ32/20
0.172,100,40.5,1.946,30.3,20.0,7.03,28.0,28.0,119,14.9,37.0,24,12247.2499567344,2262.34,96.1345941991182,PQ40/30
0.098,200,32.0,1.272,20.5,11.5,3.52,22.0,19.0,364,13.4,27.5,23,10751.5889719352,3069.59,97.8788736934643,PQ32/20
0.082,350,20.5,0.42,20.2,14.3,1.75,14.0,12.5,523,8.8,18.0,7,112.917309601249,267.039,10.7839052378232,PQ20/20
0.138,80,40.5,1.879,30.3,20.0,4.73,28.0,28.0,184,14.9,37.0,37,16246.876157219798,5933.75,235.052744624326,PQ40/30
0.2,150,50.0,1.37,40.0,26.1,9.47,32.0,31.5,85,20.0,44.0,18,13133.287297823299,5151.360000000001,119.847553201578,PQ50/40
0.114,60,50.0,1.605,50.0,36.1,1.2,32.5,31.5,271,20.0,44.0,82,6596.17644729788,9497.48,2217.90419315308,PQ50/50
0.092,30,16.4,1.535,11.6,6.7,1.31,11.2,9.6,421,7.0,14.4,37,1342.71561677627,142.294,66.73133841632409,PQ16/11.6
0.2,40,40.5,2.259,30.3,20.0,7.24,28.0,28.0,31,14.9,37.0,39,3882.49303518118,532.323,226.382442207868,PQ40/30
0.2,40,40.5,1.872,30.3,20.0,7.62,28.0,28.0,23,14.9,37.0,29,1708.90328636789,239.914,144.809321537537,PQ40/30
0.1,250,40.5,1.124,39.8,29.5,2.24,28.0,28.0,354,14.9,37.0,31,5079.21287314907,6888.36,251.066166793565,PQ40/40
0.134,250,40.5,1.101,39.8,29.5,5.09,28.0,28.0,197,14.9,37.0,19,6147.8794159236995,5881.2300000000005,96.0766397077476,PQ40/40
0.104,250,40.5,2.303,30.3,20.0,8.99,28.0,28.0,328,14.9,37.0,15,12000.9692285635,5763.46,32.9125719331286,PQ40/30
0.076,350,32.0,1.142,20.5,11.5,1.3,22.0,19.0,525,13.4,27.5,25,2485.60267431868,677.533,126.522597792096,PQ32/20
0.079,500,26.5,2.088,20.2,11.5,5.26,19.0,15.5,564,12.0,22.5,12,8496.54298362824,905.378,14.2135300692411,PQ26/20
0.168,10,20.5,0.984,20.2,14.3,3.22,14.0,12.5,125,8.8,18.0,27,1108.04946826575,556.165,80.333595183165,PQ20/20
0.094,150,32.0,2.024,30.4,21.3,3.28,22.0,19.0,399,13.4,27.5,36,15888.6761953902,6017.92,171.254071627163,PQ32/30
0.078,350,26.5,0.891,20.2,11.5,1.54,19.0,15.5,581,12.0,22.5,18,1974.8296850096801,713.878,65.4848833143747,PQ26/20
0.079,40,16.4,1.353,11.6,6.7,0.85,11.2,9.6,562,7.0,14.4,48,1576.3663904418602,201.926,124.802006399624,PQ16/11.6
0.175,250,35.1,1.005,34.8,25.0,11.26,26.0,23.5,115,14.3,32.0,8,2943.10151296389,1788.9,16.7936527665962,PQ35/35
0.08,80,40.5,2.417,30.3,20.0,2.4,28.0,28.0,551,14.9,37.0,32,2890.45003403286,3054.59,144.52507535355,PQ40/30
0.12,250,50.0,2.2,50.0,36.1,10.17,32.5,31.5,246,20.0,44.0,20,28232.0873318702,27986.6,103.035181937918,PQ50/50
0.125,400,50.0,1.772,40.0,26.1,9.15,32.0,31.5,227,20.0,44.0,17,28818.7693841056,14391.1,86.570636395679,PQ50/40
0.139,120,26.5,1.053,20.2,11.5,6.61,19.0,15.5,182,12.0,22.5,15,7174.06303544455,1684.42,39.4916313468477,PQ26/20
0.088,350,32.0,2.324,30.4,21.3,5.07,22.0,19.0,457,13.4,27.5,14,5123.8863044072295,1510.8999999999999,23.217312744696,PQ32/30
0.169,80,107.0,1.413,87.0,56.0,13.16,70.0,72.5,124,41.0,93.7,10,3272.69135052816,30972.0,135.314695703671,PQ107/87
0.106,20,35.1,0.989,34.8,25.0,5.14,26.0,23.5,317,14.3,32.0,11,1257.30956776282,3488.69,32.0902634199869,PQ35/35
0.107,350,50.0,1.235,50.0,36.1,2.72,32.5,31.5,288,20.0,44.0,26,5550.86632254759,7764.8,275.09993051074497,PQ50/50
0.19,120,26.5,0.276,24.8,16.1,5.18,19.0,15.5,98,12.0,22.5,6,245.334192001357,677.15,20.195539630014597,PQ26/25
0.116,250,32.0,0.967,30.4,21.3,6.74,22.0,19.0,262,13.4,27.5,9,1969.19829994937,2252.19,19.3000594955071,PQ32/30
0.097,100,50.0,0.526,50.0,36.1,1.69,32.5,31.5,377,20.0,44.0,20,388.567287560497,11750.1,331.226326962867,PQ50/50
0.1,10,35.1,1.515,34.8,25.0,6.79,26.0,23.5,356,14.3,32.0,13,5421.88333006827,5793.57,31.958982653588702,PQ35/35
0.096,80,20.5,1.615,16.2,10.3,3.53,14.0,12.5,379,8.8,18.0,27,6827.06063795814,1428.51,52.3784662804268,PQ20/16
0.118,30,20.5,2.122,16.2,10.3,2.6,14.0,12.5,254,8.8,18.0,47,7121.77724082613,737.87,126.85768943847201,PQ20/16
0.113,400,50.0,2.264,40.0,26.1,8.27,32.0,31.5,274,20.0,44.0,16,18466.2687485343,7976.63,62.8741303063965,PQ50/40
0.199,120,35.1,1.031,34.8,25.0,9.31,26.0,23.5,89,14.3,32.0,13,4231.17147955459,2254.48,43.4647413270297,PQ35/35
0.1,60,26.5,0.905,24.8,16.1,0.71,19.0,15.5,355,12.0,22.5,72,3650.14312347343,1834.49,1049.77911454228,PQ26/25
0.116,500,32.0,0.405,20.5,11.5,3.91,22.0,19.0,262,13.4,27.5,6,624.96750934949,856.515,17.7427931717357,PQ32/20
0.109,250,40.5,0.909,30.3,20.0,2.91,28.0,28.0,296,14.9,37.0,20,3168.0308341189,3657.57,122.524711729168,PQ40/30
0.141,250,35.1,0.451,34.8,25.0,3.63,26.0,23.5,178,14.3,32.0,12,1023.08302308033,3370.67,73.35101114210579,PQ35/35
0.116,80,50.0,0.643,50.0,36.1,2.3,32.5,31.5,261,20.0,44.0,16,330.805868432731,4782.02,178.850708807479,PQ50/50
0.078,400,26.5,2.448,20.2,11.5,5.63,19.0,15.5,578,12.0,22.5,13,9327.68335904903,968.9259999999999,14.5735161304213,PQ26/20
0.141,50,20.5,0.776,16.2,10.3,3.52,14.0,12.5,178,8.8,18.0,19,1730.38875521962,670.461,47.1896918108526,PQ20/16
0.083,600,32.0,1.779,30.4,21.3,5.08,22.0,19.0,507,13.4,27.5,10,3292.15496360498,1304.53,14.6127369472837,PQ32/30
0.078,300,26.5,1.923,24.8,16.1,2.6,19.0,15.5,587,12.0,22.5,21,5632.65748862931,1085.1100000000001,48.2313150477122,PQ26/25
0.08,40,20.5,1.955,20.2,14.3,3.86,14.0,12.5,558,8.8,18.0,16,1135.33072957756,881.349,16.4170966769042,PQ20/20
0.077,300,107.0,2.364,87.0,56.0,8.53,70.0,72.5,588,41.0,93.7,8,1849.02180170323,29986.9,56.0914795728555,PQ107/87
0.118,500,50.0,1.796,50.0,36.1,9.19,32.5,31.5,254,20.0,44.0,12,10034.8534814356,9077.81,43.4070554863554,PQ50/50
0.077,150,16.4,0.507,11.6,6.7,0.91,11.2,9.6,590,7.0,14.4,16,268.655121969239,125.505,31.2094633650912,PQ16/11.6
0.182,120,35.1,0.839,34.8,25.0,7.21,26.0,23.5,106,14.3,32.0,11,1571.34036689348,1600.54,36.7585398034646,PQ35/35
0.101,500,40.5,1.137,39.8,29.5,4.49,28.0,28.0,346,14.9,37.0,15,4618.42337298701,5937.21,58.3318782373356,PQ40/40
0.125,180,32.0,0.442,20.5,11.5,3.02,22.0,19.0,226,13.4,27.5,14,1716.7343287555402,2514.3,89.5726757024312,PQ32/20
0.086,300,65.0,2.467,60.0,42.0,4.25,45.0,40.8,482,26.0,55.0,17,3602.4253292170897,7468.88,107.414617704738,PQ65/60
0.109,20,20.5,1.769,16.2,10.3,1.34,14.0,12.5,298,8.8,18.0,81,6717.15876560545,1061.49,437.682212844838,PQ20/16
0.093,40,107.0,1.366,87.0,56.0,3.05,70.0,72.5,407,41.0,93.7,13,970.282173474834,12359.9,234.783794988001,PQ107/87
0.123,500,40.5,1.98,39.8,29.5,14.77,28.0,28.0,235,14.9,37.0,12,25074.6469594886,12214.7,24.388634829654002,PQ40/40
0.103,120,32.0,0.349,20.5,11.5,0.57,22.0,19.0,330,13.4,27.5,37,720.146232794112,1395.47,769.349174678547,PQ32/20
0.078,150,26.5,1.36,24.8,16.1,2.88,19.0,15.5,586,12.0,22.5,14,1161.09530437284,1010.16,28.403640765993803,PQ26/25
0.117,10,26.5,0.369,20.2,11.5,1.49,19.0,15.5,256,12.0,22.5,16,206.774312512588,812.102,110.949952219037,PQ26/20
0.119,500,35.1,0.879,34.8,25.0,13.96,26.0,23.5,250,14.3,32.0,6,3897.39698927184,8124.86,10.5294580830627,PQ35/35
0.2,400,65.0,2.213,60.0,42.0,18.81,45.0,40.8,34,26.0,55.0,14,7835.82416435529,2173.62,79.5728032189224,PQ65/60
0.167,150,40.5,1.255,39.8,29.5,5.11,28.0,28.0,127,14.9,37.0,22,5786.25986669126,2986.33,116.262859998542,PQ40/40
0.083,100,16.4,1.69,11.6,6.7,2.67,11.2,9.6,514,7.0,14.4,20,2718.42154071939,217.905,18.0008531280701,PQ16/11.6
0.114,180,20.5,0.195,16.2,10.3,1.59,14.0,12.5,270,8.8,18.0,7,60.575942774937104,288.214,20.7970890480849,PQ20/16
0.095,20,50.0,1.551,40.0,26.1,0.81,32.0,31.5,388,20.0,44.0,117,4116.96446277379,14020.9,4569.29119556581,PQ50/40
0.095,40,16.4,1.574,11.6,6.7,2.97,11.2,9.6,394,7.0,14.4,33,6320.992120392601,774.391,52.0061932113351,PQ16/11.6
0.077,350,20.5,0.848,16.2,10.3,2.97,14.0,12.5,591,8.8,18.0,9,850.1653148559119,444.579,9.83816800735806,PQ20/16
0.095,10,20.5,2.224,20.2,14.3,1.13,14.0,12.5,387,8.8,18.0,120,6379.368494612159,2743.68,835.002435617092,PQ20/20
0.102,200,35.1,1.807,34.8,25.0,5.78,26.0,23.5,338,14.3,32.0,20,9221.46700545915,7473.7,66.00715915229351,PQ35/35
0.108,350,32.0,0.778,20.5,11.5,4.18,22.0,19.0,305,13.4,27.5,12,4011.16121396317,1891.74,40.3409557961859,PQ32/20
0.158,400,35.1,0.528,34.8,25.0,7.78,26.0,23.5,139,14.3,32.0,6,919.157742675359,1811.69,16.0475695304274,PQ35/35
0.101,50,40.5,2.102,30.3,20.0,11.28,28.0,28.0,346,14.9,37.0,12,4839.8095851709895,7734.11,22.6282113648263,PQ40/30
0.171,150,40.5,1.661,30.3,20.0,13.37,28.0,28.0,121,14.9,37.0,12,8803.05379590111,2829.31,27.244286667376297,PQ40/30
0.112,60,20.5,0.815,16.2,10.3,1.98,14.0,12.5,280,8.8,18.0,25,1431.72347993166,630.267,78.4270153217032,PQ20/16
0.2,300,50.0,1.166,40.0,26.1,18.17,32.0,31.5,70,20.0,44.0,8,5927.36983573948,3361.67,27.0506169331499,PQ50/40
0.112,200,32.0,1.602,20.5,11.5,4.92,22.0,19.0,281,13.4,27.5,19,11691.5398886241,1680.66,55.137648404669,PQ32/20
0.2,30,26.5,1.131,24.8,16.1,5.63,19.0,15.5,82,12.0,22.5,23,3545.45741042633,870.186,89.2877807319579,PQ26/25
0.082,200,26.5,0.254,24.8,16.1,0.91,19.0,15.5,240,12.0,22.5,25,179.436306631931,1882.06,376.88729326366,PQ26/25
0.083,180,20.5,1.807,20.2,14.3,3.32,14.0,12.5,517,8.8,18.0,17,2755.4880794153,706.302,19.7274438721894,PQ20/20
0.112,350,40.5,1.763,39.8,29.5,8.75,28.0,28.0,280,14.9,37.0,12,6205.18555649272,5397.54,26.605045737270498,PQ40/40
0.085,150,20.5,1.743,20.2,14.3,2.61,14.0,12.5,493,8.8,18.0,20,2334.26542096469,565.375,28.0919973429707,PQ20/20
0.107,400,32.0,0.958,30.4,21.3,6.6,22.0,19.0,307,13.4,27.5,9,2902.06253035742,2897.56,19.449357995538,PQ32/30
0.2,100,35.1,0.615,34.8,25.0,4.4,26.0,23.5,46,14.3,32.0,16,449.027007985231,497.984,100.560849243809,PQ35/35
0.079,30,20.5,1.364,16.2,10.3,1.6,14.0,12.5,566,8.8,18.0,26,662.269246357833,477.778,55.7536000897022,PQ20/16
0.084,600,35.1,2.495,34.8,25.0,10.04,26.0,23.5,502,14.3,32.0,8,5133.40983527266,3105.44,8.23937366882169,PQ35/35
0.159,80,50.0,1.012,50.0,36.1,1.83,32.5,31.5,140,20.0,44.0,53,5703.57700511326,7224.9,1347.72061930781,PQ50/50
0.092,120,20.5,2.105,16.2,10.3,3.25,14.0,12.5,419,8.8,18.0,19,2918.98951507477,309.472,20.8700615360657,PQ20/16
0.079,100,16.4,0.62,11.6,6.7,0.85,11.2,9.6,572,7.0,14.4,22,422.706228840932,146.277,49.8302937344081,PQ16/11.6
0.2,350,107.0,1.46,87.0,56.0,8.07,70.0,72.5,72,41.0,93.7,21,13668.1987873564,20502.9,580.781378511331,PQ107/87
0.121,250,40.5,1.767,39.8,29.5,6.8,28.0,28.0,241,14.9,37.0,25,23877.2665296468,14208.2,115.490089026288,PQ40/40
0.085,250,50.0,1.865,40.0,26.1,4.78,32.0,31.5,494,20.0,44.0,12,1900.08862324548,3837.67,41.3340716543015,PQ50/40
0.088,200,32.0,0.212,30.4,21.3,0.98,22.0,19.0,289,13.4,27.5,14,51.6723149516838,1594.74,169.193348630804,PQ32/30
0.077,180,20.5,2.041,16.2,10.3,3.65,14.0,12.5,596,8.8,18.0,17,3927.19983108799,637.871,17.1398984038272,PQ20/16
0.158,40,32.0,2.131,20.5,11.5,4.0,22.0,19.0,141,13.4,27.5,47,22336.4818300509,1568.16,266.486531356576,PQ32/20
0.107,600,50.0,1.48,50.0,36.1,7.13,32.5,31.5,306,20.0,44.0,13,9189.93631562415,12082.9,59.479510870827,PQ50/50
0.097,150,32.0,1.368,30.4,21.3,2.56,22.0,19.0,375,13.4,27.5,33,7935.46244545593,5005.56,196.112478228548,PQ32/30
0.2,120,40.5,0.907,30.3,20.0,13.7,28.0,28.0,38,14.9,37.0,8,703.530758257661,442.109,19.658628520485,PQ40/30
0.077,300,26.5,1.705,20.2,11.5,6.33,19.0,15.5,593,12.0,22.5,8,2379.80118147585,865.294,7.48429352031361,PQ26/20
0.08,350,32.0,2.199,20.5,11.5,3.29,22.0,19.0,547,13.4,27.5,21,11313.0535874298,1267.95,51.8012029758573,PQ32/20
0.079,40,40.5,2.373,39.8,29.5,1.48,28.0,28.0,570,14.9,37.0,50,1819.90097847053,4354.09,369.515241718526,PQ40/40
0.189,30,32.0,1.948,30.4,21.3,6.22,22.0,19.0,99,13.4,27.5,39,15655.7345496298,3178.13,207.191371529593,PQ32/30
0.2,30,50.0,1.468,50.0,36.1,3.6,32.5,31.5,36,20.0,44.0,48,1601.48187454064,1211.97,817.556097490691,PQ50/50
0.097,120,32.0,0.411,30.4,21.3,0.5,22.0,19.0,374,13.4,27.5,46,657.954809397627,2188.6,1031.24487948302,PQ32/30
0.2,350,65.0,2.318,60.0,42.0,17.22,45.0,40.8,23,26.0,55.0,16,4166.54575179133,1086.46,100.207877019234,PQ65/60
0.083,200,16.4,0.875,11.6,6.7,3.0,11.2,9.6,508,7.0,14.4,9,689.758291341206,148.238,6.2743868696100495,PQ16/11.6
0.107,200,26.5,2.165,24.8,16.1,7.14,19.0,15.5,311,12.0,22.5,18,17273.0273313941,2541.14,32.2077416950437,PQ26/25
0.119,600,35.1,0.647,34.8,25.0,7.66,26.0,23.5,250,14.3,32.0,8,3256.5351395613698,6943.82,24.0765862829088,PQ35/35
0.122,180,26.5,1.095,20.2,11.5,6.46,19.0,15.5,237,12.0,22.5,15,10236.9390010236,2367.78,38.214422364316995,PQ26/20
0.104,150,26.5,1.46,24.8,16.1,3.52,19.0,15.5,325,12.0,22.5,24,7926.82583987633,2116.94,78.8076543783485,PQ26/25
0.079,150,32.0,1.491,30.4,21.3,1.0,22.0,19.0,565,13.4,27.5,46,3231.49853418038,1763.12,355.640439841671,PQ32/30
0.087,40,35.1,1.526,34.8,25.0,2.78,26.0,23.5,462,14.3,32.0,17,636.284720333886,1761.76,54.4171970554003,PQ35/35
0.2,50,32.0,1.319,30.4,21.3,6.08,22.0,19.0,39,13.4,27.5,26,1788.26095934425,427.53,125.454259296439,PQ32/30
0.104,180,40.5,2.28,39.8,29.5,5.85,28.0,28.0,326,14.9,37.0,24,11095.1019988962,9235.35,87.7759326793195,PQ40/40
0.134,50,26.5,1.334,20.2,11.5,5.83,19.0,15.5,197,12.0,22.5,20,5823.660951483341,1778.15,57.543995420447,PQ26/20
0.094,20,16.4,1.695,11.6,6.7,2.03,11.2,9.6,399,7.0,14.4,54,6422.56311093743,906.168,130.87627712385202,PQ16/11.6
0.12,350,40.5,0.228,39.8,29.5,1.59,28.0,28.0,246,14.9,37.0,13,247.804129809503,4730.57,165.78987819290498,PQ40/40
0.118,80,35.1,2.444,34.8,25.0,13.94,26.0,23.5,252,14.3,32.0,10,3988.50267834542,3897.15,13.0804357676685,PQ35/35
0.2,80,32.0,0.522,20.5,11.5,5.57,22.0,19.0,21,13.4,27.5,11,152.778195004968,57.918200000000006,47.8584817992534,PQ32/20
0.098,50,26.5,2.308,20.2,11.5,2.64,19.0,15.5,370,12.0,22.5,52,17543.5939108493,2633.24,245.261706251853,PQ26/20
0.101,200,16.4,0.21,11.6,6.7,1.84,11.2,9.6,345,7.0,14.4,7,126.010814432751,258.651,12.7087488830495,PQ16/11.6
0.09,250,32.0,0.552,30.4,21.3,1.09,22.0,19.0,431,13.4,27.5,16,276.14658433780096,699.653,97.082496826375,PQ32/30
0.127,10,20.5,2.296,16.2,10.3,2.03,14.0,12.5,220,8.8,18.0,105,16294.2639989396,1979.86,593.314766571891,PQ20/16
0.137,100,40.5,2.231,30.3,20.0,6.18,28.0,28.0,189,14.9,37.0,34,26533.1993358724,7050.139999999999,173.641627542756,PQ40/30
0.089,200,26.5,2.466,20.2,11.5,3.69,19.0,15.5,443,12.0,22.5,21,8446.99462298414,692.785,37.784852098622,PQ26/20
0.086,20,107.0,2.165,87.0,56.0,6.17,70.0,72.5,473,41.0,93.7,11,7345.86667339979,24109.8,114.044210224507,PQ107/87
0.109,50,20.5,1.826,16.2,10.3,3.22,14.0,12.5,297,8.8,18.0,32,5934.09284689852,863.069,66.5770703209042,PQ20/16
0.081,100,32.0,2.152,20.5,11.5,1.06,22.0,19.0,544,13.4,27.5,62,9034.57535287721,1150.36,459.26735637812004,PQ32/20
0.086,600,40.5,0.311,30.3,20.0,2.49,28.0,28.0,126,14.9,37.0,12,96.68604287687229,1442.02,109.447477082003,PQ40/30
0.133,200,65.0,0.177,60.0,42.0,1.33,45.0,40.8,86,26.0,55.0,17,48.4293565391644,5348.33,1000.81286170324,PQ65/60
0.086,50,16.4,1.405,11.6,6.7,1.66,11.2,9.6,474,7.0,14.4,25,1090.39004160433,144.017,32.7975790888136,PQ16/11.6
0.1,30,16.4,0.522,11.6,6.7,1.56,11.2,9.6,354,7.0,14.4,19,327.80662523277397,308.017,42.967683147472094,PQ16/11.6
0.198,200,40.5,0.814,39.8,29.5,9.09,28.0,28.0,90,14.9,37.0,11,3103.39033293047,2843.74,41.0107897684545,PQ40/40
0.09,10,16.4,0.758,11.6,6.7,0.77,11.2,9.6,437,7.0,14.4,28,151.66220429382298,84.8545,68.3981614206307,PQ16/11.6
0.082,350,35.1,2.45,34.8,25.0,2.79,26.0,23.5,531,14.3,32.0,27,8864.49715179407,2994.77,95.1633491208257,PQ35/35
0.188,80,65.0,1.996,60.0,42.0,3.38,45.0,40.8,100,26.0,55.0,76,52269.9796023931,18136.2,2551.66444623504,PQ65/60
0.096,120,26.5,1.554,20.2,11.5,4.55,19.0,15.5,382,12.0,22.5,21,8939.33570540108,2572.1,55.8059995380499,PQ26/20
0.137,600,50.0,0.711,50.0,36.1,8.54,32.5,31.5,189,20.0,44.0,8,3201.50382952771,10859.5,41.1868834970878,PQ50/50
0.2,200,35.1,0.851,34.8,25.0,13.04,26.0,23.5,67,14.3,32.0,8,1922.96334290662,1374.95,19.2247002194384,PQ35/35
0.112,120,65.0,2.294,60.0,42.0,1.9,45.0,40.8,283,26.0,55.0,69,18431.0351751776,16118.1,1876.42762431545,PQ65/60
0.139,350,40.5,0.418,30.3,20.0,3.63,28.0,28.0,161,14.9,37.0,11,893.625660696585,2480.44,71.2413567174371,PQ40/30
0.117,500,65.0,0.764,60.0,42.0,2.56,45.0,40.8,260,26.0,55.0,17,2187.58101143584,8254.27,283.512068284473,PQ65/60
0.126,50,26.5,1.159,24.8,16.1,5.26,19.0,15.5,221,12.0,22.5,20,3888.25829985333,3006.39,66.1270257320232,PQ26/25
0.096,150,26.5,1.299,20.2,11.5,5.12,19.0,15.5,381,12.0,22.5,15,5321.705681185929,2132.22,33.1036360605879,PQ26/20
0.133,350,65.0,1.403,60.0,42.0,3.77,45.0,40.8,190,26.0,55.0,32,19751.3001454341,17722.9,603.050544265733,PQ65/60
0.122,80,32.0,0.588,30.4,21.3,2.26,22.0,19.0,236,13.4,27.5,23,1192.1269164580801,3629.28,190.39446130558,PQ32/30
0.09,100,26.5,2.063,20.2,11.5,1.54,19.0,15.5,436,12.0,22.5,41,5905.12014550971,576.989,167.62233219305,PQ26/20
0.1,60,65.0,1.155,60.0,42.0,1.24,45.0,40.8,350,26.0,55.0,57,2446.53531862229,20245.1,2247.17477775254,PQ65/60
0.142,20,16.4,1.421,11.6,6.7,3.99,11.2,9.6,174,7.0,14.4,33,5921.22134695834,461.353,56.6214512861228,PQ16/11.6
0.137,150,50.0,1.366,40.0,26.1,2.97,32.0,31.5,189,20.0,44.0,41,16367.7502721043,9427.53,622.892511381225,PQ50/40
0.078,300,26.5,2.241,20.2,11.5,6.96,19.0,15.5,581,12.0,22.5,10,5226.83387814902,1056.43,9.3007980004643,PQ26/20
0.124,350,40.5,1.611,30.3,20.0,12.79,28.0,28.0,229,14.9,37.0,12,17951.158814907798,8638.28,27.8935431940655,PQ40/30
0.138,120,40.5,1.043,30.3,20.0,3.58,28.0,28.0,184,14.9,37.0,28,6257.59154205012,4667.5,214.734341332551,PQ40/30
0.182,400,107.0,1.731,87.0,56.0,4.38,70.0,72.5,106,41.0,93.7,36,33718.6805906131,23783.3,1476.18558891781,PQ107/87
0.076,180,26.5,0.217,24.8,16.1,0.64,19.0,15.5,422,12.0,22.5,10,13.399850408308799,263.447,69.0216514355474,PQ26/25
0.101,10,26.5,1.323,24.8,16.1,0.69,19.0,15.5,346,12.0,22.5,111,2354.04286851104,2243.8799999999997,1826.60922188657,PQ26/25
0.126,30,35.1,1.871,34.8,25.0,1.58,26.0,23.5,223,14.3,32.0,103,14214.7923530408,7890.84,1705.46200427601,PQ35/35
0.169,80,40.5,2.265,39.8,29.5,12.47,28.0,28.0,123,14.9,37.0,16,7457.49875038657,3894.58,39.2132143599392,PQ40/40
0.128,80,32.0,0.834,20.5,11.5,7.05,22.0,19.0,215,13.4,27.5,10,1760.31806799796,2069.56,26.412837847686202,PQ32/20
0.11,100,20.5,0.577,20.2,14.3,1.96,14.0,12.5,292,8.8,18.0,18,700.534191567968,764.096,54.8640725428513,PQ20/20
0.094,60,32.0,1.982,30.4,21.3,4.59,22.0,19.0,396,13.4,27.5,26,5385.9238073732695,6400.43,90.7286859336158,PQ32/30
0.083,20,26.5,1.357,20.2,11.5,1.29,19.0,15.5,517,12.0,22.5,30,592.473717830188,550.568,127.54160179146301,PQ26/20
0.081,500,35.1,1.669,34.8,25.0,6.05,26.0,23.5,532,14.3,32.0,8,1636.72137903492,2010.1399999999999,11.226126223729,PQ35/35
0.091,30,50.0,2.207,50.0,36.1,3.51,32.5,31.5,427,20.0,44.0,19,1484.71977440832,4035.5,92.5998426604358,PQ50/50
0.162,600,107.0,2.08,87.0,56.0,10.77,70.0,72.5,134,41.0,93.7,18,38223.5127659171,41978.9,316.125778949657,PQ107/87
0.2,40,32.0,0.474,30.4,21.3,2.8,22.0,19.0,36,13.4,27.5,20,171.035221670993,226.281,173.098922056466,PQ32/30
0.099,400,50.0,1.237,50.0,36.1,6.75,32.5,31.5,357,20.0,44.0,11,3452.06566897591,13022.4,49.1974397110758,PQ50/50
0.103,40,16.4,1.618,11.6,6.7,3.87,11.2,9.6,333,7.0,14.4,24,4170.75663694556,466.919,26.8670262923936,PQ16/11.6
0.089,100,16.4,0.429,11.6,6.7,0.77,11.2,9.6,450,7.0,14.4,16,134.570864789944,71.5198,35.9351224118876,PQ16/11.6
0.123,30,20.5,1.466,20.2,14.3,2.51,14.0,12.5,232,8.8,18.0,50,6936.25933054155,2002.93,201.315699701375,PQ20/20
0.095,100,26.5,1.993,24.8,16.1,2.41,19.0,15.5,390,12.0,22.5,47,17394.1111642987,3307.68,234.86137784103602,PQ26/25
0.2,200,35.1,0.812,34.8,25.0,11.88,26.0,23.5,31,14.3,32.0,8,439.902086698461,289.701,19.975321444211,PQ35/35
0.186,20,20.5,1.122,20.2,14.3,3.72,14.0,12.5,102,8.8,18.0,27,1860.71383920712,429.511,72.40228451316091,PQ20/20
0.133,50,40.5,1.682,39.8,29.5,1.7,28.0,28.0,200,14.9,37.0,93,15597.459584187,9179.85,1658.0581487910702,PQ40/40
0.2,100,35.1,0.906,34.8,25.0,8.13,26.0,23.5,42,14.3,32.0,14,931.114979414573,641.37,55.9596526999663,PQ35/35
0.102,100,32.0,0.553,30.4,21.3,1.01,22.0,19.0,342,13.4,27.5,32,794.2070328908,2351.48,387.820333800608,PQ32/30
0.132,400,26.5,0.279,24.8,16.1,4.2,19.0,15.5,136,12.0,22.5,6,227.156360883743,697.53,19.984035814256,PQ26/25
0.135,10,20.5,0.803,16.2,10.3,1.35,14.0,12.5,194,8.8,18.0,53,1287.2288327696099,865.848,357.042378891492,PQ20/16
0.195,80,40.5,1.665,39.8,29.5,7.03,28.0,28.0,93,14.9,37.0,30,14562.1742111765,4821.799999999999,173.934186073172,PQ40/40
0.132,600,50.0,2.358,50.0,36.1,19.99,32.5,31.5,203,20.0,44.0,11,42549.1062085464,20984.6,29.5209694836832,PQ50/50
0.2,80,35.1,1.707,34.8,25.0,9.54,26.0,23.5,82,14.3,32.0,21,10441.0350016626,2578.27,76.1690878747006,PQ35/35
0.087,60,16.4,1.909,11.6,6.7,2.47,11.2,9.6,465,7.0,14.4,24,2345.68196119496,179.388,23.3738506376133,PQ16/11.6
0.2,20,26.5,0.918,20.2,11.5,4.7,19.0,15.5,42,12.0,22.5,24,993.955231057887,214.04899999999998,113.634484739446,PQ26/20
0.118,500,35.1,0.165,34.8,25.0,2.61,26.0,23.5,86,14.3,32.0,8,38.1959116428166,1242.76,77.3478187805329,PQ35/35
0.159,50,26.5,2.042,20.2,11.5,6.05,19.0,15.5,139,12.0,22.5,31,19848.5923913435,1260.54,96.7226008603582,PQ26/20
0.108,250,35.1,0.79,34.8,25.0,1.98,26.0,23.5,305,14.3,32.0,23,2162.87779172448,2980.52,168.55362468350899,PQ35/35
0.092,400,40.5,1.333,30.3,20.0,6.83,28.0,28.0,413,14.9,37.0,6,799.249259221556,1154.4399999999998,8.0944771288068,PQ40/30
0.086,180,50.0,2.086,50.0,36.1,2.72,32.5,31.5,478,20.0,44.0,23,2308.31696240006,4709.660000000001,141.694528987279,PQ50/50
0.196,30,26.5,2.104,24.8,16.1,7.45,19.0,15.5,92,12.0,22.5,35,21383.5052373283,1760.81,124.718883835805,PQ26/25
0.101,250,26.5,0.724,20.2,11.5,3.73,19.0,15.5,344,12.0,22.5,11,1903.18082686838,1245.58,29.1866556035311,PQ26/20
0.086,400,32.0,1.098,20.5,11.5,2.0,22.0,19.0,479,13.4,27.5,16,2420.52636810912,598.953,53.5721642014905,PQ32/20
0.083,300,32.0,1.199,30.4,21.3,3.7,22.0,19.0,510,13.4,27.5,10,960.563490989692,1292.38,20.0097897614715,PQ32/30
0.09,200,26.5,1.824,24.8,16.1,2.63,19.0,15.5,438,12.0,22.5,22,4438.66147789439,830.731,55.2608666699834,PQ26/25
0.082,20,26.5,2.049,24.8,16.1,2.94,19.0,15.5,527,12.0,22.5,22,1458.34909409282,1234.92,50.2714391663316,PQ26/25
0.088,50,20.5,1.172,16.2,10.3,0.69,14.0,12.5,457,8.8,18.0,50,1106.38976505995,268.013,232.977214329922,PQ20/16
0.133,180,26.5,0.987,24.8,16.1,7.23,19.0,15.5,200,12.0,22.5,13,6749.71233909451,2637.04,31.9150297454163,PQ26/25
0.108,150,32.0,1.545,20.5,11.5,7.55,22.0,19.0,305,13.4,27.5,13,7014.34264763652,2408.45,26.6043991465698,PQ32/20
0.151,40,107.0,2.281,87.0,56.0,14.69,70.0,72.5,154,41.0,93.7,15,11755.3171752729,61833.1,203.374719047943,PQ107/87
0.088,10,50.0,1.338,50.0,36.1,4.01,32.5,31.5,458,20.0,44.0,10,2545.38091635317,3357.65,38.140716802668,PQ50/50
0.185,40,50.0,1.486,40.0,26.1,2.56,32.0,31.5,103,20.0,44.0,51,6346.84972361735,3116.46,899.263254728917,PQ50/40
0.056,600,20.5,0.362,16.2,10.3,1.38,14.0,12.5,461,8.8,18.0,8,40.9867844408146,178.714,15.8771522520712,PQ20/16
0.2,30,26.5,0.609,20.2,11.5,2.31,19.0,15.5,80,12.0,22.5,31,1697.15240154985,537.803,269.32499472651,PQ26/20
0.092,400,32.0,1.641,30.4,21.3,3.06,22.0,19.0,414,13.4,27.5,16,3304.14589906749,961.861,39.9008914907551,PQ32/30
0.162,600,65.0,1.513,60.0,42.0,17.78,45.0,40.8,135,26.0,55.0,8,13113.4192942706,12405.1,35.4162419541075,PQ65/60
0.083,300,32.0,1.579,20.5,11.5,3.96,22.0,19.0,517,13.4,27.5,12,2962.230232446,880.5849999999999,22.2561285303913,PQ32/20
0.2,40,107.0,2.205,87.0,56.0,11.78,70.0,72.5,82,41.0,93.7,22,9660.28173112868,31764.3,450.166966565866,PQ107/87
0.088,120,16.4,0.719,11.6,6.7,1.61,11.2,9.6,454,7.0,14.4,13,367.965467385369,94.6548,15.3952442266625,PQ16/11.6
0.2,250,40.5,1.024,39.8,29.5,14.64,28.0,28.0,66,14.9,37.0,8,2230.81638213686,1498.44,18.0293743417481,PQ40/40
0.119,10,20.5,1.999,16.2,10.3,1.96,14.0,12.5,250,8.8,18.0,96,12470.9620648257,2465.66,556.58507346891,PQ20/16
0.081,180,50.0,1.56,50.0,36.1,2.14,32.5,31.5,535,20.0,44.0,23,1464.99539923306,5588.68,178.457340350175,PQ50/50
0.087,500,26.5,1.724,20.2,11.5,6.86,19.0,15.5,469,12.0,22.5,8,4589.446394804319,674.184,7.42192434099472,PQ26/20
0.096,120,40.5,1.825,30.3,20.0,2.57,28.0,28.0,379,14.9,37.0,44,11891.3810331663,7624.86,339.74918238385703,PQ40/30
0.111,400,26.5,0.604,24.8,16.1,4.77,19.0,15.5,289,12.0,22.5,8,1530.34304537975,1420.04,18.2057547931781,PQ26/25
0.114,100,40.5,2.253,30.3,20.0,2.27,28.0,28.0,271,14.9,37.0,57,16383.4729685064,3832.1,484.013132244565,PQ40/30
0.079,300,20.5,0.93,16.2,10.3,2.91,14.0,12.5,559,8.8,18.0,9,694.833421314749,307.396,9.1206466777397,PQ20/16
0.1,350,26.5,0.984,20.2,11.5,6.84,19.0,15.5,354,12.0,22.5,9,4917.63691033538,1920.34,15.0556467755815,PQ26/20
0.089,300,50.0,1.166,50.0,36.1,1.47,32.5,31.5,287,20.0,44.0,46,3696.46415469317,7781.87,902.2138953763481,PQ50/50
0.2,120,26.5,0.394,24.8,16.1,6.43,19.0,15.5,75,12.0,22.5,7,432.736688551935,482.697,20.1465136998119,PQ26/25
0.091,50,20.5,0.586,20.2,14.3,1.19,14.0,12.5,423,8.8,18.0,14,81.7886230227684,200.259,32.7435155488733,PQ20/20
0.108,300,32.0,1.495,20.5,11.5,6.7,22.0,19.0,301,13.4,27.5,14,12915.4448209499,2231.43,31.6660805590504,PQ32/20
0.2,200,50.0,1.944,50.0,36.1,16.43,32.5,31.5,28,20.0,44.0,14,2584.87931546166,915.276,55.6193914758906,PQ50/50
0.082,150,20.5,1.253,20.2,14.3,1.76,14.0,12.5,519,8.8,18.0,21,1240.92876146044,480.38,40.1298050948908,PQ20/20
0.092,350,32.0,2.253,20.5,11.5,4.5,22.0,19.0,419,13.4,27.5,15,7922.08489033532,692.976,25.9129369297682,PQ32/20
0.08,200,32.0,1.662,30.4,21.3,1.24,22.0,19.0,551,13.4,27.5,39,3953.725243177,1528.46,234.606044707287,PQ32/30
0.082,600,40.5,1.767,39.8,29.5,5.09,28.0,28.0,526,14.9,37.0,10,2092.18906193154,2478.55,18.4437308255397,PQ40/40
0.081,500,26.5,2.33,24.8,16.1,6.19,19.0,15.5,533,12.0,22.5,11,7004.33873466066,1090.59,11.3190158939167,PQ26/25
0.11,100,35.1,2.434,34.8,25.0,3.57,26.0,23.5,293,14.3,32.0,39,12535.8120905553,5200.85,199.530193932295,PQ35/35
0.154,10,16.4,2.472,11.6,6.7,3.9,11.2,9.6,148,7.0,14.4,57,12647.6129888819,386.152,105.809362807118,PQ16/11.6
0.072,250,32.0,0.554,30.4,21.3,0.96,22.0,19.0,360,13.4,27.5,36,700.374636336165,3089.2599999999998,490.242824753838,PQ32/30
0.085,100,20.5,1.75,20.2,14.3,3.54,14.0,12.5,489,8.8,18.0,15,1284.38864261705,574.986,15.7559820983178,PQ20/20
0.081,150,20.5,2.296,16.2,10.3,3.32,14.0,12.5,538,8.8,18.0,20,4204.3935812037,484.909,21.5143804098124,PQ20/16
0.082,40,20.5,2.1,20.2,14.3,2.11,14.0,12.5,519,8.8,18.0,30,1472.06433139623,701.321,54.5673429529016,PQ20/20
0.077,80,32.0,2.498,30.4,21.3,6.85,22.0,19.0,600,13.4,27.5,11,1857.1082854608,2517.33,13.5438749714453,PQ32/30
0.2,100,50.0,1.427,40.0,26.1,10.32,32.0,31.5,43,20.0,44.0,17,2730.81654873524,1454.72,103.402176558026,PQ50/40
0.162,50,20.5,0.696,20.2,14.3,3.83,14.0,12.5,134,8.8,18.0,17,1168.08018275171,612.346,42.0661468057597,PQ20/20
0.077,500,20.5,0.603,16.2,10.3,2.92,14.0,12.5,598,8.8,18.0,6,359.38537013194997,309.851,5.79466717209717,PQ20/16
0.083,250,32.0,1.07,20.5,11.5,1.07,22.0,19.0,450,13.4,27.5,29,1982.0482172871,521.379,179.895700574782,PQ32/20
0.149,100,35.1,0.156,34.8,25.0,0.6,26.0,23.5,106,14.3,32.0,25,42.069568094945,868.252,788.590793520262,PQ35/35
0.098,60,32.0,1.152,30.4,21.3,0.81,22.0,19.0,365,13.4,27.5,84,5245.18827672486,3877.12,1458.51428699931,PQ32/30
0.147,40,26.5,1.051,20.2,11.5,2.09,19.0,15.5,164,12.0,22.5,45,6570.80304092033,1227.32,356.039434881147,PQ26/20
0.09,80,32.0,2.242,30.4,21.3,3.15,22.0,19.0,435,13.4,27.5,21,1742.21733295689,1224.18,53.7375780972563,PQ32/30
0.114,20,32.0,0.918,20.5,11.5,1.41,22.0,19.0,270,13.4,27.5,39,1087.4007690276699,1323.05,369.876103733499,PQ32/20
0.12,10,26.5,2.301,20.2,11.5,1.11,19.0,15.5,247,12.0,22.5,177,24853.0593743934,3177.45,2849.99137553946,PQ26/20
0.09,400,26.5,2.163,20.2,11.5,5.39,19.0,15.5,433,12.0,22.5,12,7016.89640309056,545.554,13.7970171983763,PQ26/20
0.2,20,20.5,0.309,20.2,14.3,1.82,14.0,12.5,78,8.8,18.0,20,164.928891089935,288.439,114.39543413285199,PQ20/20
0.095,600,50.0,1.034,40.0,26.1,4.05,32.0,31.5,390,20.0,44.0,15,5897.30096525499,10498.7,104.907512539652,PQ50/40
0.112,500,35.1,2.081,34.8,25.0,13.03,26.0,23.5,283,14.3,32.0,10,14338.1590522672,5556.05,14.808141417682,PQ35/35
0.2,20,26.5,2.317,24.8,16.1,5.05,19.0,15.5,59,12.0,22.5,53,10504.7891843887,693.036,264.161971544963,PQ26/25
0.091,60,16.4,2.063,11.6,6.7,3.29,11.2,9.6,427,7.0,14.4,18,1777.52728917366,127.852,12.2976971581605,PQ16/11.6
0.078,40,20.5,1.245,16.2,10.3,0.92,14.0,12.5,577,8.8,18.0,41,901.781339054413,461.252,149.16257341313,PQ20/16
0.082,350,32.0,2.495,20.5,11.5,5.18,22.0,19.0,527,13.4,27.5,15,10179.014206451,1224.27,23.813195554249198,PQ32/20
0.129,20,26.5,0.72,20.2,11.5,0.58,19.0,15.5,212,12.0,22.5,116,4355.77060374541,1894.47,3264.4810225230704,PQ26/20
0.079,80,16.4,1.724,11.6,6.7,2.18,11.2,9.6,566,7.0,14.4,24,2470.37115754294,232.613,25.4692686365365,PQ16/11.6
0.119,200,40.5,0.805,30.3,20.0,2.89,28.0,28.0,250,14.9,37.0,26,5550.2802401763,6763.7,229.012819998489,PQ40/30
0.078,10,16.4,2.456,11.6,6.7,2.43,11.2,9.6,580,7.0,14.4,30,1826.40572382627,259.988,29.480330870652697,PQ16/11.6
0.094,180,35.1,2.21,34.8,25.0,5.74,26.0,23.5,398,14.3,32.0,23,12129.9713847845,9589.07,74.7696671499204,PQ35/35
0.111,150,32.0,0.637,30.4,21.3,1.99,22.0,19.0,285,13.4,27.5,19,949.456492152587,1868.07,121.379408833537,PQ32/30
0.087,120,50.0,2.462,40.0,26.1,3.61,32.0,31.5,462,20.0,44.0,21,2680.83345616579,3957.0699999999997,101.242505154721,PQ50/40
0.159,180,50.0,1.005,50.0,36.1,3.67,32.5,31.5,139,20.0,44.0,25,5320.41813449652,6272.51,301.547667673994,PQ50/50
0.106,400,26.5,0.349,20.2,11.5,2.84,19.0,15.5,313,12.0,22.5,7,456.51199671134,825.201,22.3027569920229,PQ26/20
0.096,600,50.0,1.227,40.0,26.1,4.09,32.0,31.5,385,20.0,44.0,17,8823.69477588265,10070.9,116.86574290273,PQ50/40
0.114,100,26.5,0.816,24.8,16.1,2.25,19.0,15.5,273,12.0,22.5,22,1791.12316565064,1304.3899999999999,106.944107736643,PQ26/25
0.104,600,40.5,1.698,30.3,20.0,8.89,28.0,28.0,326,14.9,37.0,11,11294.618121078001,4588.07,22.4595506354278,PQ40/30
0.151,60,40.5,2.052,39.8,29.5,5.73,28.0,28.0,155,14.9,37.0,32,9043.73780191689,5767.85,168.946438351632,PQ40/40
0.136,300,107.0,2.329,87.0,56.0,2.97,70.0,72.5,176,41.0,93.7,67,63236.1290819909,57944.4,3987.7574103726,PQ107/87
0.098,80,20.5,1.877,20.2,14.3,3.74,14.0,12.5,364,8.8,18.0,29,7415.2345759842,1928.8300000000002,55.7232705518514,PQ20/20
0.128,40,20.5,0.429,16.2,10.3,1.21,14.0,12.5,214,8.8,18.0,30,626.655018349462,698.409,193.440408046859,PQ20/16
0.082,60,20.5,1.453,16.2,10.3,1.41,14.0,12.5,526,8.8,18.0,32,1461.06292933868,452.841,80.2048779641422,PQ20/16
0.122,40,35.1,2.231,34.8,25.0,2.03,26.0,23.5,239,14.3,32.0,99,26915.5608031048,10833.5,1375.5219541926201,PQ35/35
0.149,100,32.0,1.83,30.4,21.3,6.61,22.0,19.0,160,13.4,27.5,24,13372.3939873721,2962.14,82.417819364569,PQ32/30
0.08,80,35.1,1.045,34.8,25.0,1.47,26.0,23.5,556,14.3,32.0,22,410.483669125117,1968.14,122.856084522886,PQ35/35
0.122,80,32.0,1.949,30.4,21.3,5.83,22.0,19.0,238,13.4,27.5,32,19536.100920635,8174.340000000001,139.349868437605,PQ32/30
0.129,10,20.5,2.157,16.2,10.3,3.27,14.0,12.5,211,8.8,18.0,63,10451.8485146199,1919.3,224.966177771771,PQ20/16
0.106,120,26.5,1.813,24.8,16.1,4.43,19.0,15.5,312,12.0,22.5,26,12271.2000999001,2822.52,77.5836243770379,PQ26/25
0.088,100,20.5,2.374,16.2,10.3,3.08,14.0,12.5,456,8.8,18.0,24,4184.94816607171,450.224,30.117107304030302,PQ20/16
0.128,150,40.5,2.412,39.8,29.5,7.48,28.0,28.0,216,14.9,37.0,31,32066.9932862162,14184.7,140.548860614001,PQ40/40
0.086,180,20.5,1.183,16.2,10.3,3.85,14.0,12.5,480,8.8,18.0,9,765.413943640172,294.755,7.4977870151399,PQ20/16
0.094,80,26.5,1.386,24.8,16.1,1.6,19.0,15.5,402,12.0,22.5,25,1055.97592737016,477.35,89.2440516784302,PQ26/25
0.08,150,16.4,0.811,11.6,6.7,1.54,11.2,9.6,553,7.0,14.4,15,636.301995436274,135.327,18.5436859109603,PQ16/11.6
0.092,180,40.5,2.266,39.8,29.5,10.03,28.0,28.0,413,14.9,37.0,7,1223.15864139688,2301.27,7.49400934309758,PQ40/40
0.2,60,35.1,2.381,34.8,25.0,10.0,26.0,23.5,63,14.3,32.0,27,10695.0170560808,1754.26,97.4104507576981,PQ35/35
0.174,20,107.0,0.563,87.0,56.0,5.97,70.0,72.5,116,41.0,93.7,8,1239.00070572841,15598.5,191.541883279756,PQ107/87
0.082,500,32.0,0.647,30.4,21.3,2.21,22.0,19.0,505,13.4,27.5,9,384.880208709922,929.553,26.8754590602962,PQ32/30
0.08,100,16.4,1.836,11.6,6.7,3.61,11.2,9.6,556,7.0,14.4,16,2550.48500563653,252.84699999999998,10.7429576718576,PQ16/11.6
0.2,200,65.0,1.439,60.0,42.0,7.05,45.0,40.8,27,26.0,55.0,23,1712.4345873883299,1011.19,305.263212787387,PQ65/60
0.112,60,26.5,1.552,24.8,16.1,3.66,19.0,15.5,283,12.0,22.5,27,5189.368572000921,2193.7400000000002,94.8694483480115,PQ26/25
0.106,150,26.5,2.222,20.2,11.5,6.65,19.0,15.5,312,12.0,22.5,21,21422.5306179992,2184.8,41.3043648549164,PQ26/20
0.085,100,20.5,2.448,16.2,10.3,3.46,14.0,12.5,493,8.8,18.0,22,4141.61446069882,525.065,24.6827180315719,PQ20/16
0.165,400,35.1,0.72,34.8,25.0,10.3,26.0,23.5,129,14.3,32.0,6,1656.67298811956,1676.33,12.3964087877255,PQ35/35
0.2,100,40.5,0.392,30.3,20.0,5.94,28.0,28.0,70,14.9,37.0,8,276.481678364991,975.644,39.8816149694557,PQ40/30
0.122,400,40.5,1.514,39.8,29.5,9.16,28.0,28.0,239,14.9,37.0,15,15494.0206014098,10966.6,46.777760853440604,PQ40/40
0.078,400,26.5,0.78,20.2,11.5,2.36,19.0,15.5,580,12.0,22.5,10,920.7397773343961,624.231,22.6245427304371,PQ26/20
0.134,30,20.5,0.344,20.2,14.3,1.72,14.0,12.5,196,8.8,18.0,17,176.853438525199,697.957,75.3595136821289,PQ20/20
0.084,120,20.5,2.447,16.2,10.3,3.9,14.0,12.5,501,8.8,18.0,19,3972.07014389489,499.203,18.4049074556491,PQ20/16
0.082,120,26.5,2.451,24.8,16.1,3.28,19.0,15.5,527,12.0,22.5,22,3935.57445555015,1118.76,43.4404820004112,PQ26/25
0.125,30,26.5,1.845,20.2,11.5,2.5,19.0,15.5,226,12.0,22.5,69,23092.915562387803,3088.56,521.945934640609,PQ26/20
0.091,50,26.5,2.055,24.8,16.1,5.95,19.0,15.5,425,12.0,22.5,11,1284.58499601441,843.683,12.5461179681808,PQ26/25
0.096,60,20.5,1.813,16.2,10.3,3.5,14.0,12.5,385,8.8,18.0,33,9305.90843579771,1910.9499999999998,71.24414647348671,PQ20/16
0.098,30,20.5,2.238,20.2,14.3,2.1,14.0,12.5,366,8.8,18.0,66,10122.9699831452,2575.85,251.025416710191,PQ20/20
0.069,500,26.5,0.165,20.2,11.5,0.98,19.0,15.5,213,12.0,22.5,16,67.623505071417,1269.02,227.31938634848999,PQ26/20
0.098,200,35.1,1.992,34.8,25.0,3.62,26.0,23.5,367,14.3,32.0,35,18848.9325025668,9120.44,187.517861904899,PQ35/35
0.2,60,35.1,2.157,34.8,25.0,9.22,26.0,23.5,46,14.3,32.0,28,5845.49050131909,1066.87,112.954821587225,PQ35/35
0.096,120,16.4,0.691,11.6,6.7,3.75,11.2,9.6,379,7.0,14.4,11,1211.61731129378,449.014,11.3926569112603,PQ16/11.6
0.192,60,40.5,0.594,39.8,29.5,3.07,28.0,28.0,96,14.9,37.0,23,1031.13685502607,2534.12,232.03714076043602,PQ40/40
0.135,180,40.5,2.379,30.3,20.0,9.44,28.0,28.0,195,14.9,37.0,22,29838.3462639813,6422.71,69.1915959526334,PQ40/30
0.08,150,26.5,2.321,20.2,11.5,6.56,19.0,15.5,553,12.0,22.5,10,2518.72127466693,761.712,9.02715265966778,PQ26/20
0.183,500,65.0,2.346,60.0,42.0,18.47,45.0,40.8,105,26.0,55.0,12,37402.3659882304,9808.96,55.7681696170178,PQ65/60
0.131,40,26.5,1.562,24.8,16.1,5.76,19.0,15.5,205,12.0,22.5,23,5587.516144916,2548.68,68.5668813864355,PQ26/25
0.102,500,35.1,0.854,34.8,25.0,3.84,26.0,23.5,337,14.3,32.0,13,2845.76868070497,3863.57,50.5104219221474,PQ35/35
0.141,100,32.0,0.993,30.4,21.3,6.41,22.0,19.0,177,13.4,27.5,15,3348.30379630394,3415.9,52.5263277476212,PQ32/30
0.099,80,20.5,1.009,16.2,10.3,2.48,14.0,12.5,358,8.8,18.0,24,2576.86036086554,1019.9100000000001,60.6668394673177,PQ20/16
0.156,60,26.5,0.783,20.2,11.5,3.6,19.0,15.5,145,12.0,22.5,21,3058.20253194497,1053.42,99.57855750240749,PQ26/20
0.15,20,40.5,0.65,39.8,29.5,3.94,28.0,28.0,157,14.9,37.0,15,653.2485411439089,3226.2400000000002,91.4986258192116,PQ40/40
0.135,20,40.5,1.974,30.3,20.0,1.65,28.0,28.0,194,14.9,37.0,108,12780.5754507975,6182.54,1925.52861356284,PQ40/30
0.1,60,32.0,1.592,30.4,21.3,1.97,22.0,19.0,355,13.4,27.5,46,5231.23864702536,3988.52,337.689034645559,PQ32/30
0.1,150,26.5,0.886,20.2,11.5,2.31,19.0,15.5,353,12.0,22.5,23,3984.47502671487,1644.88,107.39500481967,PQ26/20
0.097,200,20.5,0.193,20.2,14.3,1.12,14.0,12.5,376,8.8,18.0,10,75.0469877767129,676.562,42.6894239640401,PQ20/20
0.133,60,65.0,0.107,60.0,42.0,0.61,45.0,40.8,199,26.0,55.0,15,14.9130104951835,6690.93,1156.10776783375,PQ65/60
0.144,300,65.0,2.28,60.0,42.0,5.6,45.0,40.8,171,26.0,55.0,35,51858.2008493455,18441.4,485.494463900958,PQ65/60
0.077,300,32.0,2.255,30.4,21.3,3.37,22.0,19.0,591,13.4,27.5,21,6480.77636467631,2549.38,53.4811811741999,PQ32/30
0.157,20,20.5,1.723,16.2,10.3,3.65,14.0,12.5,144,8.8,18.0,40,6358.96365027961,631.957,109.151800203633,PQ20/16
0.081,250,26.5,1.746,20.2,11.5,4.49,19.0,15.5,541,12.0,22.5,11,2602.62060193937,647.518,13.886350150615801,PQ26/20
0.2,180,50.0,1.557,50.0,36.1,14.04,32.5,31.5,36,20.0,44.0,14,2694.14025214058,1512.0,66.3641813153186,PQ50/50
0.12,120,32.0,2.466,30.4,21.3,7.56,22.0,19.0,244,13.4,27.5,31,41437.3043146431,9609.25,108.814840307282,PQ32/30
0.115,120,32.0,1.696,30.4,21.3,3.19,22.0,19.0,268,13.4,27.5,32,8873.33398760387,2856.7,155.470438005343,PQ32/30
0.096,60,107.0,2.231,87.0,56.0,5.68,70.0,72.5,380,41.0,93.7,24,6034.33473383068,96447.90000000001,529.739726673795,PQ107/87
0.083,20,107.0,1.212,87.0,56.0,2.17,70.0,72.5,512,41.0,93.7,17,1532.354594915,20371.5,444.835511372608,PQ107/87
0.2,80,32.0,0.24,30.4,21.3,2.45,22.0,19.0,55,13.4,27.5,12,86.752710280063,425.499,112.220254089008,PQ32/30
0.105,50,16.4,0.152,11.6,6.7,0.55,11.2,9.6,320,7.0,14.4,16,35.4592425410938,174.813,88.2361707781045,PQ16/11.6
0.107,120,26.5,0.904,24.8,16.1,1.88,19.0,15.5,307,12.0,22.5,28,2964.94669458633,1522.8,158.928372983817,PQ26/25
0.098,500,32.0,0.39,20.5,11.5,3.62,22.0,19.0,112,13.4,27.5,10,248.481869162806,620.252,51.0334011773929,PQ32/20
0.081,500,26.5,1.512,24.8,16.1,6.51,19.0,15.5,537,12.0,22.5,7,2258.20566194106,957.504,6.5129753887877095,PQ26/25
0.125,150,35.1,1.963,34.8,25.0,6.4,26.0,23.5,226,14.3,32.0,29,25336.4758400762,10298.7,130.270287210244,PQ35/35
0.118,350,40.5,2.337,30.3,20.0,13.11,28.0,28.0,255,14.9,37.0,11,14034.7729368724,4201.21,17.538842420215,PQ40/30
0.124,150,35.1,2.388,34.8,25.0,11.65,26.0,23.5,230,14.3,32.0,18,20159.865047453197,10031.7,43.1871181826639,PQ35/35
0.065,350,40.5,1.08,30.3,20.0,0.63,28.0,28.0,481,14.9,37.0,49,1007.6605273885499,1135.83,638.848089863499,PQ40/30
0.2,120,35.1,0.838,34.8,25.0,7.33,26.0,23.5,52,14.3,32.0,14,1227.50373145912,857.713,59.630076625047394,PQ35/35
0.087,120,32.0,1.496,20.5,11.5,1.35,22.0,19.0,471,13.4,27.5,34,3138.35485157297,758.333,186.930274432415,PQ32/20
0.098,200,40.5,2.316,30.3,20.0,6.28,28.0,28.0,364,14.9,37.0,23,16375.5754719758,8289.44,77.2291381614535,PQ40/30
0.122,120,32.0,2.286,30.4,21.3,7.9,22.0,19.0,239,13.4,27.5,25,24966.0799364517,7032.860000000001,75.0625103979818,PQ32/30
0.081,150,20.5,2.07,20.2,14.3,2.54,14.0,12.5,538,8.8,18.0,23,3144.13537386813,627.052,32.4313241202404,PQ20/20
0.078,350,32.0,1.696,30.4,21.3,5.08,22.0,19.0,573,13.4,27.5,10,1995.37395911156,1802.12,15.1762679946433,PQ32/30
0.087,20,50.0,1.753,50.0,36.1,5.02,32.5,31.5,471,20.0,44.0,10,2099.68214599543,3670.43,30.731964058826602,PQ50/50
0.114,300,32.0,0.746,30.4,21.3,5.29,22.0,19.0,271,13.4,27.5,8,1011.69609760119,1619.28,18.866266603764,PQ32/30
0.112,80,32.0,1.527,30.4,21.3,6.09,22.0,19.0,282,13.4,27.5,15,2624.9698875543,2902.89,37.124759651346004,PQ32/30
0.157,80,40.5,1.113,39.8,29.5,3.58,28.0,28.0,143,14.9,37.0,29,3535.9785000052702,3809.48,221.830631558902,PQ40/40
0.094,300,26.5,2.257,20.2,11.5,4.5,19.0,15.5,403,12.0,22.5,15,7244.54994450487,482.842,20.8045486270364,PQ26/20
0.099,100,20.5,1.247,16.2,10.3,3.98,14.0,12.5,362,8.8,18.0,19,4112.58673385627,1239.54,32.0187938798179,PQ20/16
0.083,120,32.0,1.093,30.4,21.3,0.57,22.0,19.0,513,13.4,27.5,54,1391.90959724197,972.657,628.904535946038,PQ32/30
0.091,10,35.1,2.426,34.8,25.0,8.87,26.0,23.5,422,14.3,32.0,8,6768.43527724669,1703.19,8.41445957470442,PQ35/35
0.127,150,50.0,1.431,40.0,26.1,3.4,32.0,31.5,220,20.0,44.0,37,15723.5107918361,12287.3,488.245312180819,PQ50/40
0.098,500,26.5,0.483,24.8,16.1,4.18,19.0,15.5,367,12.0,22.5,7,975.25400419067,1805.55,16.8643087420585,PQ26/25
0.182,150,26.5,0.511,20.2,11.5,5.51,19.0,15.5,106,12.0,22.5,8,975.771534427081,381.988,20.869398776391,PQ26/20
0.101,500,32.0,0.603,30.4,21.3,3.77,22.0,19.0,347,13.4,27.5,9,1204.13519296814,2259.43,28.5056718582061,PQ32/30
0.147,80,26.5,0.281,20.2,11.5,1.15,19.0,15.5,119,12.0,22.5,22,254.072800890613,442.839,267.211540220874,PQ26/20
0.154,20,32.0,0.991,30.4,21.3,0.73,22.0,19.0,149,13.4,27.5,115,3769.43995555377,1785.13,3090.44318622617,PQ32/30
0.117,600,40.5,0.452,30.3,20.0,2.87,28.0,28.0,260,14.9,37.0,9,676.9314580429569,1579.3500000000001,44.504103980504595,PQ40/30
0.147,10,26.5,1.817,20.2,11.5,1.32,19.0,15.5,164,12.0,22.5,133,15874.310465017701,1850.4199999999998,1963.65910254776,PQ26/20
0.092,300,40.5,2.113,30.3,20.0,3.31,28.0,28.0,418,14.9,37.0,20,4598.48809725539,1627.25,62.6367737375096,PQ40/30
0.111,30,20.5,2.327,20.2,14.3,2.17,14.0,12.5,286,8.8,18.0,62,8848.83194455854,1402.99,214.818513897955,PQ20/20
0.078,250,32.0,1.068,20.5,11.5,1.07,22.0,19.0,574,13.4,27.5,31,3061.96274731998,973.985,205.848560520595,PQ32/20
0.186,50,40.5,1.524,39.8,29.5,2.88,28.0,28.0,102,14.9,37.0,45,5236.79742506915,1954.88,418.36690245641597,PQ40/40
0.103,120,40.5,2.213,39.8,29.5,9.8,28.0,28.0,331,14.9,37.0,13,4138.46006287188,7840.6,26.3320649114978,PQ40/40
0.2,40,26.5,0.866,20.2,11.5,5.31,19.0,15.5,73,12.0,22.5,21,3163.93417583414,649.894,91.4210225621772,PQ26/20
0.2,80,40.5,2.435,30.3,20.0,12.61,28.0,28.0,78,14.9,37.0,22,18889.9971071687,2358.64,67.9973773226869,PQ40/30
0.086,180,26.5,1.065,24.8,16.1,2.52,19.0,15.5,477,12.0,22.5,13,829.132424889967,669.5,29.927080668890298,PQ26/25
0.12,50,32.0,2.455,30.4,21.3,2.77,22.0,19.0,244,13.4,27.5,75,32878.3588015797,7207.52,638.788051512854,PQ32/30
0.086,60,40.5,1.878,30.3,20.0,1.76,28.0,28.0,477,14.9,37.0,32,1288.12207686503,1714.31,175.707037789464,PQ40/30
0.159,50,32.0,1.225,20.5,11.5,5.3,22.0,19.0,140,13.4,27.5,22,5809.90372166826,1486.95,92.44934170186839,PQ32/20
0.116,60,26.5,1.932,20.2,11.5,2.52,19.0,15.5,263,12.0,22.5,48,15573.3285422442,1495.26,242.961928455767,PQ26/20
0.082,300,16.4,0.378,11.6,6.7,1.67,11.2,9.6,529,7.0,14.4,7,157.464382637591,111.601,7.66199134414333,PQ16/11.6
0.174,60,32.0,2.483,20.5,11.5,7.91,22.0,19.0,117,13.4,27.5,27,24208.3292959484,1112.6000000000001,77.4924317319831,PQ32/20
0.197,40,107.0,1.91,87.0,56.0,13.71,70.0,72.5,91,41.0,93.7,16,7881.21684077784,34259.7,268.369420914885,PQ107/87
0.2,600,65.0,1.033,60.0,42.0,18.54,45.0,40.8,79,26.0,55.0,7,7752.85295759339,8327.6,37.3132058657487,PQ65/60
0.187,10,20.5,2.306,20.2,14.3,3.34,14.0,12.5,101,8.8,18.0,61,7387.73111600746,614.319,209.46931274649,PQ20/20
0.088,200,26.5,1.566,20.2,11.5,2.16,19.0,15.5,451,12.0,22.5,23,4250.91531754352,598.624,66.4777250409775,PQ26/20
0.109,200,26.5,1.687,24.8,16.1,5.69,19.0,15.5,297,12.0,22.5,17,9600.27139328896,1874.44,35.1661569355468,PQ26/25
0.194,10,35.1,1.936,34.8,25.0,1.31,26.0,23.5,94,14.3,32.0,177,16669.6276744607,3758.35,4902.67335112413,PQ35/35
0.078,50,20.5,2.379,20.2,14.3,1.0,14.0,12.5,578,8.8,18.0,73,4947.90407732512,975.258,292.508454251694,PQ20/20
0.078,200,26.5,2.308,20.2,11.5,3.01,19.0,15.5,583,12.0,22.5,24,8796.45346387478,1101.99,52.2343005847613,PQ26/20
0.091,500,32.0,1.336,30.4,21.3,3.31,22.0,19.0,430,13.4,27.5,13,2744.11293952386,1128.92,30.9956866263492,PQ32/30
0.091,600,32.0,1.76,30.4,21.3,7.59,22.0,19.0,425,13.4,27.5,7,2587.41893739926,1085.07,7.220527509736581,PQ32/30
0.174,250,35.1,0.395,34.8,25.0,5.03,26.0,23.5,63,14.3,32.0,9,260.477514693944,748.903,46.2310248275253,PQ35/35
0.182,10,20.5,0.807,16.2,10.3,2.7,14.0,12.5,106,8.8,18.0,27,836.427200923257,297.079,92.288191762873,PQ20/16
0.086,300,26.5,0.73,20.2,11.5,3.8,19.0,15.5,478,12.0,22.5,6,407.75271079431,465.391,8.62045864342618,PQ26/20
0.087,60,16.4,2.416,11.6,6.7,2.56,11.2,9.6,471,7.0,14.4,28,3737.60364019537,177.423,26.0588331341382,PQ16/11.6
0.106,60,20.5,1.891,20.2,14.3,3.71,14.0,12.5,317,8.8,18.0,32,7700.60611807378,1861.18,67.4907873719823,PQ20/20
0.2,30,40.5,0.807,30.3,20.0,1.92,28.0,28.0,34,14.9,37.0,54,642.64209105498,396.447,986.5377782427561,PQ40/30
0.069,500,40.5,1.381,39.8,29.5,1.01,28.0,28.0,425,14.9,37.0,39,1334.38178245853,1381.07,338.719161291531,PQ40/40
0.132,300,50.0,1.106,40.0,26.1,4.79,32.0,31.5,203,20.0,44.0,22,13190.5958238261,11600.5,213.689156558852,PQ50/40
0.085,300,40.5,1.359,39.8,29.5,1.8,28.0,28.0,494,14.9,37.0,22,1443.5155429798901,1933.42,109.070911436244,PQ40/40
0.137,80,32.0,2.28,20.5,11.5,5.7,22.0,19.0,188,13.4,27.5,34,33702.3219054783,2487.6200000000003,131.871877572965,PQ32/20
0.103,200,20.5,0.364,20.2,14.3,2.74,14.0,12.5,334,8.8,18.0,8,245.8031867768,768.753,15.8930750853884,PQ20/20
0.081,120,32.0,1.863,30.4,21.3,1.73,22.0,19.0,538,13.4,27.5,34,3090.32202007243,1943.94,163.030672336508,PQ32/30
0.162,10,20.5,1.533,16.2,10.3,1.91,14.0,12.5,135,8.8,18.0,74,5660.41206300959,658.994,410.896219355133,PQ20/16
0.081,150,26.5,1.455,24.8,16.1,1.12,19.0,15.5,535,12.0,22.5,38,3150.60541663722,858.006,198.172674173915,PQ26/25
0.082,350,32.0,1.683,20.5,11.5,3.25,22.0,19.0,519,13.4,27.5,15,4265.05463126609,817.182,32.9827854942516,PQ32/20
0.124,120,50.0,1.197,50.0,36.1,13.98,32.5,31.5,231,20.0,44.0,8,2720.91251005501,18477.6,26.7624808024469,PQ50/50
0.101,50,35.1,1.652,34.8,25.0,0.76,26.0,23.5,347,14.3,32.0,125,9788.31011675159,5641.38,2763.32056733736,PQ35/35
0.134,250,50.0,1.558,40.0,26.1,11.74,32.0,31.5,196,20.0,44.0,12,10737.470048331,11040.7,47.9014990427366,PQ50/40
0.093,500,32.0,0.817,20.5,11.5,3.18,22.0,19.0,407,13.4,27.5,8,966.2899279803,469.709,17.184484049134298,PQ32/20
0.118,350,32.0,0.472,20.5,11.5,2.8,22.0,19.0,255,13.4,27.5,10,1051.39623827079,914.531,43.1110591872041,PQ32/20
0.142,180,32.0,1.12,20.5,11.5,7.58,22.0,19.0,174,13.4,27.5,14,10406.106116388,2114.64,40.3675476967661,PQ32/20
0.078,80,40.5,0.665,30.3,20.0,0.8,28.0,28.0,574,14.9,37.0,26,196.372824574734,1584.57,267.968387577895,PQ40/30
0.106,100,32.0,1.505,20.5,11.5,2.38,22.0,19.0,317,13.4,27.5,40,13157.0564647898,2523.9,257.406548760897,PQ32/20
0.095,180,50.0,1.029,40.0,26.1,4.37,32.0,31.5,391,20.0,44.0,14,1871.75975242127,10929.199999999999,91.7785563392452,PQ50/40
0.112,180,26.5,1.435,20.2,11.5,5.42,19.0,15.5,279,12.0,22.5,16,8331.444991355409,1337.06,34.6339411681791,PQ26/20
0.084,300,35.1,0.621,34.8,25.0,0.84,26.0,23.5,502,14.3,32.0,23,462.349300204664,1281.76,205.436691412691,PQ35/35
0.154,250,50.0,1.78,50.0,36.1,8.68,32.5,31.5,149,20.0,44.0,19,17789.2473722559,9891.0,109.737984594322,PQ50/50
0.159,30,26.5,1.071,20.2,11.5,4.82,19.0,15.5,140,12.0,22.5,20,2642.61296917209,933.202,69.2081043730598,PQ26/20
0.116,200,26.5,0.306,24.8,16.1,1.96,19.0,15.5,208,12.0,22.5,15,528.619649660841,1831.57,115.302549510663,PQ26/25
0.093,400,32.0,1.923,30.4,21.3,5.0,22.0,19.0,409,13.4,27.5,12,3724.20917346708,1158.6,19.800494242839598,PQ32/30
0.163,600,65.0,1.455,60.0,42.0,9.16,45.0,40.8,133,26.0,55.0,14,18352.4525738499,10031.9,112.038496692755,PQ65/60
0.126,20,32.0,2.077,30.4,21.3,1.46,22.0,19.0,221,13.4,27.5,126,18177.4391468939,6099.610000000001,2056.35125312164,PQ32/30
0.157,500,40.5,0.502,30.3,20.0,7.1,28.0,28.0,141,14.9,37.0,6,988.727361236926,1521.56,18.1176038377583,PQ40/30
0.085,80,26.5,2.362,20.2,11.5,1.21,19.0,15.5,494,12.0,22.5,58,8020.4939719226,713.947,299.157676993676,PQ26/20
0.111,400,40.5,0.555,39.8,29.5,2.77,28.0,28.0,189,14.9,37.0,17,900.282294172585,3525.3,133.793824014618,PQ40/40
0.078,350,20.5,1.013,20.2,14.3,3.84,14.0,12.5,581,8.8,18.0,8,805.20151683927,563.374,6.88080466041179,PQ20/20
0.091,30,35.1,2.406,34.8,25.0,1.03,26.0,23.5,425,14.3,32.0,75,2422.19919476895,2194.07,744.609420036857,PQ35/35
0.132,20,32.0,1.716,30.4,21.3,2.82,22.0,19.0,204,13.4,27.5,57,7432.1196296573,5454.45,489.230002650763,PQ32/30
0.154,120,32.0,0.994,30.4,21.3,5.04,22.0,19.0,149,13.4,27.5,19,4821.98571227009,2473.17,84.1870277826778,PQ32/30
0.074,500,20.5,0.145,16.2,10.3,0.76,14.0,12.5,476,8.8,18.0,6,12.8031797423436,150.619,19.808490327079998,PQ20/16
0.092,500,32.0,2.17,30.4,21.3,5.49,22.0,19.0,414,13.4,27.5,12,5371.00543164104,1194.2,18.001676894593402,PQ32/30
0.148,350,40.5,1.372,39.8,29.5,11.85,28.0,28.0,162,14.9,37.0,10,6831.85737939107,4479.58,22.409334917469298,PQ40/40
0.105,40,20.5,1.708,16.2,10.3,2.33,14.0,12.5,323,8.8,18.0,43,6157.1375569146,1073.6,126.848316681196,PQ20/16
0.094,180,26.5,1.198,24.8,16.1,3.34,19.0,15.5,397,12.0,22.5,22,6724.58240807516,3203.79,77.820291027933,PQ26/25
0.102,600,50.0,1.142,40.0,26.1,4.23,32.0,31.5,339,20.0,44.0,17,9373.442389583759,10228.0,124.09223544699,PQ50/40
0.102,10,16.4,1.961,11.6,6.7,2.17,11.2,9.6,338,7.0,14.4,51,3640.43517789092,493.508,103.255695496694,PQ16/11.6
0.089,150,32.0,1.181,30.4,21.3,0.9,22.0,19.0,443,13.4,27.5,40,1727.70798107546,958.718,324.011380828191,PQ32/30
0.2,50,40.5,1.234,39.8,29.5,5.69,28.0,28.0,50,14.9,37.0,26,1637.49818084069,1120.26,164.50588277569202,PQ40/40
0.165,400,65.0,0.937,60.0,42.0,6.69,45.0,40.8,129,26.0,55.0,12,4163.77384021148,7287.91,118.903406643847,PQ65/60
0.103,300,50.0,2.146,40.0,26.1,11.13,32.0,31.5,333,20.0,44.0,12,11274.1618707772,13078.2,36.9044458774741,PQ50/40
0.102,60,40.5,2.323,39.8,29.5,1.06,28.0,28.0,340,14.9,37.0,127,17641.592337615803,8584.38,2424.07850296816,PQ40/40
0.095,300,32.0,1.393,20.5,11.5,5.89,22.0,19.0,392,13.4,27.5,14,10313.7195582014,3036.9,33.6472301310674,PQ32/20
0.114,100,26.5,2.031,20.2,11.5,4.71,19.0,15.5,272,12.0,22.5,26,14230.9739121788,1464.43,68.3397433842316,PQ26/20
0.2,40,32.0,0.494,20.5,11.5,2.71,22.0,19.0,47,13.4,27.5,21,363.877721233842,237.082,182.98710591218997,PQ32/20
0.106,50,40.5,1.741,39.8,29.5,3.7,28.0,28.0,314,14.9,37.0,30,3131.74885306527,7896.79,167.988999235741,PQ40/40
0.081,50,16.4,1.685,11.6,6.7,1.2,11.2,9.6,535,7.0,14.4,41,2313.18503142693,188.185,75.7835350159554,PQ16/11.6
0.106,600,107.0,2.434,87.0,56.0,2.96,70.0,72.5,266,41.0,93.7,53,52257.9557283501,60396.8,2403.76726655728,PQ107/87
0.134,400,50.0,1.391,50.0,36.1,7.69,32.5,31.5,197,20.0,44.0,16,13639.2768497564,12863.699999999999,94.7984267195344,PQ50/50
0.09,50,26.5,2.256,20.2,11.5,1.73,19.0,15.5,436,12.0,22.5,37,2788.44315300899,494.167,126.495897315777,PQ26/20
0.081,100,16.4,1.632,11.6,6.7,2.91,11.2,9.6,540,7.0,14.4,18,2372.63760429151,243.566,14.9944946632848,PQ16/11.6
0.137,50,40.5,0.455,30.3,20.0,4.01,28.0,28.0,189,14.9,37.0,11,383.060733629198,3547.16,66.2362251229265,PQ40/30
0.111,40,107.0,0.625,87.0,56.0,3.55,70.0,72.5,287,41.0,93.7,11,779.807567587857,37440.7,330.139024106046,PQ107/87
0.091,120,20.5,1.842,20.2,14.3,2.83,14.0,12.5,430,8.8,18.0,21,2520.74313841498,553.771,29.652323487274103,PQ20/20
0.102,20,20.5,1.663,16.2,10.3,1.55,14.0,12.5,339,8.8,18.0,65,4887.04458631192,1272.31,296.574509490099,PQ20/16
0.131,350,35.1,1.666,34.8,25.0,14.46,26.0,23.5,206,14.3,32.0,11,16974.9168332074,8129.72,21.273941574001,PQ35/35
0.17,600,107.0,2.224,87.0,56.0,12.52,70.0,72.5,39,41.0,93.7,22,10069.7847138503,9369.310000000001,446.942346720842,PQ107/87
0.169,180,50.0,1.395,40.0,26.1,8.52,32.0,31.5,123,20.0,44.0,15,7852.44614375365,4598.28,82.00798146835051,PQ50/40
0.093,60,65.0,2.496,60.0,42.0,12.16,45.0,40.8,404,26.0,55.0,6,2863.7546468599703,5419.64,13.2603921903668,PQ65/60
0.101,20,16.4,2.413,11.6,6.7,2.24,11.2,9.6,348,7.0,14.4,69,14164.6281285771,772.34,158.32569748512,PQ16/11.6
0.118,100,40.5,2.376,30.3,20.0,13.8,28.0,28.0,255,14.9,37.0,10,4575.15584336239,3642.76,14.2953476160125,PQ40/30
0.082,250,26.5,2.224,24.8,16.1,4.29,19.0,15.5,520,12.0,22.5,15,4347.52262543719,985.922,21.870371833780702,PQ26/25
0.139,150,32.0,1.116,30.4,21.3,7.27,22.0,19.0,183,13.4,27.5,13,4101.8674328488,2724.86,35.8730594262397,PQ32/30
0.117,500,50.0,1.345,40.0,26.1,10.78,32.0,31.5,258,20.0,44.0,8,5426.60993628815,7049.04,23.996534370124998,PQ50/40
0.123,200,35.1,2.298,34.8,25.0,8.88,26.0,23.5,233,14.3,32.0,22,27530.8931587433,9172.75,66.4534755515584,PQ35/35
0.105,40,16.4,1.663,11.6,6.7,3.69,11.2,9.6,319,7.0,14.4,27,5193.36645001111,487.145,33.2172309403887,PQ16/11.6
0.101,250,26.5,1.638,24.8,16.1,5.59,19.0,15.5,349,12.0,22.5,17,11824.4523764945,2591.93,36.027482712971,PQ26/25
0.2,120,40.5,0.748,30.3,20.0,6.26,28.0,28.0,85,14.9,37.0,15,2864.41797529077,1952.11,81.0743367086597,PQ40/30
0.2,20,26.5,2.213,20.2,11.5,5.16,19.0,15.5,20,12.0,22.5,50,2284.58344326152,68.18390000000001,235.137542616036,PQ26/20
0.081,250,65.0,2.213,60.0,42.0,5.91,45.0,40.8,534,26.0,55.0,11,1821.5556105722599,8647.22,49.0571574572058,PQ65/60
0.085,200,16.4,0.621,11.6,6.7,2.12,11.2,9.6,490,7.0,14.4,9,355.895111627466,116.915,8.33233020039738,PQ16/11.6
0.121,80,26.5,0.445,24.8,16.1,1.11,19.0,15.5,242,12.0,22.5,34,1276.73768370113,1986.4,427.418611938755,PQ26/25
0.097,120,32.0,1.013,30.4,21.3,1.42,22.0,19.0,373,13.4,27.5,42,4041.22185097853,3713.92,404.491699907273,PQ32/30
0.08,600,32.0,1.577,20.5,11.5,3.44,22.0,19.0,555,13.4,27.5,13,5530.91058885195,853.72,26.1598391436174,PQ32/20
0.098,150,32.0,1.835,20.5,11.5,3.15,22.0,19.0,370,13.4,27.5,35,22165.5675718505,3187.26,167.19582499225,PQ32/20
0.094,80,26.5,1.389,20.2,11.5,1.44,19.0,15.5,397,12.0,22.5,55,10658.9653739578,2150.36,420.549481719507,PQ26/20
0.08,150,32.0,1.979,30.4,21.3,1.32,22.0,19.0,555,13.4,27.5,45,5125.208689178509,1879.51,272.023454596921,PQ32/30
0.111,250,32.0,0.384,30.4,21.3,1.94,22.0,19.0,234,13.4,27.5,17,706.179081629156,2798.23,149.502604996765,PQ32/30
0.135,10,32.0,1.512,30.4,21.3,2.23,22.0,19.0,194,13.4,27.5,65,4377.57091165046,4927.32,703.342698344544,PQ32/30
0.104,80,26.5,1.925,20.2,11.5,2.85,19.0,15.5,324,12.0,22.5,39,14007.9757748902,1760.67,160.859424941473,PQ26/20
0.09,500,35.1,0.867,34.8,25.0,1.52,26.0,23.5,435,14.3,32.0,17,1007.5553259545001,1035.93,85.3105026276588,PQ35/35
0.151,60,50.0,1.865,40.0,26.1,17.86,32.0,31.5,155,20.0,44.0,10,6101.28459667096,9174.91,28.733860775513598,PQ50/40
0.133,250,32.0,1.088,30.4,21.3,7.75,22.0,19.0,200,13.4,27.5,12,5951.79583985609,3248.6600000000003,31.183272160945698,PQ32/30
0.12,80,32.0,0.814,30.4,21.3,1.66,22.0,19.0,244,13.4,27.5,43,4019.1586948784097,4336.0,507.483537220466,PQ32/30
0.085,30,16.4,1.634,11.6,6.7,2.66,11.2,9.6,485,7.0,14.4,18,800.3542311709069,155.936,14.9941836377361,PQ16/11.6
0.08,500,32.0,2.02,20.5,11.5,4.09,22.0,19.0,557,13.4,27.5,14,7863.66708471136,955.24,24.7047055599659,PQ32/20
0.145,60,26.5,1.928,24.8,16.1,4.81,19.0,15.5,169,12.0,22.5,34,16480.329140834598,1994.15,126.267328182003,PQ26/25
0.096,100,16.4,0.63,11.6,6.7,2.65,11.2,9.6,379,7.0,14.4,14,1036.6884386315,416.985,19.9215896679132,PQ16/11.6
0.191,30,32.0,1.448,20.5,11.5,5.58,22.0,19.0,97,13.4,27.5,31,10577.8226151428,1441.49,159.747573034217,PQ32/20
0.117,500,35.1,1.296,34.8,25.0,10.84,26.0,23.5,257,14.3,32.0,7,3598.41370946359,2958.53,10.4891280419506,PQ35/35
0.078,120,35.1,2.365,34.8,25.0,6.45,26.0,23.5,573,14.3,32.0,11,1591.76674370201,3136.09,16.2214142445033,PQ35/35
0.095,150,40.5,2.012,30.3,20.0,5.0,28.0,28.0,391,14.9,37.0,26,11878.4652139802,9515.75,109.93075552968699,PQ40/30
0.093,180,16.4,0.445,11.6,6.7,1.65,11.2,9.6,404,7.0,14.4,8,134.301867090616,65.206,8.71272490537611,PQ16/11.6
0.088,50,32.0,2.37,20.5,11.5,0.5,22.0,19.0,455,13.4,27.5,133,9445.02347617453,691.827,1953.42880724983,PQ32/20
0.086,150,20.5,1.643,20.2,14.3,2.56,14.0,12.5,481,8.8,18.0,20,2256.35695702295,576.768,29.4391029715222,PQ20/20
0.083,150,20.5,1.519,16.2,10.3,2.37,14.0,12.5,510,8.8,18.0,19,2036.59177829374,384.124,27.263892040122,PQ20/16
0.182,20,32.0,1.533,20.5,11.5,1.83,22.0,19.0,107,13.4,27.5,72,9126.73025495661,767.838,821.578672526848,PQ32/20
0.084,60,20.5,1.033,20.2,14.3,0.6,14.0,12.5,504,8.8,18.0,54,1035.69449495773,482.825,308.869651470326,PQ20/20
0.158,20,20.5,0.713,16.2,10.3,1.72,14.0,12.5,141,8.8,18.0,38,1329.35783102141,489.13,202.489016580071,PQ20/16
0.123,250,26.5,0.499,20.2,11.5,4.73,19.0,15.5,232,12.0,22.5,10,2322.66874477014,2043.1,33.3026705673578,PQ26/20
0.091,600,32.0,2.112,30.4,21.3,7.14,22.0,19.0,423,13.4,27.5,9,4614.03902126816,1225.12,10.3476218618112,PQ32/30
0.106,350,26.5,1.251,24.8,16.1,7.59,19.0,15.5,312,12.0,22.5,10,6299.88300405914,2055.31,15.521254205661801,PQ26/25
0.08,80,26.5,1.583,24.8,16.1,0.62,19.0,15.5,558,12.0,22.5,80,4902.75691118684,1165.11,820.128273382916,PQ26/25
0.121,50,40.5,1.365,30.3,20.0,1.43,28.0,28.0,241,14.9,37.0,91,14150.033182177101,8569.25,1827.23495777792,PQ40/30
0.118,600,50.0,1.904,50.0,36.1,11.29,32.5,31.5,255,20.0,44.0,10,10556.9956057997,8638.3,28.785301410753,PQ50/50
0.18,150,40.5,1.172,30.3,20.0,6.72,28.0,28.0,109,14.9,37.0,15,4302.53697800953,1428.66,56.0867297912734,PQ40/30
0.098,350,32.0,0.941,20.5,11.5,5.25,22.0,19.0,371,13.4,27.5,11,4882.67194830646,2553.1600000000003,28.830875276524,PQ32/20
0.2,60,50.0,1.407,50.0,36.1,12.13,32.5,31.5,25,20.0,44.0,15,1447.06554838427,776.726,82.5970769229494,PQ50/50
0.106,400,40.5,1.78,30.3,20.0,12.5,28.0,28.0,315,14.9,37.0,9,8396.52890964087,5642.4,14.501475686362301,PQ40/30
0.151,40,35.1,2.435,34.8,25.0,3.0,26.0,23.5,155,14.3,32.0,73,23139.898870156,5215.58,699.543471535087,PQ35/35
0.2,20,32.0,2.49,20.5,11.5,5.17,22.0,19.0,80,13.4,27.5,62,34692.478564597004,1514.37,407.647577070885,PQ32/20
0.144,20,20.5,1.491,16.2,10.3,3.46,14.0,12.5,171,8.8,18.0,37,4838.90082691797,845.445,105.027531400327,PQ20/16
0.091,250,20.5,0.43,16.2,10.3,1.82,14.0,12.5,424,8.8,18.0,7,112.007951720703,151.621,10.4920661556264,PQ20/16
0.1,30,26.5,2.0,20.2,11.5,1.29,19.0,15.5,351,12.0,22.5,98,17000.929460578,2631.71,982.931146951203,PQ26/20
0.093,400,35.1,2.292,34.8,25.0,4.87,26.0,23.5,408,14.3,32.0,14,4283.4309178167005,1607.37,26.927000158767,PQ35/35
0.1,40,20.5,1.811,20.2,14.3,1.89,14.0,12.5,354,8.8,18.0,57,7440.47862253587,1931.92,221.453855811773,PQ20/20
0.149,300,50.0,0.435,50.0,36.1,2.45,32.5,31.5,159,20.0,44.0,17,1215.4298881829,6431.97,282.119054097115,PQ50/50
0.2,50,32.0,0.898,30.4,21.3,5.44,22.0,19.0,58,13.4,27.5,19,1218.89967940518,663.774,91.5062636280258,PQ32/30
0.082,250,26.5,1.947,24.8,16.1,2.41,19.0,15.5,528,12.0,22.5,25,6689.99273908158,1140.1,67.7366417717006,PQ26/25
0.142,150,32.0,1.219,30.4,21.3,6.27,22.0,19.0,175,13.4,27.5,17,6635.92619132371,2876.42,57.0905322127488,PQ32/30
0.196,80,40.5,1.117,39.8,29.5,8.26,28.0,28.0,92,14.9,37.0,17,3967.1241672152,3665.43,76.0204145785202,PQ40/40
0.091,300,32.0,1.698,20.5,11.5,2.98,22.0,19.0,425,13.4,27.5,17,4538.44360771657,622.178,42.0584861744125,PQ32/20
0.153,150,35.1,1.782,34.8,25.0,10.75,26.0,23.5,151,14.3,32.0,15,10335.3246653809,4135.55,37.5794399680735,PQ35/35
0.1,10,32.0,0.523,20.5,11.5,2.74,22.0,19.0,351,13.4,27.5,11,678.230851224342,1562.45,47.693461529729994,PQ32/20
0.099,20,40.5,2.024,39.8,29.5,9.31,28.0,28.0,363,14.9,37.0,14,6745.38902087348,11615.6,32.645385657042304,PQ40/40
0.112,180,26.5,1.388,20.2,11.5,6.08,19.0,15.5,280,12.0,22.5,13,5730.21383113699,1128.88,23.504248610284403,PQ26/20
0.175,40,26.5,2.199,20.2,11.5,6.36,19.0,15.5,115,12.0,22.5,30,15815.1750127199,794.688,85.0741432585167,PQ26/20
0.077,600,26.5,1.988,20.2,11.5,6.07,19.0,15.5,598,12.0,22.5,10,8054.25758234702,1008.35,10.283715457132,PQ26/20
0.122,20,20.5,2.162,20.2,14.3,2.66,14.0,12.5,237,8.8,18.0,72,14424.8746879459,2850.73,307.313892992041,PQ20/20
0.136,600,40.5,1.231,39.8,29.5,14.38,28.0,28.0,191,14.9,37.0,8,8674.97348055135,6884.69,15.6143796672264,PQ40/40
0.092,350,32.0,1.978,30.4,21.3,7.49,22.0,19.0,419,13.4,27.5,8,2235.69771648844,1137.6,8.60516546283262,PQ32/30
0.144,250,26.5,0.474,24.8,16.1,7.52,19.0,15.5,171,12.0,22.5,6,1036.586134342,1447.6599999999999,12.6184339999871,PQ26/25
0.122,250,35.1,0.873,34.8,25.0,4.12,26.0,23.5,238,14.3,32.0,18,4486.39166218951,5498.5,95.2589291922182,PQ35/35
0.2,80,40.5,1.684,39.8,29.5,13.98,28.0,28.0,26,14.9,37.0,14,1333.9982760990201,376.664,37.5576983628469,PQ40/40
0.091,50,32.0,2.088,20.5,11.5,1.69,22.0,19.0,430,13.4,27.5,36,2432.4391769426697,655.259,158.90790276416,PQ32/20
0.083,20,26.5,2.257,20.2,11.5,5.47,19.0,15.5,509,12.0,22.5,12,2063.33954877295,687.488,13.3149031176436,PQ26/20
0.2,60,26.5,0.809,20.2,11.5,6.71,19.0,15.5,62,12.0,22.5,15,2014.49414696184,428.934,49.4058150896807,PQ26/20
0.104,150,40.5,0.813,39.8,29.5,5.21,28.0,28.0,325,14.9,37.0,10,710.354455934868,5450.11,33.8418277295645,PQ40/40
0.079,80,20.5,0.492,16.2,10.3,0.53,14.0,12.5,568,8.8,18.0,28,196.935704423324,287.03299999999996,149.731805182054,PQ20/16
0.099,200,35.1,1.319,34.8,25.0,2.23,26.0,23.5,363,14.3,32.0,35,7559.04451217112,5749.67,258.780667965525,PQ35/35
0.131,40,107.0,1.658,87.0,56.0,10.23,70.0,72.5,206,41.0,93.7,15,7209.77867071924,82394.1,265.732551019967,PQ107/87
0.107,60,20.5,1.268,16.2,10.3,3.17,14.0,12.5,308,8.8,18.0,25,3575.64480800673,1012.07,54.7040964333079,PQ20/16
0.093,350,40.5,1.522,30.3,20.0,2.58,28.0,28.0,408,14.9,37.0,17,2090.7773130033397,1031.69,58.4746966447476,PQ40/30
0.094,200,26.5,0.453,20.2,11.5,2.42,19.0,15.5,399,12.0,22.5,11,664.123406884792,1521.71,43.795697447727,PQ26/20
0.155,180,40.5,2.106,30.3,20.0,14.23,28.0,28.0,146,14.9,37.0,13,14255.8132986745,3579.47,26.552639399589303,PQ40/30
0.101,50,32.0,1.966,20.5,11.5,2.57,22.0,19.0,343,13.4,27.5,49,13259.1752204269,3395.52,309.543352562522,PQ32/20
0.16,200,26.5,0.451,24.8,16.1,5.52,19.0,15.5,138,12.0,22.5,7,705.828221641992,735.141,17.9085506148344,PQ26/25
0.103,400,40.5,1.843,39.8,29.5,8.07,28.0,28.0,333,14.9,37.0,13,7673.56412650271,6759.9,30.198166123634802,PQ40/40
0.2,50,40.5,1.496,39.8,29.5,8.06,28.0,28.0,85,14.9,37.0,21,4382.12778818428,2869.06,92.5648071930947,PQ40/40
0.198,180,107.0,2.246,87.0,56.0,7.01,70.0,72.5,90,41.0,93.7,37,42542.4186383734,36290.4,1253.93416785221,PQ107/87
0.087,350,26.5,2.381,20.2,11.5,5.57,19.0,15.5,463,12.0,22.5,13,8081.19995731889,675.86,14.9321659883191,PQ26/20
0.089,400,32.0,1.752,30.4,21.3,6.22,22.0,19.0,441,13.4,27.5,8,1743.89759934434,990.853,9.46516683186821,PQ32/30
0.091,100,16.4,1.961,11.6,6.7,3.41,11.2,9.6,422,7.0,14.4,17,2532.83618779,132.159,11.470040689673,PQ16/11.6
0.117,100,32.0,2.415,20.5,11.5,4.99,22.0,19.0,258,13.4,27.5,31,24050.0540899777,2203.95,104.526677668608,PQ32/20
0.13,50,16.4,0.382,11.6,6.7,2.41,11.2,9.6,210,7.0,14.4,14,465.947664497078,333.097,30.3813701887264,PQ16/11.6
0.096,120,32.0,1.988,20.5,11.5,2.67,22.0,19.0,383,13.4,27.5,45,26281.5699327644,3585.7999999999997,258.688823520079,PQ32/20
0.145,600,50.0,1.596,50.0,36.1,14.03,32.5,31.5,169,20.0,44.0,10,16556.2353582524,10337.5,33.1589197006033,PQ50/50
0.109,350,26.5,0.819,24.8,16.1,4.73,19.0,15.5,298,12.0,22.5,10,2561.68378402503,1356.38,22.0187062649343,PQ26/25
0.144,30,20.5,1.313,16.2,10.3,3.67,14.0,12.5,170,8.8,18.0,31,4644.76048688641,801.992,81.80740668358621,PQ20/16
0.114,20,32.0,1.079,20.5,11.5,0.57,22.0,19.0,270,13.4,27.5,107,2976.5139310177096,1210.08,2430.95099944596,PQ32/20
0.156,50,50.0,1.844,40.0,26.1,13.98,32.0,31.5,145,20.0,44.0,12,5236.5561219851,7046.03,41.7649156175439,PQ50/40
0.142,60,35.1,1.466,34.8,25.0,3.31,26.0,23.5,176,14.3,32.0,40,7676.76477993067,4898.01,310.990016091266,PQ35/35
0.091,50,16.4,2.13,11.6,6.7,1.88,11.2,9.6,428,7.0,14.4,32,2590.13876844359,124.24000000000001,37.8843580609134,PQ16/11.6
0.2,500,107.0,2.109,87.0,56.0,11.82,70.0,72.5,34,41.0,93.7,23,12286.043293329,7935.8,510.589514895333,PQ107/87
0.084,150,26.5,1.525,24.8,16.1,2.91,19.0,15.5,503,12.0,22.5,15,1394.54797047158,750.807,29.673668899625,PQ26/25
0.084,20,26.5,2.27,24.8,16.1,5.38,19.0,15.5,497,12.0,22.5,13,2097.34406521185,1077.61,16.1508650864034,PQ26/25
0.2,30,16.4,0.3,11.6,6.7,3.49,11.2,9.6,32,7.0,14.4,10,66.9354323966624,19.8368,19.0658437102347,PQ16/11.6
0.19,200,50.0,1.229,40.0,26.1,13.02,32.0,31.5,98,20.0,44.0,12,10743.5164946128,6652.2699999999995,58.276170190583194,PQ50/40
0.11,50,20.5,2.269,16.2,10.3,3.87,14.0,12.5,291,8.8,18.0,33,8741.99561733725,920.868,59.1896501095497,PQ20/16
0.2,40,32.0,1.491,30.4,21.3,5.3,22.0,19.0,67,13.4,27.5,34,6075.07062466943,1257.95,194.537096364618,PQ32/30
0.078,350,20.5,0.711,16.2,10.3,3.76,14.0,12.5,574,8.8,18.0,6,413.219669734455,387.289,5.05372135090128,PQ20/16
0.145,200,65.0,0.794,60.0,42.0,2.95,45.0,40.8,167,26.0,55.0,26,4102.49376101782,15006.5,643.2222847448361,PQ65/60
0.081,200,40.5,2.459,30.3,20.0,3.57,28.0,28.0,541,14.9,37.0,21,4204.63162215714,2682.37,61.4278382157928,PQ40/30
0.116,150,26.5,1.09,24.8,16.1,5.62,19.0,15.5,263,12.0,22.5,12,2716.0005340276603,1481.44,25.0321482865993,PQ26/25
0.149,200,50.0,2.193,40.0,26.1,9.15,32.0,31.5,158,20.0,44.0,21,26027.7975399721,8146.969999999999,111.194922667997,PQ50/40
0.133,600,50.0,1.981,40.0,26.1,19.23,32.0,31.5,200,20.0,44.0,9,27870.1787152524,11865.8,22.1649469637073,PQ50/40
0.08,80,16.4,1.838,11.6,6.7,3.42,11.2,9.6,553,7.0,14.4,16,1864.58891410168,215.589,10.7348971752353,PQ16/11.6
0.152,60,26.5,2.042,20.2,11.5,7.98,19.0,15.5,152,12.0,22.5,24,19358.3880760591,1564.97,57.9739224918426,PQ26/20
0.17,500,65.0,1.05,60.0,42.0,8.06,45.0,40.8,122,26.0,55.0,12,7473.89766087101,8274.71,108.043527673156,PQ65/60
0.2,40,35.1,0.415,34.8,25.0,4.88,26.0,23.5,78,14.3,32.0,10,260.114427095651,1192.19,54.7244954692531,PQ35/35
0.124,200,35.1,2.104,34.8,25.0,9.23,26.0,23.5,231,14.3,32.0,20,23185.1177120121,9216.42,58.7792864737696,PQ35/35
0.079,80,35.1,1.445,34.8,25.0,0.55,26.0,23.5,568,14.3,32.0,84,2546.16967358585,2685.4,1386.09371016468,PQ35/35
0.078,10,26.5,1.776,20.2,11.5,1.47,19.0,15.5,583,12.0,22.5,37,1269.21461986845,922.125,154.872507493603,PQ26/20
0.124,80,32.0,1.191,20.5,11.5,3.77,22.0,19.0,231,13.4,27.5,28,9381.34500049245,3065.51,153.354840201305,PQ32/20
0.152,50,50.0,1.547,40.0,26.1,14.35,32.0,31.5,153,20.0,44.0,10,3944.35093881761,7499.92,33.451516738640606,PQ50/40
0.115,600,50.0,0.477,50.0,36.1,4.22,32.5,31.5,106,20.0,44.0,10,256.90969121511597,2588.25,90.1981309010529,PQ50/50
0.088,40,20.5,2.25,20.2,14.3,1.0,14.0,12.5,452,8.8,18.0,67,3114.82780521452,550.104,257.66896987196,PQ20/20
0.141,250,50.0,1.032,50.0,36.1,5.65,32.5,31.5,178,20.0,44.0,16,4696.71094267963,8988.4,120.777610730669,PQ50/50
0.18,10,32.0,1.072,30.4,21.3,6.15,22.0,19.0,109,13.4,27.5,15,1650.65645911775,1082.8899999999999,49.3562204985006,PQ32/30
0.096,20,32.0,1.148,20.5,11.5,5.12,22.0,19.0,386,13.4,27.5,13,1861.58995622528,2568.87,34.0832295893334,PQ32/20
0.2,120,40.5,0.553,30.3,20.0,4.34,28.0,28.0,63,14.9,37.0,15,778.029226415906,848.797,104.380053659215,PQ40/30
0.087,50,16.4,1.52,11.6,6.7,1.78,11.2,9.6,469,7.0,14.4,25,1250.3061918477201,142.66,30.6829782126416,PQ16/11.6
0.089,400,40.5,1.496,30.3,20.0,2.08,28.0,28.0,443,14.9,37.0,23,3753.04603026461,1562.8,108.398613361638,PQ40/30
0.2,100,50.0,1.522,50.0,36.1,5.87,32.5,31.5,82,20.0,44.0,31,12491.2656948706,5884.41,331.155423333906,PQ50/50
0.084,180,20.5,1.306,20.2,14.3,2.4,14.0,12.5,495,8.8,18.0,16,1224.9605058091,451.868,22.5463035074801,PQ20/20
0.067,250,26.5,0.931,20.2,11.5,0.79,19.0,15.5,587,12.0,22.5,35,1499.5947752749,641.993,238.35860055935,PQ26/20
0.159,40,40.5,0.716,39.8,29.5,3.4,28.0,28.0,139,14.9,37.0,20,721.883783088673,3031.7,150.26941296661,PQ40/40
0.106,60,40.5,1.793,39.8,29.5,3.91,28.0,28.0,317,14.9,37.0,27,3001.06066730476,6639.2,133.047363298997,PQ40/40
0.11,250,32.0,1.405,20.5,11.5,6.78,22.0,19.0,294,13.4,27.5,12,7305.47003225332,1700.11,24.5329468600351,PQ32/20
0.086,200,20.5,0.615,20.2,14.3,1.32,14.0,12.5,481,8.8,18.0,14,300.804760495102,300.937,31.4745779179729,PQ20/20
0.104,80,26.5,0.807,24.8,16.1,1.2,19.0,15.5,329,12.0,22.5,38,2084.73413039881,1511.05,321.801339287252,PQ26/25
0.137,120,40.5,2.327,39.8,29.5,10.45,28.0,28.0,189,14.9,37.0,21,16406.685714904,10415.5,66.2415899761743,PQ40/40
0.083,250,20.5,1.324,20.2,14.3,3.01,14.0,12.5,507,8.8,18.0,13,1427.6659258926102,482.792,14.7316765159732,PQ20/20
0.092,120,20.5,2.153,16.2,10.3,3.7,14.0,12.5,420,8.8,18.0,18,3207.75430635954,362.661,18.3867205675278,PQ20/16
0.098,30,26.5,2.298,20.2,11.5,5.0,19.0,15.5,367,12.0,22.5,28,7230.74191461988,2742.67,71.4002134256347,PQ26/20
0.127,30,20.5,1.116,20.2,14.3,2.86,14.0,12.5,220,8.8,18.0,34,3154.63566252821,1631.8600000000001,115.288530598591,PQ20/20
0.088,150,20.5,2.057,16.2,10.3,3.75,14.0,12.5,456,8.8,18.0,17,3455.41833204117,408.963,17.0302210662398,PQ20/16
0.126,200,35.1,1.758,34.8,25.0,9.79,26.0,23.5,223,14.3,32.0,17,16509.9811990775,9492.31,48.7551431596206,PQ35/35
0.149,50,35.1,2.461,34.8,25.0,8.81,26.0,23.5,158,14.3,32.0,25,11117.2536674796,5364.14,81.3908174393097,PQ35/35
0.092,120,20.5,0.591,16.2,10.3,0.95,14.0,12.5,420,8.8,18.0,19,292.023969793221,183.192,59.1045391656838,PQ20/16
0.158,600,50.0,0.617,40.0,26.1,7.89,32.0,31.5,135,20.0,44.0,7,2112.77080861897,3730.16,35.4690144129888,PQ50/40
0.111,30,20.5,1.595,20.2,14.3,3.51,14.0,12.5,288,8.8,18.0,29,3018.12015303481,1467.7199999999998,63.3613730664898,PQ20/20
0.109,600,40.5,1.406,39.8,29.5,7.64,28.0,28.0,297,14.9,37.0,11,6281.82067537358,5253.4,26.5951211086474,PQ40/40
0.077,200,50.0,2.156,50.0,36.1,1.36,32.5,31.5,593,20.0,44.0,45,4507.8593030990205,6175.19,528.803623678764,PQ50/50
0.197,80,40.5,2.459,39.8,29.5,9.93,28.0,28.0,91,14.9,37.0,28,22564.8673823732,4494.6,112.972388373241,PQ40/40
0.123,80,32.0,2.219,20.5,11.5,4.86,22.0,19.0,232,13.4,27.5,42,45679.4656654648,4442.05,205.861217117276,PQ32/20
0.106,250,107.0,2.056,87.0,56.0,16.4,70.0,72.5,315,41.0,93.7,8,5217.653699238989,74020.2,63.0007168307759,PQ107/87
0.167,300,65.0,1.918,60.0,42.0,6.26,45.0,40.8,127,26.0,55.0,26,26991.4607244807,9498.36,308.129014548746,PQ65/60
0.135,180,26.5,0.406,20.2,11.5,3.17,19.0,15.5,194,12.0,22.5,12,1307.33537620913,1326.42,57.4443811926994,PQ26/20
0.081,300,20.5,0.76,16.2,10.3,2.14,14.0,12.5,537,8.8,18.0,10,528.205416156442,261.47,13.2972675331938,PQ20/16
0.18,40,20.5,0.447,20.2,14.3,2.43,14.0,12.5,109,8.8,18.0,17,386.172813778992,330.645,60.5139297293668,PQ20/20
0.111,80,50.0,2.019,40.0,26.1,8.52,32.0,31.5,287,20.0,44.0,15,4657.57461670847,10106.4,60.623064250180406,PQ50/40
0.2,50,35.1,2.41,34.8,25.0,9.09,26.0,23.5,38,14.3,32.0,30,4395.84677714862,698.688,119.181419106968,PQ35/35
0.2,400,107.0,0.879,87.0,56.0,10.88,70.0,72.5,60,41.0,93.7,10,2252.47466756537,14478.5,203.80475103747202,PQ107/87
0.084,20,40.5,0.898,39.8,29.5,1.48,28.0,28.0,502,14.9,37.0,19,332.508745203479,1908.14,112.748109903451,PQ40/40
0.1,600,40.5,2.07,30.3,20.0,11.69,28.0,28.0,353,14.9,37.0,10,14409.8550639279,5664.63,15.9149461183229,PQ40/30
0.101,180,32.0,1.469,20.5,11.5,6.78,22.0,19.0,349,13.4,27.5,14,8457.31594703063,3162.48,32.1598103268297,PQ32/20
0.199,120,40.5,0.973,30.3,20.0,7.77,28.0,28.0,89,14.9,37.0,15,4697.95423457624,2116.6,65.2871940550214,PQ40/30
0.111,500,65.0,1.242,60.0,42.0,4.48,45.0,40.8,289,26.0,55.0,16,5589.43224016146,12617.0,166.588863345501,PQ65/60
0.095,150,50.0,2.397,50.0,36.1,3.27,32.5,31.5,393,20.0,44.0,46,20951.1199193346,25105.6,509.810313720858,PQ50/50
0.101,180,35.1,1.149,34.8,25.0,1.86,26.0,23.5,345,14.3,32.0,35,4713.54384154463,4350.19,288.391973257262,PQ35/35
0.14,500,40.5,1.447,39.8,29.5,14.42,28.0,28.0,180,14.9,37.0,9,10278.959199181,6182.299999999999,17.4176149321837,PQ40/40
0.134,50,26.5,0.947,20.2,11.5,5.97,19.0,15.5,197,12.0,22.5,14,2336.24723094174,1578.43,37.6379072670536,PQ26/20
0.1,40,20.5,0.264,16.2,10.3,0.53,14.0,12.5,353,8.8,18.0,31,136.969858951529,654.97,313.015379364658,PQ20/16
0.077,120,20.5,0.712,20.2,14.3,1.26,14.0,12.5,588,8.8,18.0,17,292.155813022229,462.698,41.2190535887572,PQ20/20
0.062,200,26.5,0.304,24.8,16.1,0.52,19.0,15.5,174,12.0,22.5,55,114.085533318814,1247.49,1558.27703546326,PQ26/25
0.109,30,26.5,2.235,24.8,16.1,1.65,19.0,15.5,296,12.0,22.5,80,11969.4482108754,2356.59,619.7125357887039,PQ26/25
0.11,350,32.0,1.206,30.4,21.3,7.63,22.0,19.0,293,13.4,27.5,10,4683.21649255544,3161.08,19.9234743708251,PQ32/30
0.079,600,32.0,1.337,20.5,11.5,4.33,22.0,19.0,571,13.4,27.5,9,3022.19358656297,898.575,14.3754219301013,PQ32/20
0.101,100,20.5,0.871,20.2,14.3,3.02,14.0,12.5,349,8.8,18.0,17,1428.60843554545,1199.9,35.0391278733242,PQ20/20
0.2,40,32.0,0.245,30.4,21.3,2.84,22.0,19.0,41,13.4,27.5,10,54.3063134887203,216.66,76.5170258033378,PQ32/30
0.1,300,32.0,2.344,30.4,21.3,7.74,22.0,19.0,354,13.4,27.5,18,21479.599724491203,5522.09,38.1518210353722,PQ32/30
0.108,20,32.0,1.118,20.5,11.5,3.58,22.0,19.0,300,13.4,27.5,18,1302.96886840499,1581.35,66.7843627657505,PQ32/20
0.2,150,40.5,0.593,39.8,29.5,4.65,28.0,28.0,32,14.9,37.0,15,247.441066212282,327.982,98.7873721733949,PQ40/40
0.08,600,26.5,2.237,24.8,16.1,7.03,19.0,15.5,554,12.0,22.5,10,8401.2701151371,1372.81,9.67757247463812,PQ26/25
0.2,60,50.0,1.826,40.0,26.1,5.24,32.0,31.5,36,20.0,44.0,45,4898.63429480415,1337.36,592.134719121107,PQ50/40
0.151,10,40.5,2.164,30.3,20.0,1.68,28.0,28.0,155,14.9,37.0,124,10791.9937465733,5115.62,2365.27220503873,PQ40/30
0.091,60,20.5,2.06,16.2,10.3,3.22,14.0,12.5,423,8.8,18.0,20,1796.43643789953,368.867,23.5499413265087,PQ20/16
0.079,500,32.0,1.579,30.4,21.3,3.1,22.0,19.0,572,13.4,27.5,16,4392.480037590391,1942.19,41.1088345184228,PQ32/30
0.085,30,16.4,1.783,11.6,6.7,0.8,11.2,9.6,491,7.0,14.4,63,2254.78613987304,150.405,170.68871179717,PQ16/11.6
0.188,600,107.0,1.234,87.0,56.0,6.01,70.0,72.5,100,41.0,93.7,24,28821.4972394186,35892.4,875.365193338961,PQ107/87
0.184,50,32.0,1.571,30.4,21.3,4.48,22.0,19.0,104,13.4,27.5,30,6124.88665840104,1199.16,145.137107535309,PQ32/30
0.106,300,26.5,1.077,20.2,11.5,6.24,19.0,15.5,312,12.0,22.5,11,6222.92682019897,1654.89,20.838524668943702,PQ26/20
0.109,300,40.5,1.661,39.8,29.5,5.93,28.0,28.0,297,14.9,37.0,16,5804.81864192826,5158.56,49.4874844079314,PQ40/40
0.142,200,40.5,1.229,30.3,20.0,6.28,28.0,28.0,174,14.9,37.0,17,7188.4686199528,3552.1,69.415440535688,PQ40/30
0.117,180,35.1,2.378,34.8,25.0,4.78,26.0,23.5,259,14.3,32.0,28,14819.175565914,3908.97,104.809818526558,PQ35/35
0.096,100,26.5,2.001,24.8,16.1,2.49,19.0,15.5,385,12.0,22.5,47,18825.8044189882,3487.0,234.16211874306902,PQ26/25
0.084,500,32.0,2.07,20.5,11.5,4.94,22.0,19.0,506,13.4,27.5,12,7207.95463422645,826.139,17.7881691117588,PQ32/20
0.157,10,20.5,1.103,20.2,14.3,2.73,14.0,12.5,144,8.8,18.0,39,1908.79568252467,964.597,153.153722119207,PQ20/20
0.108,350,40.5,1.813,30.3,20.0,14.66,28.0,28.0,305,14.9,37.0,7,4975.30486927257,4025.5,8.63987854265971,PQ40/30
0.2,60,65.0,1.329,60.0,42.0,15.33,45.0,40.8,53,26.0,55.0,11,2556.76196038377,4556.219999999999,74.5788037071192,PQ65/60
0.153,10,16.4,2.112,11.6,6.7,3.09,11.2,9.6,151,7.0,14.4,60,9804.63017779236,359.532,134.259954787506,PQ16/11.6
0.137,180,65.0,0.442,60.0,42.0,2.99,45.0,40.8,189,26.0,55.0,13,508.14855323613693,11873.900000000001,266.214244507604,PQ65/60
0.122,500,65.0,1.848,60.0,42.0,7.44,45.0,40.8,237,26.0,55.0,23,43735.3966403274,36659.2,248.680624205298,PQ65/60
0.107,300,32.0,0.831,20.5,11.5,4.29,22.0,19.0,306,13.4,27.5,11,2728.23953633997,1389.14,32.021616547722395,PQ32/20
0.08,10,50.0,1.432,50.0,36.1,4.32,32.5,31.5,554,20.0,44.0,10,3569.2817248488,5060.04,36.108397057395294,PQ50/50
0.121,30,32.0,1.378,30.4,21.3,3.59,22.0,19.0,241,13.4,27.5,33,3840.13371325537,5303.09,195.136894138166,PQ32/30
0.2,80,40.5,1.841,30.3,20.0,13.58,28.0,28.0,55,14.9,37.0,16,5041.47199727358,1170.75,44.6543703378903,PQ40/30
0.104,200,20.5,0.411,20.2,14.3,2.71,14.0,12.5,329,8.8,18.0,9,342.147748682573,756.2950000000001,18.1587450969929,PQ20/20
0.066,600,50.0,0.754,50.0,36.1,1.86,32.5,31.5,193,20.0,44.0,37,886.698777111095,10042.9,838.4497885390849,PQ50/50
0.128,50,65.0,1.751,60.0,42.0,16.12,45.0,40.8,214,26.0,55.0,10,6561.43997749986,29016.7,49.0989986034475,PQ65/60
0.192,80,35.1,1.872,34.8,25.0,11.81,26.0,23.5,96,14.3,32.0,18,11708.4629131507,3323.54,52.1206081320398,PQ35/35
0.198,200,40.5,0.929,30.3,20.0,12.5,28.0,28.0,90,14.9,37.0,9,4375.54692339044,2161.0299999999997,24.4132918765191,PQ40/30
0.143,60,40.5,1.637,39.8,29.5,12.97,28.0,28.0,173,14.9,37.0,11,3271.21618737501,5715.28,23.6888603125805,PQ40/40
0.109,40,20.5,0.515,16.2,10.3,3.09,14.0,12.5,297,8.8,18.0,10,245.769373679608,554.147,18.3746420932125,PQ20/16
0.14,40,20.5,0.738,16.2,10.3,3.28,14.0,12.5,181,8.8,18.0,20,1452.6833472352,730.76,54.5487469172086,PQ20/16
0.078,100,20.5,1.184,20.2,14.3,1.95,14.0,12.5,580,8.8,18.0,18,699.89453936114,580.217,30.8179584118113,PQ20/20
0.127,400,50.0,1.904,50.0,36.1,10.06,32.5,31.5,218,20.0,44.0,16,22371.4702159054,16244.0,73.7543131635205,PQ50/50
0.088,200,26.5,1.658,24.8,16.1,1.76,19.0,15.5,453,12.0,22.5,27,3642.61401656432,646.267,89.9366648382523,PQ26/25
0.2,120,35.1,0.878,34.8,25.0,11.53,26.0,23.5,63,14.3,32.0,9,1269.65757307301,1131.93,23.7310195490851,PQ35/35
0.084,200,26.5,1.651,24.8,16.1,4.85,19.0,15.5,499,12.0,22.5,10,1513.4963227670598,816.899,12.3793493756885,PQ26/25
0.2,60,40.5,0.544,30.3,20.0,2.91,28.0,28.0,59,14.9,37.0,22,520.7446997649649,745.4549999999999,227.752912317339,PQ40/30
0.117,350,40.5,0.524,30.3,20.0,3.34,28.0,28.0,151,14.9,37.0,15,865.811439902449,2385.76,109.195114926465,PQ40/30
0.2,80,50.0,1.959,40.0,26.1,7.68,32.0,31.5,60,20.0,44.0,29,9673.849606274309,2550.93,232.4287362886,PQ50/40
0.103,120,40.5,0.564,39.8,29.5,2.33,28.0,28.0,333,14.9,37.0,15,357.993593966685,4373.28,102.68891805907,PQ40/40
0.174,40,32.0,1.747,30.4,21.3,3.51,22.0,19.0,117,13.4,27.5,43,8802.84655533782,1617.98,274.482334619458,PQ32/30
0.149,10,26.5,2.294,24.8,16.1,1.39,19.0,15.5,160,12.0,22.5,159,22715.8113728327,2728.85,2397.34650523559,PQ26/25
0.053,600,40.5,1.794,30.3,20.0,1.26,28.0,28.0,564,14.9,37.0,44,2930.12372993143,2469.47,344.344077252703,PQ40/30
0.077,600,35.1,0.461,34.8,25.0,2.21,26.0,23.5,228,14.3,32.0,18,461.04753665507195,4001.41,161.881087519873,PQ35/35
0.2,250,50.0,1.097,50.0,36.1,12.86,32.5,31.5,66,20.0,44.0,11,4513.04753917703,4071.21,54.362004693504296,PQ50/50
0.154,60,32.0,1.367,20.5,11.5,3.61,22.0,19.0,149,13.4,27.5,35,12202.7838061161,1625.96,213.802200810337,PQ32/20
0.085,150,26.5,1.23,20.2,11.5,1.15,19.0,15.5,493,12.0,22.5,31,2370.76918200235,488.545,147.887414006226,PQ26/20
0.079,40,20.5,1.918,16.2,10.3,0.87,14.0,12.5,559,8.8,18.0,67,3038.35372191769,552.626,280.260644553784,PQ20/16
0.087,350,32.0,2.365,20.5,11.5,3.95,22.0,19.0,464,13.4,27.5,19,11953.7567670221,988.201,39.9423627396558,PQ32/20
0.101,120,32.0,1.956,30.4,21.3,5.13,22.0,19.0,345,13.4,27.5,23,8383.4277119916,4939.46,71.8018374987269,PQ32/30
0.16,150,35.1,0.995,34.8,25.0,5.15,26.0,23.5,138,14.3,32.0,17,3558.12340612656,2369.37,76.4308842100319,PQ35/35
0.082,150,32.0,1.638,30.4,21.3,1.98,22.0,19.0,528,13.4,27.5,26,2346.79422600671,1733.92,105.468577236489,PQ32/30
0.13,40,26.5,0.439,24.8,16.1,0.7,19.0,15.5,210,12.0,22.5,58,1266.80336972702,1910.36,1259.1650395239,PQ26/25
0.105,150,20.5,0.294,16.2,10.3,1.75,14.0,12.5,321,8.8,18.0,10,182.838376225698,504.599,29.6907240743649,PQ20/16
0.124,150,40.5,1.394,30.3,20.0,9.5,28.0,28.0,228,14.9,37.0,14,7178.49240069264,7932.1,42.5622664524663,PQ40/30
0.127,100,20.5,0.452,20.2,14.3,3.15,14.0,12.5,220,8.8,18.0,13,700.490512396941,1141.57,35.0373425213141,PQ20/20
0.097,300,32.0,0.864,20.5,11.5,3.22,22.0,19.0,378,13.4,27.5,16,4819.97580186288,2357.76,65.5685093676415,PQ32/20
0.126,60,40.5,1.567,39.8,29.5,1.48,28.0,28.0,222,14.9,37.0,93,14181.9658403165,8985.22,1749.0883423733799,PQ40/40
0.156,40,32.0,1.132,30.4,21.3,1.85,22.0,19.0,145,13.4,27.5,53,4694.38526516269,1907.47,589.2827189276679,PQ32/30
0.098,300,50.0,2.002,40.0,26.1,11.28,32.0,31.5,366,20.0,44.0,10,6926.91340573744,11595.8,27.113739045767097,PQ50/40
0.097,50,20.5,0.896,16.2,10.3,1.71,14.0,12.5,378,8.8,18.0,30,1592.17887741366,982.264,104.50160391821,PQ20/16
0.096,300,32.0,1.4,30.4,21.3,6.75,22.0,19.0,383,13.4,27.5,13,6760.24221883755,5458.88,29.888671994114,PQ32/30
0.108,180,32.0,2.497,20.5,11.5,6.66,22.0,19.0,302,13.4,27.5,22,27038.5291922177,2370.84,51.2026254980454,PQ32/20
0.091,10,16.4,0.643,11.6,6.7,0.53,11.2,9.6,429,7.0,14.4,38,134.76163513039998,98.0637,144.293109918705,PQ16/11.6
0.079,250,26.5,1.914,20.2,11.5,3.04,19.0,15.5,570,12.0,22.5,20,6858.9196262973,1007.98,42.484396841815006,PQ26/20
0.081,30,16.4,1.601,11.6,6.7,0.62,11.2,9.6,540,7.0,14.4,73,2150.35557789768,170.925,250.95630238074398,PQ16/11.6
0.131,400,50.0,2.302,40.0,26.1,16.62,32.0,31.5,205,20.0,44.0,12,32018.7690284321,13107.7,34.9440161383707,PQ50/40
0.107,200,26.5,1.68,20.2,11.5,7.56,19.0,15.5,310,12.0,22.5,13,9701.12845123612,1580.82,20.0186995136396,PQ26/20
0.2,100,32.0,0.297,20.5,11.5,4.09,22.0,19.0,57,13.4,27.5,9,217.371214285692,349.731,52.6759825985005,PQ32/20
0.2,50,40.5,1.707,39.8,29.5,5.0,28.0,28.0,56,14.9,37.0,43,5787.3670541172,1898.44,350.690101934179,PQ40/40
0.095,120,16.4,0.347,11.6,6.7,1.99,11.2,9.6,393,7.0,14.4,11,350.947128505946,416.30899999999997,20.3456957647141,PQ16/11.6
0.096,80,16.4,0.67,11.6,6.7,3.24,11.2,9.6,380,7.0,14.4,12,814.350779902819,411.82800000000003,13.9000338448656,PQ16/11.6
0.077,600,26.5,2.125,20.2,11.5,7.03,19.0,15.5,597,12.0,22.5,9,7710.16962154014,954.6400000000001,7.87713668025263,PQ26/20
0.198,250,65.0,1.732,60.0,42.0,9.33,45.0,40.8,90,26.0,55.0,21,26490.779570450002,10025.6,218.513781833033,PQ65/60
0.102,180,26.5,2.005,24.8,16.1,5.73,19.0,15.5,336,12.0,22.5,22,18037.9010372515,3301.05,51.1902717958134,PQ26/25
0.131,250,40.5,2.283,39.8,29.5,10.31,28.0,28.0,206,14.9,37.0,20,27349.469455414303,10716.4,60.9310483728737,PQ40/40
0.078,600,40.5,0.894,39.8,29.5,2.1,28.0,28.0,321,14.9,37.0,24,1544.89212419955,4011.1299999999997,180.561460598091,PQ40/40
0.089,10,35.1,1.648,34.8,25.0,5.12,26.0,23.5,450,14.3,32.0,10,2961.66194074196,1765.89,17.7148099794225,PQ35/35
0.088,50,20.5,1.807,16.2,10.3,2.62,14.0,12.5,460,8.8,18.0,20,1117.9048147903,328.648,26.2233141909793,PQ20/16
0.089,100,26.5,2.148,24.8,16.1,1.33,19.0,15.5,444,12.0,22.5,50,6275.88531612692,879.706,249.969304554105,PQ26/25
0.098,250,26.5,1.805,24.8,16.1,6.58,19.0,15.5,364,12.0,22.5,17,15536.561782644,3467.61,33.2754552603326,PQ26/25
0.086,100,16.4,1.287,11.6,6.7,2.91,11.2,9.6,476,7.0,14.4,14,1194.9161677582401,169.036,11.0615653455823,PQ16/11.6
0.139,180,35.1,1.587,34.8,25.0,9.01,26.0,23.5,182,14.3,32.0,15,8659.29408755909,4666.4,41.1097969864951,PQ35/35
0.089,50,107.0,1.212,87.0,56.0,3.39,70.0,72.5,444,41.0,93.7,11,889.85649353243,16145.3,186.246021448318,PQ107/87
0.082,300,20.5,0.721,20.2,14.3,2.87,14.0,12.5,523,8.8,18.0,8,390.526431896974,440.098,9.03379548065249,PQ20/20
0.09,150,65.0,0.594,60.0,42.0,1.66,45.0,40.8,435,26.0,55.0,11,109.412580118287,3747.71,147.279740204814,PQ65/60
0.131,500,107.0,2.141,87.0,56.0,3.5,70.0,72.5,143,41.0,93.7,57,51707.6869619559,47911.9,3094.09419346506,PQ107/87
0.2,200,32.0,0.349,20.5,11.5,6.6,22.0,19.0,68,13.4,27.5,6,437.040438519909,401.361,20.2733566380878,PQ32/20
0.127,60,35.1,1.314,34.8,25.0,11.17,26.0,23.5,218,14.3,32.0,10,2417.87457423411,5776.62,21.1997219167547,PQ35/35
0.113,10,26.5,2.434,20.2,11.5,0.82,19.0,15.5,278,12.0,22.5,169,11669.1755015769,1420.8,2476.7715607853,PQ26/20
0.05,500,16.4,0.262,11.6,6.7,0.76,11.2,9.6,575,7.0,14.4,10,27.2833637826665,96.9919,21.3883728909083,PQ16/11.6
0.174,500,65.0,1.681,60.0,42.0,9.93,45.0,40.8,117,26.0,55.0,15,21964.6545803834,8560.87,114.174763893917,PQ65/60
0.153,120,50.0,1.942,40.0,26.1,4.56,32.0,31.5,150,20.0,44.0,39,25207.9627169806,7861.34,423.073023261764,PQ50/40
0.082,60,32.0,2.381,20.5,11.5,5.12,22.0,19.0,526,13.4,27.5,15,2448.4291416952,1313.18,24.72994966622,PQ32/20
0.096,10,40.5,1.241,39.8,29.5,3.61,28.0,28.0,385,14.9,37.0,20,2939.8422061973,7236.44,96.8355348775603,PQ40/40
0.121,400,50.0,1.355,50.0,36.1,5.59,32.5,31.5,241,20.0,44.0,21,16136.6795815969,17349.1,166.800599903258,PQ50/50
0.081,30,16.4,1.979,11.6,6.7,0.97,11.2,9.6,544,7.0,14.4,60,2837.04347163464,212.293,141.87829548251398,PQ16/11.6
0.079,120,20.5,1.716,16.2,10.3,2.84,14.0,12.5,565,8.8,18.0,18,2006.46025292858,503.475,22.1538868145809,PQ20/16
0.082,80,35.1,1.858,34.8,25.0,0.92,26.0,23.5,520,14.3,32.0,61,2620.52479623012,2299.38,600.765211546444,PQ35/35
0.107,20,20.5,2.224,20.2,14.3,1.32,14.0,12.5,311,8.8,18.0,99,9163.38823981827,1670.81,568.304049531214,PQ20/20
0.119,500,40.5,1.68,39.8,29.5,8.11,28.0,28.0,251,14.9,37.0,13,9758.41882090457,4920.95,32.388260090958,PQ40/40
0.2,200,65.0,2.112,60.0,42.0,16.16,45.0,40.8,46,26.0,55.0,15,6888.5766891432895,3360.85,94.9348323474532,PQ65/60
